#ifndef POLANIE_ICONS_H
#define POLANIE_ICONS_H

unsigned int game_bmp_len = 17118;
unsigned char game_bmp[]  = {
  0x42, 0x4d, 0xde, 0x42, 0x00, 0x00, 0x00, 0x00, 0x00, 0x00, 0x8a, 0x00, 0x00, 0x00, 0x7c, 0x00,
  0x00, 0x00, 0x40, 0x00, 0x00, 0x00, 0x40, 0x00, 0x00, 0x00, 0x01, 0x00, 0x20, 0x00, 0x03, 0x00,
  0x00, 0x00, 0x00, 0x40, 0x00, 0x00, 0x13, 0x0b, 0x00, 0x00, 0x13, 0x0b, 0x00, 0x00, 0x00, 0x00,
  0x00, 0x00, 0x00, 0x00, 0x00, 0x00, 0x00, 0x00, 0xff, 0x00, 0x00, 0xff, 0x00, 0x00, 0xff, 0x00,
  0x00, 0x00, 0x00, 0x00, 0x00, 0xff, 0x44, 0x45, 0x42, 0x4d, 0x00, 0x00, 0x00, 0x00, 0x00, 0x00,
  0x00, 0x00, 0x00, 0x00, 0x00, 0x00, 0x00, 0x00, 0x00, 0x00, 0x00, 0x00, 0x00, 0x00, 0x00, 0x00,
  0x00, 0x00, 0x00, 0x00, 0x00, 0x00, 0x00, 0x00, 0x00, 0x00, 0x00, 0x00, 0x00, 0x00, 0x00, 0x00,
  0x00, 0x00, 0x00, 0x00, 0x00, 0x00, 0x00, 0x00, 0x00, 0x00, 0x04, 0x00, 0x00, 0x00, 0x7c, 0x40,
  0x00, 0x00, 0x54, 0x02, 0x00, 0x00, 0x00, 0x00, 0x00, 0x00, 0x00, 0x00, 0x00, 0x00, 0x00, 0x00,
  0x00, 0x00, 0x00, 0x00, 0x00, 0x00, 0x00, 0x00, 0x00, 0x00, 0x00, 0x00, 0x00, 0x00, 0x00, 0x00,
  0x00, 0x00, 0x00, 0x00, 0x00, 0x00, 0x00, 0x00, 0x00, 0x00, 0x00, 0x00, 0x00, 0x00, 0x00, 0x00,
  0x00, 0x00, 0x00, 0x00, 0x00, 0x00, 0x00, 0x00, 0x00, 0x00, 0x00, 0x00, 0x00, 0x00, 0x00, 0x00,
  0x00, 0x00, 0x00, 0x00, 0x00, 0x00, 0x00, 0x00, 0x00, 0x00, 0x00, 0x00, 0x00, 0x00, 0x00, 0x00,
  0x00, 0x00, 0x00, 0x00, 0x00, 0x00, 0x00, 0x00, 0x00, 0x00, 0x00, 0x00, 0x00, 0x00, 0x00, 0x00,
  0x00, 0x00, 0x00, 0x00, 0x00, 0x00, 0x00, 0x00, 0x00, 0x00, 0x00, 0x00, 0x00, 0x00, 0x00, 0x00,
  0x00, 0x00, 0x00, 0x00, 0x00, 0x00, 0x00, 0x00, 0x00, 0x00, 0x00, 0x00, 0x00, 0x00, 0x00, 0x00,
  0x00, 0x00, 0x00, 0x00, 0x00, 0x00, 0x00, 0x00, 0x00, 0x00, 0x00, 0x00, 0x00, 0x00, 0x00, 0x00,
  0x00, 0x00, 0x00, 0x00, 0x00, 0x00, 0x00, 0x00, 0x00, 0x00, 0x00, 0x00, 0x00, 0x00, 0x00, 0x00,
  0x00, 0x00, 0x00, 0x00, 0x00, 0x00, 0x00, 0x00, 0x00, 0x00, 0x00, 0x00, 0x00, 0x00, 0x00, 0x00,
  0x00, 0x00, 0x00, 0x00, 0x00, 0x00, 0x00, 0x00, 0x00, 0x00, 0x00, 0x00, 0x00, 0x00, 0x00, 0x00,
  0x00, 0x00, 0x00, 0x00, 0x00, 0x00, 0x00, 0x00, 0x00, 0x00, 0x00, 0x00, 0x00, 0x00, 0x00, 0x00,
  0x00, 0x00, 0x00, 0x00, 0x00, 0x00, 0x00, 0x00, 0x00, 0x00, 0x00, 0x00, 0x00, 0x00, 0x00, 0x00,
  0x00, 0x00, 0x00, 0x00, 0x00, 0x00, 0x00, 0x00, 0x00, 0x00, 0x00, 0x00, 0x00, 0x00, 0x00, 0x00,
  0x00, 0x00, 0x00, 0x00, 0x00, 0x00, 0x00, 0x00, 0x00, 0x00, 0x00, 0x00, 0x00, 0x00, 0x00, 0x00,
  0x00, 0x00, 0x00, 0x00, 0x00, 0x00, 0x00, 0x00, 0x00, 0x00, 0x00, 0x00, 0x00, 0x00, 0x00, 0x00,
  0x00, 0x00, 0x00, 0x00, 0x00, 0x00, 0x00, 0x00, 0x00, 0x00, 0x00, 0x00, 0x00, 0x00, 0x00, 0x00,
  0x00, 0x00, 0x00, 0x00, 0x00, 0x00, 0x00, 0x00, 0x00, 0x00, 0x00, 0x00, 0x00, 0x00, 0x00, 0x00,
  0x00, 0x00, 0x00, 0x00, 0x00, 0x00, 0x00, 0x00, 0x00, 0x00, 0x00, 0x00, 0x00, 0x00, 0x00, 0x00,
  0x00, 0x00, 0x00, 0x00, 0x00, 0x00, 0x00, 0x00, 0x00, 0x00, 0x00, 0x00, 0x00, 0x00, 0x00, 0x00,
  0x00, 0x00, 0x00, 0x00, 0x00, 0x00, 0x00, 0x00, 0x00, 0x00, 0x00, 0x00, 0x00, 0x00, 0x00, 0x00,
  0x00, 0x00, 0x00, 0x00, 0x00, 0x00, 0x00, 0x00, 0x00, 0x00, 0x00, 0x00, 0x00, 0x00, 0x00, 0x00,
  0x00, 0x00, 0x00, 0x00, 0x00, 0x00, 0x00, 0x00, 0x00, 0x00, 0x00, 0x00, 0x00, 0x00, 0x00, 0x00,
  0x00, 0x00, 0x00, 0x00, 0x00, 0x00, 0x00, 0x00, 0x00, 0x00, 0x00, 0x00, 0x00, 0x00, 0x00, 0x00,
  0x00, 0x00, 0x00, 0x00, 0x00, 0x00, 0x00, 0x00, 0x00, 0x00, 0x00, 0x00, 0x00, 0x00, 0x00, 0x00,
  0x00, 0x00, 0x00, 0x00, 0x00, 0x00, 0x00, 0x00, 0x00, 0x00, 0x00, 0x00, 0x00, 0x00, 0x00, 0x00,
  0x00, 0x00, 0x00, 0x00, 0x00, 0x00, 0x00, 0x00, 0x00, 0x00, 0x00, 0x00, 0x00, 0x00, 0x00, 0x00,
  0x00, 0x00, 0x00, 0x00, 0x00, 0x00, 0x00, 0x00, 0x00, 0x00, 0x00, 0x00, 0x00, 0x00, 0x00, 0x00,
  0x00, 0x00, 0x00, 0x00, 0x00, 0x00, 0x00, 0x00, 0x00, 0x00, 0x00, 0x00, 0x00, 0x00, 0x00, 0x00,
  0x00, 0x00, 0x00, 0x00, 0x00, 0x00, 0x00, 0x00, 0x00, 0x00, 0x00, 0x00, 0x00, 0x00, 0x00, 0x00,
  0x00, 0x00, 0x00, 0x00, 0x00, 0x00, 0x00, 0x00, 0x00, 0x00, 0x00, 0x00, 0x00, 0x00, 0x00, 0x00,
  0x00, 0x00, 0x00, 0x00, 0x00, 0x00, 0x00, 0x00, 0x00, 0x00, 0x00, 0x00, 0x00, 0x00, 0x00, 0x00,
  0x00, 0x00, 0x00, 0x00, 0x00, 0x00, 0x00, 0x00, 0x00, 0x00, 0x00, 0x00, 0x00, 0x00, 0x00, 0x00,
  0x00, 0x00, 0x00, 0x00, 0x00, 0x00, 0x00, 0x00, 0x00, 0x00, 0x00, 0x00, 0x00, 0x00, 0x00, 0x00,
  0x00, 0x00, 0x00, 0x00, 0x00, 0x00, 0x00, 0x00, 0x00, 0x00, 0x00, 0x00, 0x00, 0x00, 0x00, 0x00,
  0x00, 0x00, 0x00, 0x00, 0x00, 0x00, 0x00, 0x00, 0x00, 0x00, 0x00, 0x00, 0x00, 0x00, 0x00, 0x00,
  0x00, 0x00, 0x00, 0x00, 0x00, 0x00, 0x00, 0x00, 0x00, 0x00, 0x00, 0x00, 0x00, 0x00, 0x00, 0x00,
  0x00, 0x00, 0x00, 0x00, 0x00, 0x00, 0x00, 0x00, 0x00, 0x00, 0x00, 0x00, 0x00, 0x00, 0x00, 0x00,
  0x00, 0x00, 0x00, 0x00, 0x00, 0x00, 0x00, 0x00, 0x00, 0x00, 0x00, 0x00, 0x00, 0x00, 0x00, 0x00,
  0x00, 0x00, 0x00, 0x00, 0x00, 0x00, 0x00, 0x00, 0x00, 0x00, 0x00, 0x00, 0x00, 0x00, 0x00, 0x00,
  0x00, 0x00, 0x00, 0x00, 0x00, 0x00, 0x00, 0x00, 0x00, 0x00, 0x00, 0x00, 0x00, 0x00, 0x00, 0x00,
  0x00, 0x00, 0x00, 0x00, 0x00, 0x00, 0x00, 0x00, 0x00, 0x00, 0x00, 0x00, 0x00, 0x00, 0x00, 0x00,
  0x00, 0x00, 0x00, 0x00, 0x00, 0x00, 0x00, 0x00, 0x00, 0x00, 0x00, 0x00, 0x00, 0x00, 0x00, 0x00,
  0x00, 0x00, 0x00, 0x00, 0x00, 0x00, 0x00, 0x00, 0x00, 0x00, 0x00, 0x00, 0x00, 0x00, 0x00, 0x00,
  0x00, 0x00, 0x00, 0x00, 0x00, 0x00, 0x00, 0x00, 0x00, 0x00, 0x00, 0x00, 0x00, 0x00, 0x00, 0x00,
  0x00, 0x00, 0x00, 0x00, 0x00, 0x00, 0x00, 0x00, 0x00, 0x00, 0x00, 0x00, 0x00, 0x00, 0x00, 0x00,
  0x00, 0x00, 0x00, 0x00, 0x00, 0x00, 0x00, 0x00, 0x00, 0x00, 0x00, 0x00, 0x00, 0x00, 0x00, 0x00,
  0x00, 0x00, 0x00, 0x00, 0x00, 0x00, 0x00, 0x00, 0x00, 0x00, 0x00, 0x00, 0x00, 0x00, 0x00, 0x00,
  0x00, 0x00, 0x00, 0x00, 0x00, 0x00, 0x00, 0x00, 0x00, 0x00, 0x00, 0x00, 0x00, 0x00, 0x00, 0x00,
  0x00, 0x00, 0x00, 0x00, 0x00, 0x00, 0x00, 0x00, 0x00, 0x00, 0x00, 0x00, 0x00, 0x00, 0x00, 0x00,
  0x00, 0x00, 0x00, 0x00, 0x00, 0x00, 0x00, 0x00, 0x00, 0x00, 0x00, 0x00, 0x00, 0x00, 0x00, 0x00,
  0x00, 0x00, 0x00, 0x00, 0x00, 0x00, 0x00, 0x00, 0x00, 0x00, 0x00, 0x00, 0x00, 0x00, 0x00, 0x00,
  0x00, 0x00, 0x00, 0x00, 0x00, 0x00, 0x00, 0x00, 0x00, 0x00, 0x00, 0x00, 0x00, 0x00, 0x00, 0x00,
  0x00, 0x00, 0x00, 0x00, 0x00, 0x00, 0x00, 0x00, 0x00, 0x00, 0x00, 0x00, 0x00, 0x00, 0x00, 0x00,
  0x00, 0x00, 0x00, 0x00, 0x00, 0x00, 0x00, 0x00, 0x00, 0x00, 0x00, 0x00, 0x00, 0x00, 0x00, 0x00,
  0x00, 0x00, 0x00, 0x00, 0x00, 0x00, 0x00, 0x00, 0x00, 0x00, 0x00, 0x00, 0x00, 0x00, 0x00, 0x00,
  0x00, 0x00, 0x00, 0x00, 0x00, 0x00, 0x00, 0x00, 0x00, 0x00, 0x00, 0x00, 0x00, 0x00, 0x00, 0x00,
  0x00, 0x00, 0x00, 0x00, 0x00, 0x00, 0x00, 0x00, 0x00, 0x00, 0x00, 0x00, 0x00, 0x00, 0x00, 0x00,
  0x00, 0x00, 0x00, 0x00, 0x00, 0x00, 0x00, 0x00, 0x00, 0x00, 0x00, 0x00, 0x00, 0x00, 0x00, 0x00,
  0x00, 0x00, 0x00, 0x00, 0x00, 0x00, 0x00, 0x00, 0x00, 0x00, 0x00, 0x00, 0x00, 0x00, 0x00, 0x00,
  0x00, 0x00, 0x00, 0x00, 0x00, 0x00, 0x00, 0x00, 0x00, 0x00, 0x00, 0x00, 0x00, 0x00, 0x00, 0x00,
  0x00, 0x00, 0x00, 0x00, 0x00, 0x00, 0x00, 0x00, 0x00, 0x00, 0x00, 0x00, 0x00, 0x00, 0x00, 0x00,
  0x00, 0x00, 0x00, 0x00, 0x00, 0x00, 0x00, 0x00, 0x00, 0x00, 0x00, 0x00, 0x00, 0x00, 0x00, 0x00,
  0x00, 0x00, 0x00, 0x00, 0x00, 0x00, 0x00, 0x00, 0x00, 0x00, 0x00, 0x00, 0x00, 0x00, 0x00, 0x00,
  0x00, 0x00, 0x00, 0x00, 0x00, 0x00, 0x00, 0x00, 0x00, 0x00, 0x00, 0x00, 0x00, 0x00, 0x00, 0x00,
  0x00, 0x00, 0x00, 0x00, 0x00, 0x00, 0x00, 0x00, 0x00, 0x00, 0x00, 0x00, 0x00, 0x00, 0x00, 0x00,
  0x00, 0x00, 0x00, 0x00, 0x00, 0x00, 0x00, 0x00, 0x00, 0x00, 0x00, 0x00, 0x00, 0x00, 0x00, 0x00,
  0x00, 0x00, 0x00, 0x00, 0x00, 0x00, 0x00, 0x00, 0x00, 0x00, 0x00, 0x00, 0x00, 0x00, 0x00, 0x00,
  0x00, 0x00, 0x00, 0x00, 0x00, 0x00, 0x00, 0x00, 0x00, 0x00, 0x00, 0x00, 0x00, 0x00, 0x00, 0x00,
  0x00, 0x00, 0x00, 0x00, 0x00, 0x00, 0x00, 0x00, 0x00, 0x00, 0x00, 0x00, 0x00, 0x00, 0x00, 0x00,
  0x00, 0x00, 0x00, 0x00, 0x00, 0x00, 0x00, 0x00, 0x00, 0x00, 0x00, 0x00, 0x00, 0x00, 0x00, 0x00,
  0x00, 0x00, 0x00, 0x00, 0x00, 0x00, 0x00, 0x00, 0x00, 0x00, 0x00, 0x00, 0x00, 0x00, 0x00, 0x00,
  0x00, 0x00, 0x00, 0x00, 0x00, 0x00, 0x00, 0x00, 0x00, 0x00, 0x00, 0x00, 0x00, 0x00, 0x00, 0x00,
  0x00, 0x00, 0x00, 0x00, 0x00, 0x00, 0x00, 0x00, 0x00, 0x00, 0x00, 0x00, 0x00, 0x00, 0x00, 0x00,
  0x00, 0x00, 0x00, 0x00, 0x00, 0x00, 0x00, 0x00, 0x00, 0x00, 0x00, 0x00, 0x00, 0x00, 0x00, 0x00,
  0x00, 0x00, 0x00, 0x00, 0x00, 0x00, 0x00, 0x00, 0x00, 0x00, 0x00, 0x00, 0x00, 0x00, 0x00, 0x00,
  0x00, 0x00, 0x00, 0x00, 0x00, 0x00, 0x00, 0x00, 0x00, 0x00, 0x00, 0x00, 0x00, 0x00, 0x00, 0x00,
  0x00, 0x00, 0x00, 0x00, 0x00, 0x00, 0x00, 0x00, 0x00, 0x00, 0x00, 0x00, 0x00, 0x00, 0x00, 0x00,
  0x00, 0x00, 0x00, 0x00, 0x00, 0x00, 0x00, 0x00, 0x00, 0x00, 0x00, 0x00, 0x00, 0x00, 0x00, 0x00,
  0x00, 0x00, 0x00, 0x00, 0x00, 0x00, 0x00, 0x00, 0x00, 0x00, 0x00, 0x00, 0x00, 0x00, 0x00, 0x00,
  0x00, 0x00, 0x00, 0x00, 0x00, 0x00, 0x00, 0x00, 0x00, 0x00, 0x00, 0x00, 0x00, 0x00, 0x00, 0x00,
  0x00, 0x00, 0x00, 0x00, 0x00, 0x00, 0x00, 0x00, 0x00, 0x00, 0x00, 0x00, 0x00, 0x00, 0x00, 0x00,
  0x00, 0x00, 0x00, 0x00, 0x00, 0x00, 0x00, 0x00, 0x00, 0x00, 0x00, 0x00, 0x00, 0x00, 0x00, 0x00,
  0x00, 0x00, 0x00, 0x00, 0x00, 0x00, 0x00, 0x00, 0x00, 0x00, 0x00, 0x00, 0x00, 0x00, 0x00, 0x00,
  0x00, 0x00, 0x00, 0x00, 0x00, 0x00, 0x00, 0x00, 0x00, 0x00, 0x00, 0x00, 0x00, 0x00, 0x00, 0x00,
  0x00, 0x00, 0x00, 0x00, 0x00, 0x00, 0x00, 0x00, 0x00, 0x00, 0x00, 0x00, 0x00, 0x00, 0x00, 0x00,
  0x00, 0x00, 0x00, 0x00, 0x00, 0x00, 0x00, 0x00, 0x00, 0x00, 0x00, 0x00, 0x00, 0x00, 0x00, 0x00,
  0x00, 0x00, 0x00, 0x00, 0x00, 0x00, 0x00, 0x00, 0x00, 0x00, 0x00, 0x00, 0x00, 0x00, 0x00, 0x00,
  0x00, 0x00, 0x00, 0x00, 0x00, 0x00, 0x00, 0x00, 0x00, 0x00, 0x00, 0x00, 0x00, 0x00, 0x00, 0x00,
  0x00, 0x00, 0x00, 0x00, 0x00, 0x00, 0x00, 0x00, 0x00, 0x00, 0x00, 0x00, 0x00, 0x00, 0x00, 0x00,
  0x00, 0x00, 0x00, 0x00, 0x00, 0x00, 0x00, 0x00, 0x00, 0x00, 0x00, 0x00, 0x00, 0x00, 0x00, 0x00,
  0x00, 0x00, 0x00, 0x00, 0x00, 0x00, 0x00, 0x00, 0x00, 0x00, 0x00, 0x00, 0x00, 0x00, 0x00, 0x00,
  0x00, 0x00, 0x00, 0x00, 0x00, 0x00, 0x00, 0x00, 0x00, 0x00, 0x00, 0x00, 0x00, 0x00, 0x00, 0x00,
  0x00, 0x00, 0x00, 0x00, 0x00, 0x00, 0x00, 0x00, 0x00, 0x00, 0x00, 0x00, 0x00, 0x00, 0x00, 0x00,
  0x00, 0x00, 0x00, 0x00, 0x00, 0x00, 0x00, 0x00, 0x00, 0x00, 0x00, 0x00, 0x00, 0x00, 0x00, 0x00,
  0x00, 0x00, 0x00, 0x00, 0x00, 0x00, 0x00, 0x00, 0x00, 0x00, 0x00, 0x00, 0x00, 0x00, 0x00, 0x00,
  0x00, 0x00, 0x00, 0x00, 0x00, 0x00, 0x00, 0x00, 0x00, 0x00, 0x00, 0x00, 0x00, 0x00, 0x00, 0x00,
  0x00, 0x00, 0x00, 0x00, 0x00, 0x00, 0x02, 0x2c, 0x04, 0x00, 0x02, 0x2c, 0x04, 0x32, 0x02, 0x2c,
  0x04, 0x65, 0x02, 0x2c, 0x04, 0x63, 0x02, 0x2c, 0x04, 0x63, 0x02, 0x2c, 0x04, 0x63, 0x02, 0x2c,
  0x04, 0x63, 0x02, 0x2c, 0x04, 0x63, 0x02, 0x2c, 0x04, 0x63, 0x02, 0x2c, 0x04, 0x63, 0x02, 0x2c,
  0x04, 0x63, 0x02, 0x2c, 0x04, 0x63, 0x02, 0x2c, 0x04, 0x63, 0x02, 0x2c, 0x04, 0x63, 0x02, 0x2c,
  0x04, 0x63, 0x02, 0x2c, 0x04, 0x63, 0x02, 0x2c, 0x04, 0x63, 0x02, 0x2c, 0x04, 0x63, 0x02, 0x2c,
  0x04, 0x63, 0x02, 0x2c, 0x04, 0x63, 0x02, 0x2c, 0x04, 0x63, 0x02, 0x2c, 0x04, 0x63, 0x02, 0x2c,
  0x04, 0x63, 0x02, 0x2c, 0x04, 0x63, 0x02, 0x2c, 0x04, 0x63, 0x02, 0x2c, 0x04, 0x63, 0x02, 0x2c,
  0x04, 0x63, 0x02, 0x2c, 0x04, 0x63, 0x02, 0x2c, 0x04, 0x63, 0x02, 0x2c, 0x04, 0x63, 0x02, 0x2c,
  0x04, 0x64, 0x02, 0x25, 0x03, 0x61, 0x01, 0x19, 0x02, 0x1c, 0x01, 0x19, 0x02, 0x00, 0x00, 0x00,
  0x00, 0x00, 0x00, 0x00, 0x00, 0x00, 0x00, 0x00, 0x00, 0x00, 0x00, 0x00, 0x00, 0x00, 0x00, 0x00,
  0x00, 0x00, 0x00, 0x00, 0x00, 0x00, 0x00, 0x00, 0x00, 0x00, 0x00, 0x00, 0x00, 0x00, 0x00, 0x00,
  0x00, 0x00, 0x00, 0x00, 0x00, 0x00, 0x00, 0x00, 0x00, 0x00, 0x00, 0x00, 0x00, 0x00, 0x00, 0x00,
  0x00, 0x00, 0x00, 0x00, 0x00, 0x00, 0x00, 0x00, 0x00, 0x00, 0x00, 0x00, 0x00, 0x00, 0x00, 0x00,
  0x00, 0x00, 0x00, 0x00, 0x00, 0x00, 0x00, 0x00, 0x00, 0x00, 0x00, 0x00, 0x00, 0x00, 0x00, 0x00,
  0x00, 0x00, 0x00, 0x00, 0x00, 0x00, 0x00, 0x00, 0x00, 0x00, 0x00, 0x00, 0x00, 0x00, 0x00, 0x00,
  0x00, 0x00, 0x00, 0x00, 0x00, 0x00, 0x00, 0x00, 0x00, 0x00, 0x00, 0x00, 0x00, 0x00, 0x00, 0x00,
  0x00, 0x00, 0x00, 0x00, 0x00, 0x00, 0x02, 0x2c, 0x04, 0x00, 0x02, 0x2c, 0x04, 0x80, 0x02, 0x2c,
  0x04, 0xff, 0x02, 0x2c, 0x04, 0xff, 0x02, 0x2c, 0x04, 0xff, 0x02, 0x2c, 0x04, 0xff, 0x02, 0x2c,
  0x04, 0xff, 0x02, 0x2c, 0x04, 0xff, 0x02, 0x2c, 0x04, 0xff, 0x02, 0x2c, 0x04, 0xff, 0x02, 0x2c,
  0x04, 0xff, 0x02, 0x2c, 0x04, 0xff, 0x02, 0x2c, 0x04, 0xff, 0x02, 0x2c, 0x04, 0xff, 0x02, 0x2c,
  0x04, 0xff, 0x02, 0x2c, 0x04, 0xff, 0x02, 0x2c, 0x04, 0xff, 0x02, 0x2c, 0x04, 0xff, 0x02, 0x2c,
  0x04, 0xff, 0x02, 0x2c, 0x04, 0xff, 0x02, 0x2c, 0x04, 0xff, 0x02, 0x2c, 0x04, 0xff, 0x02, 0x2c,
  0x04, 0xff, 0x02, 0x2c, 0x04, 0xff, 0x02, 0x2c, 0x04, 0xff, 0x02, 0x2c, 0x04, 0xff, 0x02, 0x2c,
  0x04, 0xff, 0x02, 0x2c, 0x04, 0xff, 0x02, 0x2c, 0x04, 0xff, 0x02, 0x2c, 0x04, 0xff, 0x02, 0x2c,
  0x04, 0xff, 0x02, 0x25, 0x03, 0xf9, 0x01, 0x19, 0x02, 0x49, 0x01, 0x19, 0x02, 0x00, 0x00, 0x00,
  0x00, 0x00, 0x00, 0x00, 0x00, 0x00, 0x00, 0x00, 0x00, 0x00, 0x00, 0x00, 0x00, 0x00, 0x00, 0x00,
  0x00, 0x00, 0x00, 0x00, 0x00, 0x00, 0x00, 0x00, 0x00, 0x00, 0x00, 0x00, 0x00, 0x00, 0x00, 0x00,
  0x00, 0x00, 0x00, 0x00, 0x00, 0x00, 0x00, 0x00, 0x00, 0x00, 0x00, 0x00, 0x00, 0x00, 0x00, 0x00,
  0x00, 0x00, 0x00, 0x00, 0x00, 0x00, 0x00, 0x00, 0x00, 0x00, 0x00, 0x00, 0x00, 0x00, 0x00, 0x00,
  0x00, 0x00, 0x00, 0x00, 0x00, 0x00, 0x00, 0x00, 0x00, 0x00, 0x00, 0x00, 0x00, 0x00, 0x00, 0x00,
  0x00, 0x00, 0x00, 0x00, 0x00, 0x00, 0x00, 0x00, 0x00, 0x00, 0x00, 0x00, 0x00, 0x00, 0x00, 0x00,
  0x00, 0x00, 0x00, 0x00, 0x00, 0x00, 0x00, 0x00, 0x00, 0x00, 0x00, 0x00, 0x00, 0x00, 0x00, 0x00,
  0x00, 0x00, 0x00, 0x00, 0x00, 0x00, 0x02, 0x2c, 0x04, 0x00, 0x02, 0x2c, 0x04, 0x80, 0x02, 0x2c,
  0x04, 0xff, 0x02, 0x2c, 0x04, 0xff, 0x02, 0x2c, 0x04, 0xff, 0x02, 0x2c, 0x04, 0xff, 0x02, 0x2c,
  0x04, 0xff, 0x02, 0x2c, 0x04, 0xff, 0x02, 0x2c, 0x04, 0xff, 0x02, 0x2c, 0x04, 0xff, 0x02, 0x2c,
  0x04, 0xff, 0x02, 0x2c, 0x04, 0xff, 0x02, 0x2c, 0x04, 0xff, 0x02, 0x2c, 0x04, 0xff, 0x02, 0x2c,
  0x04, 0xff, 0x02, 0x2c, 0x04, 0xff, 0x02, 0x2c, 0x04, 0xff, 0x02, 0x2c, 0x04, 0xff, 0x02, 0x2c,
  0x04, 0xff, 0x02, 0x2c, 0x04, 0xff, 0x02, 0x2c, 0x04, 0xff, 0x02, 0x2c, 0x04, 0xff, 0x02, 0x2c,
  0x04, 0xff, 0x02, 0x2c, 0x04, 0xff, 0x02, 0x2c, 0x04, 0xff, 0x02, 0x2c, 0x04, 0xff, 0x02, 0x2c,
  0x04, 0xff, 0x02, 0x2c, 0x04, 0xff, 0x02, 0x2c, 0x04, 0xff, 0x02, 0x2c, 0x04, 0xff, 0x02, 0x2c,
  0x04, 0xff, 0x02, 0x25, 0x03, 0xf9, 0x01, 0x19, 0x02, 0x49, 0x01, 0x19, 0x02, 0x00, 0x00, 0x00,
  0x00, 0x00, 0x00, 0x00, 0x00, 0x00, 0x00, 0x00, 0x00, 0x00, 0x00, 0x00, 0x00, 0x00, 0x00, 0x00,
  0x00, 0x00, 0x00, 0x00, 0x00, 0x00, 0x00, 0x00, 0x00, 0x00, 0x00, 0x00, 0x00, 0x00, 0x00, 0x00,
  0x00, 0x00, 0x00, 0x00, 0x00, 0x00, 0x00, 0x00, 0x00, 0x00, 0x00, 0x00, 0x00, 0x00, 0x00, 0x00,
  0x00, 0x00, 0x00, 0x00, 0x00, 0x00, 0x00, 0x00, 0x00, 0x00, 0x00, 0x00, 0x00, 0x00, 0x00, 0x00,
  0x00, 0x00, 0x00, 0x00, 0x00, 0x00, 0x00, 0x00, 0x00, 0x00, 0x00, 0x00, 0x00, 0x00, 0x00, 0x00,
  0x00, 0x00, 0x00, 0x00, 0x00, 0x00, 0x00, 0x00, 0x00, 0x00, 0x00, 0x00, 0x00, 0x00, 0x00, 0x00,
  0x00, 0x00, 0x00, 0x00, 0x00, 0x00, 0x00, 0x00, 0x00, 0x00, 0x00, 0x00, 0x00, 0x00, 0x00, 0x00,
  0x00, 0x00, 0x02, 0x27, 0x04, 0x00, 0x02, 0x2e, 0x04, 0x00, 0x02, 0x2c, 0x04, 0x82, 0x02, 0x2c,
  0x04, 0xff, 0x02, 0x2c, 0x04, 0xff, 0x02, 0x2c, 0x04, 0xff, 0x02, 0x2c, 0x04, 0xff, 0x02, 0x2c,
  0x04, 0xff, 0x02, 0x2c, 0x04, 0xff, 0x02, 0x2c, 0x04, 0xff, 0x02, 0x2c, 0x04, 0xff, 0x02, 0x2c,
  0x04, 0xff, 0x02, 0x2c, 0x04, 0xff, 0x02, 0x2c, 0x04, 0xff, 0x02, 0x2c, 0x04, 0xff, 0x02, 0x2c,
  0x04, 0xff, 0x02, 0x2c, 0x04, 0xff, 0x02, 0x2c, 0x06, 0xff, 0x02, 0x2c, 0x06, 0xff, 0x02, 0x2c,
  0x06, 0xff, 0x02, 0x2c, 0x06, 0xff, 0x02, 0x2c, 0x05, 0xff, 0x02, 0x2c, 0x04, 0xff, 0x02, 0x2c,
  0x04, 0xff, 0x02, 0x2c, 0x04, 0xff, 0x02, 0x2c, 0x04, 0xff, 0x02, 0x2c, 0x04, 0xff, 0x02, 0x2c,
  0x04, 0xff, 0x02, 0x2c, 0x04, 0xff, 0x02, 0x2c, 0x05, 0xff, 0x02, 0x2c, 0x07, 0xff, 0x02, 0x2c,
  0x07, 0xff, 0x02, 0x25, 0x05, 0xf9, 0x01, 0x19, 0x03, 0x49, 0x01, 0x1a, 0x03, 0x00, 0x00, 0x00,
  0x00, 0x00, 0x00, 0x00, 0x00, 0x00, 0x00, 0x00, 0x00, 0x00, 0x00, 0x00, 0x00, 0x00, 0x00, 0x00,
  0x00, 0x00, 0x00, 0x00, 0x00, 0x00, 0x00, 0x00, 0x00, 0x00, 0x00, 0x00, 0x00, 0x00, 0x00, 0x00,
  0x00, 0x00, 0x00, 0x00, 0x00, 0x00, 0x00, 0x00, 0x00, 0x00, 0x00, 0x00, 0x00, 0x00, 0x00, 0x00,
  0x00, 0x00, 0x00, 0x00, 0x00, 0x00, 0x00, 0x00, 0x00, 0x00, 0x00, 0x00, 0x00, 0x00, 0x00, 0x00,
  0x00, 0x00, 0x00, 0x00, 0x00, 0x00, 0x00, 0x00, 0x00, 0x00, 0x00, 0x00, 0x00, 0x00, 0x00, 0x00,
  0x00, 0x00, 0x00, 0x00, 0x00, 0x00, 0x00, 0x00, 0x00, 0x00, 0x00, 0x00, 0x00, 0x00, 0x00, 0x00,
  0x00, 0x00, 0x02, 0x2c, 0x04, 0x00, 0x02, 0x2c, 0x04, 0x01, 0x02, 0x2c, 0x04, 0x24, 0x02, 0x2c,
  0x04, 0x33, 0x02, 0x2c, 0x04, 0x30, 0x02, 0x2b, 0x04, 0x4b, 0x02, 0x2b, 0x04, 0xd2, 0x02, 0x2c,
  0x04, 0xff, 0x02, 0x2c, 0x04, 0xff, 0x02, 0x2c, 0x04, 0xff, 0x02, 0x2c, 0x04, 0xff, 0x02, 0x2c,
  0x04, 0xff, 0x02, 0x2c, 0x04, 0xff, 0x02, 0x2c, 0x04, 0xff, 0x02, 0x2c, 0x04, 0xff, 0x02, 0x2c,
  0x04, 0xff, 0x02, 0x2c, 0x04, 0xff, 0x02, 0x2c, 0x04, 0xff, 0x02, 0x2c, 0x04, 0xff, 0x02, 0x2c,
  0x04, 0xff, 0x02, 0x2d, 0x08, 0xff, 0x03, 0x3b, 0x3f, 0xff, 0x03, 0x43, 0x5e, 0xff, 0x03, 0x43,
  0x5e, 0xff, 0x03, 0x42, 0x5c, 0xff, 0x03, 0x37, 0x30, 0xff, 0x02, 0x2c, 0x05, 0xff, 0x02, 0x2c,
  0x04, 0xff, 0x02, 0x2c, 0x04, 0xff, 0x02, 0x2c, 0x04, 0xff, 0x02, 0x2c, 0x04, 0xff, 0x02, 0x2c,
  0x04, 0xff, 0x02, 0x2d, 0x08, 0xff, 0x03, 0x3a, 0x39, 0xff, 0x03, 0x43, 0x5d, 0xff, 0x03, 0x43,
  0x5e, 0xff, 0x03, 0x3c, 0x4e, 0xfb, 0x02, 0x30, 0x26, 0x6d, 0x02, 0x2b, 0x00, 0x2e, 0x02, 0x2b,
  0x04, 0x32, 0x01, 0x20, 0x03, 0x28, 0x01, 0x14, 0x01, 0x03, 0x01, 0x19, 0x02, 0x00, 0x00, 0x00,
  0x00, 0x00, 0x00, 0x00, 0x00, 0x00, 0x00, 0x00, 0x00, 0x00, 0x00, 0x00, 0x00, 0x00, 0x00, 0x00,
  0x00, 0x00, 0x00, 0x00, 0x00, 0x00, 0x00, 0x00, 0x00, 0x00, 0x00, 0x00, 0x00, 0x00, 0x00, 0x00,
  0x00, 0x00, 0x00, 0x00, 0x00, 0x00, 0x00, 0x00, 0x00, 0x00, 0x00, 0x00, 0x00, 0x00, 0x00, 0x00,
  0x00, 0x00, 0x00, 0x00, 0x00, 0x00, 0x00, 0x00, 0x00, 0x00, 0x00, 0x00, 0x00, 0x00, 0x00, 0x00,
  0x00, 0x00, 0x00, 0x00, 0x00, 0x00, 0x00, 0x00, 0x00, 0x00, 0x00, 0x00, 0x00, 0x00, 0x00, 0x00,
  0x00, 0x00, 0x02, 0x2c, 0x04, 0x00, 0x02, 0x2c, 0x04, 0x05, 0x02, 0x2c, 0x04, 0xab, 0x02, 0x2c,
  0x04, 0xf3, 0x02, 0x2c, 0x04, 0xef, 0x02, 0x2c, 0x04, 0xf2, 0x02, 0x2c, 0x04, 0xfe, 0x02, 0x2c,
  0x04, 0xff, 0x02, 0x2c, 0x04, 0xff, 0x02, 0x2c, 0x04, 0xff, 0x02, 0x2c, 0x04, 0xff, 0x02, 0x2c,
  0x04, 0xff, 0x02, 0x2c, 0x04, 0xff, 0x02, 0x2c, 0x04, 0xff, 0x02, 0x2c, 0x04, 0xff, 0x02, 0x2c,
  0x04, 0xff, 0x02, 0x2c, 0x04, 0xff, 0x02, 0x2c, 0x04, 0xff, 0x02, 0x2c, 0x04, 0xff, 0x02, 0x2c,
  0x04, 0xff, 0x02, 0x2d, 0x0a, 0xff, 0x03, 0x44, 0x5d, 0xff, 0x04, 0x51, 0x8d, 0xff, 0x04, 0x50,
  0x8c, 0xff, 0x04, 0x4f, 0x89, 0xff, 0x03, 0x3d, 0x46, 0xff, 0x02, 0x2c, 0x05, 0xff, 0x02, 0x2c,
  0x04, 0xff, 0x02, 0x2c, 0x04, 0xff, 0x02, 0x2c, 0x04, 0xff, 0x02, 0x2c, 0x04, 0xff, 0x02, 0x2c,
  0x04, 0xff, 0x02, 0x2d, 0x09, 0xff, 0x03, 0x41, 0x54, 0xff, 0x04, 0x50, 0x8a, 0xff, 0x04, 0x50,
  0x8b, 0xff, 0x04, 0x49, 0x73, 0xff, 0x02, 0x31, 0x1b, 0xf4, 0x02, 0x2c, 0x03, 0xef, 0x02, 0x2b,
  0x04, 0xf2, 0x01, 0x20, 0x03, 0xc0, 0x01, 0x14, 0x01, 0x0f, 0x01, 0x19, 0x02, 0x00, 0x00, 0x00,
  0x00, 0x00, 0x00, 0x00, 0x00, 0x00, 0x00, 0x00, 0x00, 0x00, 0x00, 0x00, 0x00, 0x00, 0x00, 0x00,
  0x00, 0x00, 0x00, 0x00, 0x00, 0x00, 0x00, 0x00, 0x00, 0x00, 0x00, 0x00, 0x00, 0x00, 0x00, 0x00,
  0x00, 0x00, 0x00, 0x00, 0x00, 0x00, 0x00, 0x00, 0x00, 0x00, 0x00, 0x00, 0x00, 0x00, 0x00, 0x00,
  0x00, 0x00, 0x00, 0x00, 0x00, 0x00, 0x00, 0x00, 0x00, 0x00, 0x00, 0x00, 0x00, 0x00, 0x00, 0x00,
  0x00, 0x00, 0x00, 0x00, 0x00, 0x00, 0x00, 0x00, 0x00, 0x00, 0x00, 0x00, 0x00, 0x00, 0x00, 0x00,
  0x00, 0x00, 0x02, 0x2c, 0x04, 0x00, 0x02, 0x2c, 0x04, 0x06, 0x02, 0x2c, 0x04, 0xb6, 0x02, 0x2c,
  0x04, 0xff, 0x02, 0x2c, 0x04, 0xff, 0x02, 0x2c, 0x04, 0xff, 0x02, 0x2c, 0x04, 0xff, 0x02, 0x2c,
  0x04, 0xff, 0x02, 0x2c, 0x04, 0xff, 0x02, 0x2c, 0x04, 0xff, 0x02, 0x2c, 0x04, 0xff, 0x02, 0x2c,
  0x04, 0xff, 0x02, 0x2c, 0x04, 0xff, 0x02, 0x2c, 0x04, 0xff, 0x02, 0x2c, 0x04, 0xff, 0x02, 0x2c,
  0x04, 0xff, 0x02, 0x2c, 0x04, 0xff, 0x02, 0x2c, 0x04, 0xff, 0x02, 0x2c, 0x04, 0xff, 0x02, 0x2c,
  0x04, 0xff, 0x02, 0x2d, 0x09, 0xff, 0x03, 0x44, 0x5c, 0xff, 0x04, 0x51, 0x8b, 0xff, 0x04, 0x50,
  0x8a, 0xff, 0x04, 0x4f, 0x87, 0xff, 0x03, 0x3d, 0x45, 0xff, 0x02, 0x2c, 0x05, 0xff, 0x02, 0x2c,
  0x04, 0xff, 0x02, 0x2c, 0x04, 0xff, 0x02, 0x2c, 0x04, 0xff, 0x02, 0x2c, 0x04, 0xff, 0x02, 0x2c,
  0x04, 0xff, 0x02, 0x2d, 0x09, 0xff, 0x03, 0x41, 0x52, 0xff, 0x04, 0x4f, 0x88, 0xff, 0x04, 0x4f,
  0x89, 0xff, 0x03, 0x48, 0x70, 0xff, 0x02, 0x31, 0x19, 0xff, 0x02, 0x2c, 0x03, 0xff, 0x02, 0x2b,
  0x04, 0xff, 0x01, 0x20, 0x03, 0xcd, 0x01, 0x14, 0x01, 0x10, 0x01, 0x19, 0x02, 0x00, 0x00, 0x00,
  0x00, 0x00, 0x00, 0x00, 0x00, 0x00, 0x00, 0x00, 0x00, 0x00, 0x00, 0x00, 0x00, 0x00, 0x00, 0x00,
  0x00, 0x00, 0x00, 0x00, 0x00, 0x00, 0x00, 0x00, 0x00, 0x00, 0x00, 0x00, 0x00, 0x00, 0x00, 0x00,
  0x00, 0x00, 0x00, 0x00, 0x00, 0x00, 0x00, 0x00, 0x00, 0x00, 0x00, 0x00, 0x00, 0x00, 0x00, 0x00,
  0x00, 0x00, 0x00, 0x00, 0x00, 0x00, 0x00, 0x00, 0x00, 0x00, 0x00, 0x00, 0x00, 0x00, 0x00, 0x00,
  0x00, 0x00, 0x00, 0x00, 0x00, 0x00, 0x00, 0x00, 0x00, 0x00, 0x00, 0x00, 0x00, 0x00, 0x00, 0x00,
  0x00, 0x00, 0x02, 0x2c, 0x04, 0x00, 0x02, 0x2c, 0x04, 0x04, 0x02, 0x2c, 0x04, 0x92, 0x02, 0x2c,
  0x04, 0xd1, 0x02, 0x2c, 0x04, 0xcd, 0x02, 0x2c, 0x04, 0xcd, 0x02, 0x2c, 0x04, 0xcd, 0x02, 0x2c,
  0x04, 0xcd, 0x02, 0x2c, 0x04, 0xcd, 0x02, 0x2c, 0x04, 0xcd, 0x02, 0x2c, 0x04, 0xcd, 0x02, 0x2c,
  0x04, 0xcd, 0x02, 0x2c, 0x04, 0xcd, 0x02, 0x2c, 0x04, 0xce, 0x02, 0x2c, 0x04, 0xf1, 0x02, 0x2c,
  0x04, 0xff, 0x02, 0x2c, 0x04, 0xff, 0x02, 0x2c, 0x04, 0xff, 0x02, 0x2c, 0x04, 0xff, 0x02, 0x2c,
  0x04, 0xff, 0x02, 0x2d, 0x0a, 0xff, 0x03, 0x42, 0x60, 0xff, 0x04, 0x4e, 0x91, 0xff, 0x04, 0x4e,
  0x90, 0xff, 0x04, 0x4d, 0x8d, 0xff, 0x03, 0x3b, 0x49, 0xff, 0x02, 0x2c, 0x05, 0xff, 0x02, 0x2c,
  0x04, 0xff, 0x02, 0x2c, 0x04, 0xff, 0x02, 0x2c, 0x04, 0xff, 0x02, 0x2c, 0x04, 0xff, 0x02, 0x2c,
  0x04, 0xff, 0x02, 0x2e, 0x09, 0xff, 0x04, 0x45, 0x55, 0xff, 0x06, 0x56, 0x8e, 0xff, 0x06, 0x56,
  0x8e, 0xff, 0x05, 0x4e, 0x74, 0xff, 0x03, 0x32, 0x1a, 0xff, 0x02, 0x2c, 0x03, 0xff, 0x02, 0x2b,
  0x04, 0xff, 0x02, 0x22, 0x03, 0xd7, 0x02, 0x25, 0x03, 0x3f, 0x02, 0x29, 0x04, 0x31, 0x02, 0x29,
  0x04, 0x32, 0x02, 0x29, 0x04, 0x32, 0x02, 0x29, 0x04, 0x32, 0x02, 0x29, 0x04, 0x32, 0x02, 0x29,
  0x04, 0x2f, 0x02, 0x29, 0x04, 0x0a, 0x02, 0x29, 0x04, 0x00, 0x00, 0x00, 0x00, 0x00, 0x00, 0x00,
  0x00, 0x00, 0x00, 0x00, 0x00, 0x00, 0x00, 0x00, 0x00, 0x00, 0x00, 0x00, 0x00, 0x00, 0x00, 0x00,
  0x00, 0x00, 0x00, 0x00, 0x00, 0x00, 0x00, 0x00, 0x00, 0x00, 0x00, 0x00, 0x00, 0x00, 0x00, 0x00,
  0x00, 0x00, 0x00, 0x00, 0x00, 0x00, 0x00, 0x00, 0x00, 0x00, 0x00, 0x00, 0x00, 0x00, 0x00, 0x00,
  0x00, 0x00, 0x02, 0x2c, 0x04, 0x00, 0x02, 0x2c, 0x04, 0x00, 0x02, 0x2c, 0x04, 0x0b, 0x02, 0x2c,
  0x04, 0x10, 0x02, 0x2c, 0x04, 0x10, 0x02, 0x2c, 0x04, 0x10, 0x02, 0x2c, 0x04, 0x10, 0x02, 0x2c,
  0x04, 0x10, 0x02, 0x2c, 0x04, 0x10, 0x02, 0x2c, 0x04, 0x10, 0x02, 0x2c, 0x04, 0x10, 0x02, 0x2c,
  0x04, 0x10, 0x02, 0x2c, 0x04, 0x0f, 0x02, 0x2c, 0x04, 0x15, 0x02, 0x2c, 0x04, 0xba, 0x02, 0x2c,
  0x04, 0xff, 0x02, 0x2c, 0x04, 0xff, 0x02, 0x2c, 0x04, 0xff, 0x02, 0x2c, 0x04, 0xff, 0x02, 0x2c,
  0x03, 0xff, 0x02, 0x2d, 0x0b, 0xff, 0x03, 0x3c, 0x71, 0xff, 0x04, 0x46, 0xac, 0xff, 0x04, 0x45,
  0xaa, 0xff, 0x04, 0x45, 0xa7, 0xff, 0x03, 0x38, 0x56, 0xff, 0x02, 0x2c, 0x05, 0xff, 0x02, 0x2c,
  0x04, 0xff, 0x02, 0x2c, 0x04, 0xff, 0x02, 0x2c, 0x04, 0xff, 0x02, 0x2c, 0x04, 0xff, 0x02, 0x2c,
  0x03, 0xff, 0x03, 0x2f, 0x0a, 0xff, 0x0a, 0x53, 0x62, 0xff, 0x0f, 0x6f, 0xa2, 0xff, 0x0f, 0x6f,
  0xa3, 0xff, 0x0d, 0x63, 0x85, 0xff, 0x04, 0x36, 0x1e, 0xff, 0x02, 0x2b, 0x03, 0xff, 0x02, 0x2c,
  0x04, 0xff, 0x02, 0x2b, 0x04, 0xfc, 0x02, 0x2b, 0x04, 0xf0, 0x02, 0x2b, 0x04, 0xef, 0x02, 0x2b,
  0x04, 0xef, 0x02, 0x2b, 0x04, 0xef, 0x02, 0x2b, 0x04, 0xef, 0x02, 0x2b, 0x04, 0xf0, 0x02, 0x2b,
  0x04, 0xe0, 0x02, 0x2b, 0x04, 0x2f, 0x02, 0x2b, 0x04, 0x00, 0x00, 0x00, 0x00, 0x00, 0x00, 0x00,
  0x00, 0x00, 0x00, 0x00, 0x00, 0x00, 0x00, 0x00, 0x00, 0x00, 0x00, 0x00, 0x00, 0x00, 0x00, 0x00,
  0x00, 0x00, 0x00, 0x00, 0x00, 0x00, 0x00, 0x00, 0x00, 0x00, 0x00, 0x00, 0x00, 0x00, 0x00, 0x00,
  0x00, 0x00, 0x00, 0x00, 0x00, 0x00, 0x00, 0x00, 0x00, 0x00, 0x00, 0x00, 0x00, 0x00, 0x00, 0x00,
  0x00, 0x00, 0x00, 0x00, 0x00, 0x00, 0x00, 0x00, 0x00, 0x00, 0x00, 0x00, 0x00, 0x00, 0x00, 0x00,
  0x00, 0x00, 0x00, 0x00, 0x00, 0x00, 0x00, 0x00, 0x00, 0x00, 0x00, 0x00, 0x00, 0x00, 0x00, 0x00,
  0x00, 0x00, 0x00, 0x00, 0x00, 0x00, 0x00, 0x00, 0x00, 0x00, 0x00, 0x00, 0x00, 0x00, 0x00, 0x00,
  0x00, 0x00, 0x02, 0x2c, 0x04, 0x00, 0x02, 0x2c, 0x04, 0x06, 0x02, 0x2c, 0x04, 0xb6, 0x02, 0x2c,
  0x04, 0xff, 0x02, 0x2c, 0x04, 0xff, 0x02, 0x2c, 0x04, 0xff, 0x02, 0x2c, 0x04, 0xff, 0x02, 0x2c,
  0x03, 0xff, 0x02, 0x2d, 0x0b, 0xff, 0x03, 0x3c, 0x74, 0xff, 0x04, 0x44, 0xb0, 0xff, 0x04, 0x44,
  0xae, 0xff, 0x04, 0x44, 0xab, 0xff, 0x03, 0x37, 0x58, 0xff, 0x02, 0x2c, 0x05, 0xff, 0x02, 0x2c,
  0x04, 0xff, 0x02, 0x2c, 0x04, 0xff, 0x02, 0x2c, 0x04, 0xff, 0x02, 0x2c, 0x04, 0xff, 0x02, 0x2c,
  0x03, 0xff, 0x03, 0x2f, 0x0b, 0xff, 0x0b, 0x55, 0x64, 0xff, 0x11, 0x72, 0xa5, 0xff, 0x11, 0x72,
  0xa6, 0xff, 0x0e, 0x65, 0x87, 0xff, 0x05, 0x37, 0x1e, 0xff, 0x02, 0x2b, 0x03, 0xff, 0x02, 0x2c,
  0x04, 0xff, 0x02, 0x2c, 0x04, 0xff, 0x02, 0x2c, 0x04, 0xff, 0x02, 0x2c, 0x04, 0xff, 0x02, 0x2c,
  0x04, 0xff, 0x02, 0x2c, 0x04, 0xff, 0x02, 0x2c, 0x04, 0xff, 0x02, 0x2c, 0x04, 0xff, 0x02, 0x2c,
  0x04, 0xef, 0x02, 0x2c, 0x04, 0x32, 0x02, 0x2c, 0x04, 0x00, 0x00, 0x00, 0x00, 0x00, 0x00, 0x00,
  0x00, 0x00, 0x00, 0x00, 0x00, 0x00, 0x00, 0x00, 0x00, 0x00, 0x00, 0x00, 0x00, 0x00, 0x00, 0x00,
  0x00, 0x00, 0x00, 0x00, 0x00, 0x00, 0x00, 0x00, 0x00, 0x00, 0x00, 0x00, 0x00, 0x00, 0x00, 0x00,
  0x00, 0x00, 0x00, 0x00, 0x00, 0x00, 0x00, 0x00, 0x00, 0x00, 0x00, 0x00, 0x00, 0x00, 0x00, 0x00,
  0x00, 0x00, 0x00, 0x00, 0x00, 0x00, 0x00, 0x00, 0x00, 0x00, 0x00, 0x00, 0x00, 0x00, 0x00, 0x00,
  0x00, 0x00, 0x00, 0x00, 0x00, 0x00, 0x00, 0x00, 0x00, 0x00, 0x00, 0x00, 0x00, 0x00, 0x00, 0x00,
  0x00, 0x00, 0x00, 0x00, 0x00, 0x00, 0x00, 0x00, 0x00, 0x00, 0x00, 0x00, 0x00, 0x00, 0x00, 0x00,
  0x00, 0x00, 0x02, 0x2d, 0x04, 0x00, 0x02, 0x2d, 0x04, 0x06, 0x02, 0x2d, 0x04, 0xb6, 0x02, 0x2d,
  0x04, 0xff, 0x02, 0x2d, 0x04, 0xff, 0x02, 0x2d, 0x04, 0xff, 0x02, 0x2d, 0x04, 0xff, 0x02, 0x2d,
  0x04, 0xff, 0x02, 0x2e, 0x0b, 0xff, 0x03, 0x3c, 0x73, 0xff, 0x04, 0x44, 0xaf, 0xff, 0x04, 0x44,
  0xae, 0xff, 0x04, 0x43, 0xaa, 0xff, 0x03, 0x36, 0x56, 0xff, 0x02, 0x2a, 0x02, 0xff, 0x02, 0x2a,
  0x00, 0xff, 0x02, 0x2a, 0x01, 0xff, 0x02, 0x2c, 0x02, 0xff, 0x02, 0x2c, 0x03, 0xff, 0x02, 0x2c,
  0x02, 0xff, 0x03, 0x2f, 0x09, 0xff, 0x0b, 0x56, 0x63, 0xff, 0x11, 0x73, 0xa5, 0xff, 0x11, 0x72,
  0xa5, 0xff, 0x0f, 0x65, 0x87, 0xff, 0x04, 0x37, 0x1e, 0xff, 0x02, 0x2b, 0x03, 0xff, 0x02, 0x2c,
  0x04, 0xff, 0x02, 0x2c, 0x04, 0xff, 0x02, 0x2c, 0x04, 0xff, 0x02, 0x2c, 0x04, 0xff, 0x02, 0x2c,
  0x04, 0xff, 0x02, 0x2c, 0x04, 0xff, 0x02, 0x2c, 0x04, 0xff, 0x02, 0x2c, 0x04, 0xff, 0x02, 0x2c,
  0x04, 0xef, 0x02, 0x2c, 0x04, 0x32, 0x02, 0x2c, 0x04, 0x00, 0x00, 0x00, 0x00, 0x00, 0x00, 0x00,
  0x00, 0x00, 0x00, 0x00, 0x00, 0x00, 0x00, 0x00, 0x00, 0x00, 0x00, 0x00, 0x00, 0x00, 0x00, 0x00,
  0x00, 0x00, 0x00, 0x00, 0x00, 0x00, 0x00, 0x00, 0x00, 0x00, 0x00, 0x00, 0x00, 0x00, 0x00, 0x00,
  0x00, 0x00, 0x00, 0x00, 0x00, 0x00, 0x00, 0x00, 0x00, 0x00, 0x00, 0x00, 0x00, 0x00, 0x00, 0x00,
  0x00, 0x00, 0x00, 0x00, 0x00, 0x00, 0x00, 0x00, 0x00, 0x00, 0x00, 0x00, 0x00, 0x00, 0x00, 0x00,
  0x00, 0x00, 0x00, 0x00, 0x00, 0x00, 0x14, 0xc0, 0xee, 0x00, 0x14, 0xc1, 0xee, 0x40, 0x14, 0xc1,
  0xee, 0x81, 0x14, 0xc1, 0xee, 0x7f, 0x10, 0xba, 0xee, 0x7f, 0x04, 0xab, 0xee, 0x7f, 0x02, 0xa8,
  0xee, 0x7f, 0x02, 0xaa, 0xf0, 0x7f, 0x02, 0x90, 0xc9, 0x82, 0x01, 0x25, 0x1a, 0xda, 0x01, 0x17,
  0x01, 0xff, 0x01, 0x17, 0x02, 0xff, 0x01, 0x17, 0x02, 0xff, 0x01, 0x17, 0x02, 0xff, 0x01, 0x17,
  0x01, 0xff, 0x01, 0x19, 0x0a, 0xff, 0x03, 0x3b, 0x84, 0xff, 0x04, 0x4e, 0xca, 0xff, 0x04, 0x4d,
  0xc8, 0xff, 0x04, 0x4e, 0xc7, 0xff, 0x07, 0x61, 0x9f, 0xff, 0x0b, 0x76, 0x7a, 0xff, 0x0b, 0x78,
  0x79, 0xff, 0x0b, 0x6c, 0x70, 0xff, 0x04, 0x32, 0x45, 0xff, 0x01, 0x1c, 0x36, 0xff, 0x01, 0x1d,
  0x36, 0xff, 0x01, 0x20, 0x3b, 0xff, 0x07, 0x43, 0x7a, 0xff, 0x0b, 0x5c, 0xa9, 0xff, 0x0b, 0x5c,
  0xaa, 0xff, 0x09, 0x53, 0x8c, 0xff, 0x03, 0x33, 0x1f, 0xff, 0x02, 0x2c, 0x02, 0xff, 0x02, 0x2c,
  0x04, 0xff, 0x02, 0x2c, 0x04, 0xff, 0x02, 0x2c, 0x04, 0xff, 0x02, 0x2c, 0x04, 0xff, 0x02, 0x2c,
  0x04, 0xff, 0x02, 0x2c, 0x04, 0xff, 0x02, 0x2c, 0x04, 0xff, 0x02, 0x2c, 0x04, 0xff, 0x02, 0x2c,
  0x04, 0xf7, 0x02, 0x2b, 0x04, 0x98, 0x02, 0x29, 0x04, 0x7e, 0x02, 0x29, 0x04, 0x80, 0x02, 0x29,
  0x04, 0x80, 0x02, 0x29, 0x04, 0x32, 0x02, 0x29, 0x04, 0x00, 0x00, 0x00, 0x00, 0x00, 0x00, 0x00,
  0x00, 0x00, 0x00, 0x00, 0x00, 0x00, 0x00, 0x00, 0x00, 0x00, 0x00, 0x00, 0x00, 0x00, 0x00, 0x00,
  0x00, 0x00, 0x00, 0x00, 0x00, 0x00, 0x00, 0x00, 0x00, 0x00, 0x00, 0x00, 0x00, 0x00, 0x00, 0x00,
  0x00, 0x00, 0x00, 0x00, 0x00, 0x00, 0x00, 0x00, 0x00, 0x00, 0x00, 0x00, 0x00, 0x00, 0x00, 0x00,
  0x00, 0x00, 0x00, 0x00, 0x00, 0x00, 0x15, 0xc9, 0xf9, 0x00, 0x15, 0xc9, 0xfa, 0x80, 0x15, 0xc9,
  0xfa, 0xff, 0x15, 0xca, 0xfa, 0xff, 0x10, 0xc3, 0xfa, 0xff, 0x04, 0xb3, 0xf9, 0xff, 0x02, 0xb0,
  0xfa, 0xff, 0x02, 0xb2, 0xfb, 0xff, 0x02, 0x98, 0xd8, 0xff, 0x00, 0x1f, 0x2b, 0xff, 0x00, 0x00,
  0x00, 0xff, 0x00, 0x00, 0x00, 0xff, 0x00, 0x00, 0x00, 0xff, 0x00, 0x00, 0x00, 0xff, 0x00, 0x00,
  0x00, 0xff, 0x00, 0x04, 0x0a, 0xff, 0x03, 0x39, 0x96, 0xff, 0x04, 0x59, 0xe7, 0xff, 0x04, 0x57,
  0xe4, 0xff, 0x04, 0x59, 0xe5, 0xff, 0x0c, 0x91, 0xf1, 0xff, 0x15, 0xcb, 0xfd, 0xff, 0x16, 0xcd,
  0xfe, 0xff, 0x13, 0xb5, 0xec, 0xff, 0x06, 0x3c, 0x8f, 0xff, 0x00, 0x0e, 0x6c, 0xff, 0x00, 0x10,
  0x6e, 0xff, 0x00, 0x12, 0x70, 0xff, 0x02, 0x2f, 0x94, 0xff, 0x04, 0x44, 0xae, 0xff, 0x04, 0x44,
  0xaf, 0xff, 0x03, 0x3f, 0x90, 0xff, 0x02, 0x2f, 0x20, 0xff, 0x02, 0x2c, 0x02, 0xff, 0x02, 0x2c,
  0x04, 0xff, 0x02, 0x2c, 0x04, 0xff, 0x02, 0x2c, 0x04, 0xff, 0x02, 0x2c, 0x04, 0xff, 0x02, 0x2c,
  0x04, 0xff, 0x02, 0x2c, 0x04, 0xff, 0x02, 0x2c, 0x04, 0xff, 0x02, 0x2c, 0x04, 0xff, 0x02, 0x2c,
  0x04, 0xff, 0x02, 0x2c, 0x04, 0xff, 0x02, 0x2b, 0x04, 0xff, 0x02, 0x2b, 0x04, 0xff, 0x02, 0x2b,
  0x04, 0xff, 0x02, 0x2b, 0x04, 0x63, 0x02, 0x2b, 0x04, 0x00, 0x00, 0x00, 0x00, 0x00, 0x00, 0x00,
  0x00, 0x00, 0x00, 0x00, 0x00, 0x00, 0x00, 0x00, 0x00, 0x00, 0x00, 0x00, 0x00, 0x00, 0x00, 0x00,
  0x00, 0x00, 0x00, 0x00, 0x00, 0x00, 0x00, 0x00, 0x00, 0x00, 0x00, 0x00, 0x00, 0x00, 0x00, 0x00,
  0x00, 0x00, 0x00, 0x00, 0x00, 0x00, 0x00, 0x00, 0x00, 0x00, 0x00, 0x00, 0x00, 0x00, 0x00, 0x00,
  0x00, 0x00, 0x00, 0x00, 0x00, 0x00, 0x15, 0xcc, 0xfd, 0x00, 0x15, 0xcc, 0xfe, 0x80, 0x15, 0xcc,
  0xfd, 0xff, 0x16, 0xcc, 0xfd, 0xff, 0x10, 0xc6, 0xfd, 0xff, 0x04, 0xb6, 0xfd, 0xff, 0x02, 0xb3,
  0xfd, 0xff, 0x02, 0xb4, 0xff, 0xff, 0x02, 0x9b, 0xdb, 0xff, 0x00, 0x1f, 0x2c, 0xff, 0x00, 0x00,
  0x00, 0xff, 0x00, 0x00, 0x00, 0xff, 0x00, 0x00, 0x00, 0xff, 0x00, 0x00, 0x00, 0xff, 0x00, 0x00,
  0x00, 0xff, 0x00, 0x04, 0x0a, 0xff, 0x03, 0x39, 0x96, 0xff, 0x04, 0x58, 0xe7, 0xff, 0x04, 0x57,
  0xe4, 0xff, 0x04, 0x59, 0xe5, 0xff, 0x0c, 0x92, 0xf1, 0xff, 0x15, 0xcb, 0xfd, 0xff, 0x15, 0xce,
  0xff, 0xff, 0x13, 0xb6, 0xec, 0xff, 0x05, 0x3c, 0x8f, 0xff, 0x00, 0x0f, 0x6c, 0xff, 0x00, 0x10,
  0x6d, 0xff, 0x00, 0x12, 0x70, 0xff, 0x03, 0x2f, 0x94, 0xff, 0x04, 0x44, 0xae, 0xff, 0x04, 0x44,
  0xaf, 0xff, 0x04, 0x3f, 0x90, 0xff, 0x02, 0x2f, 0x20, 0xff, 0x02, 0x2c, 0x02, 0xff, 0x02, 0x2c,
  0x04, 0xff, 0x02, 0x2c, 0x04, 0xff, 0x02, 0x2c, 0x04, 0xff, 0x02, 0x2c, 0x04, 0xff, 0x02, 0x2c,
  0x04, 0xff, 0x02, 0x2c, 0x04, 0xff, 0x02, 0x2c, 0x04, 0xff, 0x02, 0x2c, 0x04, 0xff, 0x02, 0x2c,
  0x04, 0xff, 0x02, 0x2c, 0x04, 0xff, 0x02, 0x2c, 0x04, 0xff, 0x02, 0x2c, 0x04, 0xff, 0x02, 0x2c,
  0x04, 0xff, 0x02, 0x2c, 0x04, 0x63, 0x02, 0x2c, 0x04, 0x00, 0x00, 0x00, 0x00, 0x00, 0x00, 0x00,
  0x00, 0x00, 0x00, 0x00, 0x00, 0x00, 0x00, 0x00, 0x00, 0x00, 0x00, 0x00, 0x00, 0x00, 0x00, 0x00,
  0x00, 0x00, 0x00, 0x00, 0x00, 0x00, 0x00, 0x00, 0x00, 0x00, 0x00, 0x00, 0x00, 0x00, 0x00, 0x00,
  0x00, 0x00, 0x00, 0x00, 0x00, 0x00, 0x00, 0x00, 0x00, 0x00, 0x00, 0x00, 0x00, 0x00, 0x00, 0x00,
  0x00, 0x00, 0x00, 0x00, 0x00, 0x00, 0x15, 0xcc, 0xfd, 0x00, 0x16, 0xcd, 0xfe, 0x80, 0x15, 0xcd,
  0xfd, 0xff, 0x16, 0xcd, 0xfd, 0xff, 0x10, 0xc6, 0xfd, 0xff, 0x04, 0xb5, 0xfd, 0xff, 0x02, 0xb2,
  0xfd, 0xff, 0x02, 0xb4, 0xff, 0xff, 0x02, 0x9a, 0xdb, 0xff, 0x00, 0x1f, 0x2c, 0xff, 0x00, 0x00,
  0x00, 0xff, 0x00, 0x00, 0x00, 0xff, 0x00, 0x00, 0x00, 0xff, 0x00, 0x00, 0x00, 0xff, 0x00, 0x00,
  0x00, 0xff, 0x00, 0x04, 0x0a, 0xff, 0x03, 0x39, 0x96, 0xff, 0x04, 0x58, 0xe6, 0xff, 0x04, 0x57,
  0xe4, 0xff, 0x04, 0x58, 0xe4, 0xff, 0x0c, 0x91, 0xf1, 0xff, 0x15, 0xcc, 0xfd, 0xff, 0x15, 0xce,
  0xfe, 0xff, 0x13, 0xb6, 0xec, 0xff, 0x05, 0x3a, 0x8e, 0xff, 0x00, 0x0c, 0x6a, 0xff, 0x00, 0x0e,
  0x6b, 0xff, 0x00, 0x10, 0x6e, 0xff, 0x03, 0x2d, 0x93, 0xff, 0x04, 0x43, 0xad, 0xff, 0x04, 0x43,
  0xae, 0xff, 0x04, 0x3e, 0x8e, 0xff, 0x02, 0x2f, 0x1d, 0xff, 0x02, 0x2b, 0x00, 0xff, 0x02, 0x2c,
  0x01, 0xff, 0x02, 0x2c, 0x03, 0xff, 0x02, 0x2c, 0x04, 0xff, 0x02, 0x2c, 0x04, 0xff, 0x02, 0x2c,
  0x04, 0xff, 0x02, 0x2c, 0x04, 0xff, 0x02, 0x2c, 0x04, 0xff, 0x02, 0x2c, 0x04, 0xff, 0x02, 0x2c,
  0x04, 0xff, 0x02, 0x2c, 0x03, 0xff, 0x02, 0x2b, 0x02, 0xff, 0x02, 0x2b, 0x02, 0xff, 0x02, 0x2b,
  0x02, 0xff, 0x02, 0x2b, 0x02, 0x63, 0x02, 0x2b, 0x02, 0x00, 0x00, 0x00, 0x00, 0x00, 0x00, 0x00,
  0x00, 0x00, 0x00, 0x00, 0x00, 0x00, 0x00, 0x00, 0x00, 0x00, 0x00, 0x00, 0x00, 0x00, 0x00, 0x00,
  0x00, 0x00, 0x00, 0x00, 0x00, 0x00, 0x00, 0x00, 0x00, 0x00, 0x00, 0x00, 0x00, 0x00, 0x00, 0x00,
  0x00, 0x00, 0x00, 0x00, 0x00, 0x00, 0x00, 0x00, 0x00, 0x00, 0x00, 0x00, 0x00, 0x00, 0x00, 0x00,
  0x00, 0x00, 0x00, 0x00, 0x00, 0x00, 0x10, 0xb9, 0xf9, 0x00, 0x11, 0xba, 0xfa, 0x80, 0x10, 0xba,
  0xf9, 0xff, 0x11, 0xba, 0xf9, 0xff, 0x0e, 0xba, 0xfa, 0xff, 0x08, 0xba, 0xfd, 0xff, 0x07, 0xba,
  0xfd, 0xff, 0x08, 0xbb, 0xfe, 0xff, 0x07, 0xa7, 0xe4, 0xff, 0x02, 0x46, 0x64, 0xff, 0x01, 0x2c,
  0x42, 0xff, 0x01, 0x2d, 0x44, 0xff, 0x01, 0x21, 0x3e, 0xff, 0x01, 0x0d, 0x37, 0xff, 0x01, 0x0c,
  0x36, 0xff, 0x01, 0x10, 0x3e, 0xff, 0x03, 0x47, 0xae, 0xff, 0x04, 0x67, 0xed, 0xff, 0x04, 0x66,
  0xeb, 0xff, 0x04, 0x68, 0xeb, 0xff, 0x0f, 0x94, 0xf4, 0xff, 0x1b, 0xc1, 0xfd, 0xff, 0x1b, 0xc2,
  0xfe, 0xff, 0x17, 0xb1, 0xf0, 0xff, 0x07, 0x5b, 0xac, 0xff, 0x00, 0x3a, 0x93, 0xff, 0x01, 0x3c,
  0x94, 0xff, 0x01, 0x3d, 0x96, 0xff, 0x03, 0x4c, 0xb0, 0xff, 0x04, 0x58, 0xc3, 0xff, 0x04, 0x59,
  0xc4, 0xff, 0x04, 0x51, 0xa9, 0xff, 0x03, 0x38, 0x49, 0xff, 0x02, 0x31, 0x30, 0xff, 0x03, 0x31,
  0x31, 0xff, 0x02, 0x2f, 0x1e, 0xff, 0x02, 0x2c, 0x05, 0xff, 0x02, 0x2c, 0x04, 0xff, 0x02, 0x2c,
  0x04, 0xff, 0x02, 0x2c, 0x04, 0xff, 0x02, 0x2c, 0x04, 0xff, 0x02, 0x2c, 0x04, 0xff, 0x02, 0x2c,
  0x05, 0xff, 0x02, 0x30, 0x16, 0xff, 0x03, 0x34, 0x27, 0xff, 0x03, 0x34, 0x27, 0xff, 0x03, 0x34,
  0x27, 0xff, 0x03, 0x35, 0x2d, 0x90, 0x02, 0x29, 0x0b, 0x46, 0x02, 0x27, 0x03, 0x4a, 0x02, 0x27,
  0x04, 0x40, 0x02, 0x27, 0x04, 0x09, 0x02, 0x27, 0x04, 0x00, 0x00, 0x00, 0x00, 0x00, 0x00, 0x00,
  0x00, 0x00, 0x00, 0x00, 0x00, 0x00, 0x00, 0x00, 0x00, 0x00, 0x00, 0x00, 0x00, 0x00, 0x00, 0x00,
  0x00, 0x00, 0x00, 0x00, 0x00, 0x00, 0x00, 0x00, 0x00, 0x00, 0x00, 0x00, 0x00, 0x00, 0x00, 0x00,
  0x00, 0x00, 0x00, 0x00, 0x00, 0x00, 0x05, 0x8b, 0xef, 0x00, 0x05, 0x8c, 0xf0, 0x80, 0x05, 0x8b,
  0xef, 0xff, 0x05, 0x8b, 0xef, 0xff, 0x08, 0x9b, 0xf2, 0xff, 0x12, 0xc4, 0xfc, 0xff, 0x14, 0xcb,
  0xfd, 0xff, 0x14, 0xcb, 0xfd, 0xff, 0x12, 0xc5, 0xfb, 0xff, 0x05, 0xaa, 0xf3, 0xff, 0x02, 0xa2,
  0xf1, 0xff, 0x02, 0xa4, 0xf2, 0xff, 0x03, 0x77, 0xdf, 0xff, 0x04, 0x31, 0xc4, 0xff, 0x04, 0x2d,
  0xc2, 0xff, 0x04, 0x32, 0xc5, 0xff, 0x04, 0x6c, 0xe9, 0xff, 0x04, 0x8d, 0xfd, 0xff, 0x04, 0x8b,
  0xfc, 0xff, 0x05, 0x8c, 0xfc, 0xff, 0x17, 0x9a, 0xfd, 0xff, 0x29, 0xa8, 0xfe, 0xff, 0x29, 0xa8,
  0xfe, 0xff, 0x24, 0xa8, 0xfd, 0xff, 0x0b, 0xaa, 0xf7, 0xff, 0x02, 0xab, 0xf5, 0xff, 0x02, 0xab,
  0xf6, 0xff, 0x02, 0xaa, 0xf6, 0xff, 0x04, 0x98, 0xf8, 0xff, 0x04, 0x8b, 0xf9, 0xff, 0x04, 0x8c,
  0xfa, 0xff, 0x04, 0x7f, 0xeb, 0xff, 0x04, 0x4f, 0xb4, 0xff, 0x04, 0x42, 0xa5, 0xff, 0x04, 0x43,
  0xa5, 0xff, 0x03, 0x39, 0x63, 0xff, 0x02, 0x2c, 0x09, 0xff, 0x02, 0x2c, 0x04, 0xff, 0x02, 0x2c,
  0x04, 0xff, 0x02, 0x2c, 0x04, 0xff, 0x02, 0x2c, 0x04, 0xff, 0x02, 0x2c, 0x04, 0xff, 0x02, 0x2c,
  0x06, 0xff, 0x03, 0x3d, 0x44, 0xff, 0x04, 0x4d, 0x82, 0xff, 0x04, 0x4e, 0x83, 0xff, 0x04, 0x4e,
  0x84, 0xff, 0x03, 0x41, 0x59, 0xfc, 0x02, 0x2c, 0x0c, 0xf9, 0x02, 0x2a, 0x03, 0xfb, 0x02, 0x2a,
  0x04, 0xdc, 0x02, 0x2b, 0x04, 0x1e, 0x02, 0x2b, 0x04, 0x00, 0x00, 0x00, 0x00, 0x00, 0x00, 0x00,
  0x00, 0x00, 0x00, 0x00, 0x00, 0x00, 0x00, 0x00, 0x00, 0x00, 0x00, 0x00, 0x00, 0x00, 0x00, 0x00,
  0x00, 0x00, 0x00, 0x00, 0x00, 0x00, 0x00, 0x00, 0x00, 0x00, 0x00, 0x00, 0x00, 0x00, 0x00, 0x00,
  0x00, 0x00, 0x00, 0x00, 0x00, 0x00, 0x05, 0x87, 0xee, 0x00, 0x05, 0x88, 0xef, 0x80, 0x05, 0x88,
  0xee, 0xff, 0x05, 0x87, 0xee, 0xff, 0x08, 0x99, 0xf1, 0xff, 0x13, 0xc5, 0xfc, 0xff, 0x16, 0xcd,
  0xfd, 0xff, 0x16, 0xcc, 0xfd, 0xff, 0x12, 0xc8, 0xfd, 0xff, 0x05, 0xb1, 0xfd, 0xff, 0x02, 0xab,
  0xfe, 0xff, 0x02, 0xad, 0xfe, 0xff, 0x03, 0x7e, 0xeb, 0xff, 0x04, 0x35, 0xce, 0xff, 0x04, 0x31,
  0xcc, 0xff, 0x04, 0x35, 0xcf, 0xff, 0x04, 0x6e, 0xed, 0xff, 0x04, 0x8f, 0xfe, 0xff, 0x04, 0x8e,
  0xfd, 0xff, 0x05, 0x8f, 0xfd, 0xff, 0x17, 0x9a, 0xfe, 0xff, 0x29, 0xa6, 0xff, 0xff, 0x2a, 0xa7,
  0xff, 0xff, 0x25, 0xa8, 0xfe, 0xff, 0x0b, 0xb0, 0xfd, 0xff, 0x02, 0xb3, 0xfe, 0xff, 0x02, 0xb3,
  0xfd, 0xff, 0x02, 0xb2, 0xfd, 0xff, 0x03, 0x9d, 0xfd, 0xff, 0x04, 0x8e, 0xfd, 0xff, 0x04, 0x8f,
  0xfe, 0xff, 0x04, 0x82, 0xef, 0xff, 0x04, 0x51, 0xbb, 0xff, 0x04, 0x43, 0xae, 0xff, 0x04, 0x44,
  0xae, 0xff, 0x03, 0x39, 0x68, 0xff, 0x02, 0x2c, 0x09, 0xff, 0x02, 0x2c, 0x04, 0xff, 0x02, 0x2c,
  0x04, 0xff, 0x02, 0x2c, 0x04, 0xff, 0x02, 0x2c, 0x04, 0xff, 0x02, 0x2c, 0x04, 0xff, 0x02, 0x2c,
  0x06, 0xff, 0x03, 0x3e, 0x47, 0xff, 0x04, 0x50, 0x89, 0xff, 0x04, 0x50, 0x8b, 0xff, 0x04, 0x50,
  0x8b, 0xff, 0x03, 0x43, 0x5d, 0xff, 0x02, 0x2e, 0x0c, 0xff, 0x02, 0x2c, 0x03, 0xff, 0x02, 0x2c,
  0x04, 0xe0, 0x02, 0x2c, 0x04, 0x1f, 0x02, 0x2c, 0x04, 0x00, 0x00, 0x00, 0x00, 0x00, 0x00, 0x00,
  0x00, 0x00, 0x00, 0x00, 0x00, 0x00, 0x00, 0x00, 0x00, 0x00, 0x00, 0x00, 0x00, 0x00, 0x00, 0x00,
  0x00, 0x00, 0x00, 0x00, 0x00, 0x00, 0x00, 0x00, 0x00, 0x00, 0x00, 0x00, 0x00, 0x00, 0x00, 0x00,
  0x00, 0x00, 0x00, 0x00, 0x00, 0x00, 0x04, 0x89, 0xef, 0x00, 0x04, 0x89, 0xf0, 0x80, 0x05, 0x88,
  0xef, 0xff, 0x05, 0x87, 0xee, 0xff, 0x08, 0x99, 0xf2, 0xff, 0x13, 0xc5, 0xfc, 0xff, 0x15, 0xcc,
  0xfd, 0xff, 0x15, 0xcc, 0xfd, 0xff, 0x12, 0xc8, 0xfd, 0xff, 0x05, 0xb1, 0xfd, 0xff, 0x02, 0xab,
  0xfd, 0xff, 0x02, 0xac, 0xfd, 0xff, 0x03, 0x7d, 0xeb, 0xff, 0x04, 0x35, 0xcd, 0xff, 0x04, 0x31,
  0xcc, 0xff, 0x04, 0x35, 0xce, 0xff, 0x04, 0x6e, 0xed, 0xff, 0x04, 0x8f, 0xfe, 0xff, 0x04, 0x8e,
  0xfd, 0xff, 0x05, 0x8f, 0xfd, 0xff, 0x17, 0x9a, 0xfe, 0xff, 0x29, 0xa6, 0xff, 0xff, 0x2a, 0xa7,
  0xff, 0xff, 0x25, 0xa8, 0xfe, 0xff, 0x0b, 0xb0, 0xfd, 0xff, 0x02, 0xb3, 0xfd, 0xff, 0x02, 0xb3,
  0xfd, 0xff, 0x02, 0xb1, 0xfd, 0xff, 0x03, 0x9d, 0xfd, 0xff, 0x04, 0x8f, 0xfd, 0xff, 0x04, 0x8f,
  0xfe, 0xff, 0x04, 0x82, 0xef, 0xff, 0x04, 0x51, 0xbb, 0xff, 0x04, 0x43, 0xad, 0xff, 0x04, 0x44,
  0xad, 0xff, 0x03, 0x39, 0x67, 0xff, 0x02, 0x2c, 0x08, 0xff, 0x02, 0x2c, 0x03, 0xff, 0x02, 0x2c,
  0x03, 0xff, 0x02, 0x2c, 0x04, 0xff, 0x02, 0x2c, 0x04, 0xff, 0x02, 0x2c, 0x04, 0xff, 0x02, 0x2c,
  0x06, 0xff, 0x03, 0x3e, 0x46, 0xff, 0x04, 0x4f, 0x88, 0xff, 0x04, 0x50, 0x89, 0xff, 0x04, 0x50,
  0x8a, 0xff, 0x03, 0x43, 0x5c, 0xff, 0x02, 0x2e, 0x0c, 0xff, 0x02, 0x2c, 0x03, 0xff, 0x02, 0x2c,
  0x04, 0xe0, 0x02, 0x2c, 0x04, 0x1f, 0x02, 0x2c, 0x04, 0x00, 0x00, 0x00, 0x00, 0x00, 0x00, 0x00,
  0x00, 0x00, 0x00, 0x00, 0x00, 0x00, 0x00, 0x00, 0x00, 0x00, 0x00, 0x00, 0x00, 0x00, 0x00, 0x00,
  0x00, 0x00, 0x00, 0x00, 0x00, 0x00, 0x00, 0x00, 0x00, 0x00, 0x00, 0x00, 0x00, 0x00, 0x00, 0x00,
  0x00, 0x00, 0x00, 0x00, 0x00, 0x00, 0x04, 0x8a, 0xf0, 0x00, 0x04, 0x8a, 0xf0, 0x80, 0x04, 0x8a,
  0xf0, 0xff, 0x05, 0x88, 0xef, 0xff, 0x05, 0x95, 0xf2, 0xff, 0x09, 0xb7, 0xfc, 0xff, 0x0a, 0xbd,
  0xfd, 0xff, 0x0a, 0xbd, 0xfd, 0xff, 0x09, 0xbb, 0xfd, 0xff, 0x03, 0xae, 0xfd, 0xff, 0x02, 0xab,
  0xfd, 0xff, 0x02, 0xac, 0xfd, 0xff, 0x03, 0x92, 0xf5, 0xff, 0x04, 0x69, 0xe9, 0xff, 0x04, 0x67,
  0xe8, 0xff, 0x04, 0x68, 0xe9, 0xff, 0x04, 0x7e, 0xf0, 0xff, 0x05, 0x8b, 0xf4, 0xff, 0x05, 0x8b,
  0xf4, 0xff, 0x05, 0x8c, 0xf4, 0xff, 0x11, 0xa4, 0xf9, 0xff, 0x1d, 0xbc, 0xfe, 0xff, 0x1d, 0xbd,
  0xfd, 0xff, 0x1b, 0xbd, 0xfd, 0xff, 0x11, 0xc0, 0xfd, 0xff, 0x0d, 0xc1, 0xfd, 0xff, 0x0d, 0xc1,
  0xfd, 0xff, 0x0d, 0xc1, 0xfd, 0xff, 0x0d, 0xb8, 0xfd, 0xff, 0x0d, 0xb2, 0xfd, 0xff, 0x0d, 0xb2,
  0xfd, 0xff, 0x0b, 0xa6, 0xf7, 0xff, 0x06, 0x7b, 0xe1, 0xff, 0x04, 0x6f, 0xdb, 0xff, 0x04, 0x6f,
  0xdb, 0xff, 0x04, 0x59, 0xab, 0xff, 0x03, 0x3b, 0x69, 0xff, 0x03, 0x39, 0x65, 0xff, 0x03, 0x39,
  0x66, 0xff, 0x03, 0x35, 0x4d, 0xff, 0x02, 0x2d, 0x0e, 0xff, 0x02, 0x2c, 0x03, 0xff, 0x02, 0x2d,
  0x07, 0xff, 0x03, 0x50, 0x68, 0xff, 0x04, 0x73, 0xc9, 0xff, 0x04, 0x74, 0xcb, 0xff, 0x04, 0x74,
  0xcc, 0xff, 0x03, 0x5b, 0x89, 0xff, 0x02, 0x30, 0x10, 0xff, 0x02, 0x2c, 0x03, 0xff, 0x02, 0x2c,
  0x04, 0xf3, 0x02, 0x2b, 0x04, 0xa8, 0x02, 0x2a, 0x04, 0x9b, 0x02, 0x2a, 0x04, 0x9e, 0x02, 0x2a,
  0x04, 0x5f, 0x02, 0x2a, 0x04, 0x00, 0x02, 0x2a, 0x04, 0x00, 0x00, 0x00, 0x00, 0x00, 0x00, 0x00,
  0x00, 0x00, 0x00, 0x00, 0x00, 0x00, 0x00, 0x00, 0x00, 0x00, 0x00, 0x00, 0x00, 0x00, 0x00, 0x00,
  0x00, 0x00, 0x00, 0x00, 0x00, 0x00, 0x04, 0x8a, 0xf0, 0x00, 0x04, 0x8a, 0xf0, 0x80, 0x04, 0x8a,
  0xf0, 0xff, 0x04, 0x89, 0xf0, 0xff, 0x04, 0x93, 0xf2, 0xff, 0x02, 0xae, 0xfc, 0xff, 0x02, 0xb3,
  0xfd, 0xff, 0x02, 0xb3, 0xfd, 0xff, 0x02, 0xb2, 0xfd, 0xff, 0x02, 0xad, 0xfd, 0xff, 0x02, 0xab,
  0xfd, 0xff, 0x02, 0xab, 0xfd, 0xff, 0x03, 0xa1, 0xfd, 0xff, 0x04, 0x90, 0xfd, 0xff, 0x04, 0x8f,
  0xfe, 0xff, 0x04, 0x8f, 0xfd, 0xff, 0x04, 0x8a, 0xf3, 0xff, 0x05, 0x88, 0xee, 0xff, 0x05, 0x88,
  0xee, 0xff, 0x05, 0x89, 0xee, 0xff, 0x0c, 0xab, 0xf5, 0xff, 0x15, 0xcc, 0xfd, 0xff, 0x15, 0xcd,
  0xfd, 0xff, 0x15, 0xcc, 0xfd, 0xff, 0x15, 0xcc, 0xfd, 0xff, 0x16, 0xcc, 0xfd, 0xff, 0x16, 0xcc,
  0xfd, 0xff, 0x15, 0xcc, 0xfd, 0xff, 0x15, 0xcc, 0xfd, 0xff, 0x15, 0xcd, 0xfd, 0xff, 0x15, 0xcd,
  0xfd, 0xff, 0x11, 0xc2, 0xfd, 0xff, 0x07, 0x99, 0xfd, 0xff, 0x04, 0x8e, 0xfe, 0xff, 0x04, 0x8f,
  0xfe, 0xff, 0x04, 0x71, 0xde, 0xff, 0x04, 0x47, 0xb2, 0xff, 0x04, 0x44, 0xaf, 0xff, 0x04, 0x45,
  0xb1, 0xff, 0x03, 0x3e, 0x85, 0xff, 0x02, 0x2e, 0x16, 0xff, 0x02, 0x2c, 0x02, 0xff, 0x02, 0x2e,
  0x08, 0xff, 0x04, 0x5d, 0x82, 0xff, 0x04, 0x8e, 0xfc, 0xff, 0x04, 0x8f, 0xfe, 0xff, 0x04, 0x8f,
  0xff, 0xff, 0x04, 0x6e, 0xab, 0xff, 0x02, 0x32, 0x13, 0xff, 0x02, 0x2c, 0x03, 0xff, 0x02, 0x2c,
  0x04, 0xff, 0x02, 0x2c, 0x04, 0xff, 0x02, 0x2c, 0x04, 0xff, 0x02, 0x2c, 0x04, 0xff, 0x02, 0x2c,
  0x04, 0x9c, 0x02, 0x2c, 0x04, 0x00, 0x02, 0x2c, 0x04, 0x00, 0x00, 0x00, 0x00, 0x00, 0x00, 0x00,
  0x00, 0x00, 0x00, 0x00, 0x00, 0x00, 0x00, 0x00, 0x00, 0x00, 0x00, 0x00, 0x00, 0x00, 0x00, 0x00,
  0x00, 0x00, 0x00, 0x00, 0x00, 0x00, 0x04, 0x8a, 0xf0, 0x00, 0x04, 0x8a, 0xf0, 0x80, 0x04, 0x8a,
  0xf0, 0xff, 0x04, 0x8a, 0xf0, 0xff, 0x03, 0x94, 0xf3, 0xff, 0x02, 0xaf, 0xfc, 0xff, 0x02, 0xb3,
  0xfd, 0xff, 0x02, 0xb3, 0xfd, 0xff, 0x02, 0xb2, 0xfd, 0xff, 0x02, 0xad, 0xfd, 0xff, 0x02, 0xab,
  0xfd, 0xff, 0x02, 0xab, 0xfd, 0xff, 0x03, 0xa0, 0xfd, 0xff, 0x04, 0x8f, 0xfd, 0xff, 0x04, 0x8e,
  0xfd, 0xff, 0x04, 0x8e, 0xfd, 0xff, 0x05, 0x8a, 0xf4, 0xff, 0x05, 0x88, 0xee, 0xff, 0x05, 0x88,
  0xee, 0xff, 0x05, 0x89, 0xee, 0xff, 0x0c, 0xab, 0xf5, 0xff, 0x15, 0xcb, 0xfd, 0xff, 0x15, 0xcc,
  0xfd, 0xff, 0x15, 0xcc, 0xfd, 0xff, 0x15, 0xcc, 0xfd, 0xff, 0x15, 0xcc, 0xfd, 0xff, 0x15, 0xcc,
  0xfd, 0xff, 0x15, 0xcc, 0xfd, 0xff, 0x15, 0xcc, 0xfd, 0xff, 0x15, 0xcc, 0xfd, 0xff, 0x16, 0xcd,
  0xfd, 0xff, 0x11, 0xc2, 0xfd, 0xff, 0x07, 0x99, 0xfd, 0xff, 0x04, 0x8e, 0xfd, 0xff, 0x04, 0x8e,
  0xfd, 0xff, 0x04, 0x70, 0xdd, 0xff, 0x04, 0x46, 0xb0, 0xff, 0x04, 0x44, 0xae, 0xff, 0x04, 0x44,
  0xb0, 0xff, 0x03, 0x3e, 0x84, 0xff, 0x02, 0x2e, 0x16, 0xff, 0x02, 0x2c, 0x02, 0xff, 0x02, 0x2e,
  0x08, 0xff, 0x04, 0x5d, 0x82, 0xff, 0x04, 0x8d, 0xfb, 0xff, 0x04, 0x8e, 0xfd, 0xff, 0x04, 0x8f,
  0xff, 0xff, 0x04, 0x6e, 0xab, 0xff, 0x02, 0x32, 0x13, 0xff, 0x02, 0x2c, 0x03, 0xff, 0x02, 0x2c,
  0x04, 0xff, 0x02, 0x2c, 0x04, 0xff, 0x02, 0x2c, 0x04, 0xff, 0x02, 0x2c, 0x04, 0xff, 0x02, 0x2c,
  0x04, 0x9c, 0x02, 0x2c, 0x04, 0x00, 0x02, 0x2c, 0x04, 0x00, 0x00, 0x00, 0x00, 0x00, 0x00, 0x00,
  0x00, 0x00, 0x00, 0x00, 0x00, 0x00, 0x00, 0x00, 0x00, 0x00, 0x00, 0x00, 0x00, 0x00, 0x00, 0x00,
  0x00, 0x00, 0x00, 0x00, 0x00, 0x00, 0x02, 0x89, 0xf0, 0x00, 0x02, 0x89, 0xf0, 0x80, 0x02, 0x89,
  0xf0, 0xff, 0x02, 0x88, 0xf0, 0xff, 0x02, 0x93, 0xf3, 0xff, 0x02, 0xaf, 0xfd, 0xff, 0x02, 0xb3,
  0xfe, 0xff, 0x02, 0xb2, 0xfd, 0xff, 0x02, 0xb2, 0xfd, 0xff, 0x02, 0xaf, 0xfe, 0xff, 0x02, 0xae,
  0xfe, 0xff, 0x02, 0xae, 0xfe, 0xff, 0x03, 0xa2, 0xfe, 0xff, 0x04, 0x8f, 0xfd, 0xff, 0x04, 0x8e,
  0xfd, 0xff, 0x04, 0x8e, 0xfd, 0xff, 0x04, 0x89, 0xf3, 0xff, 0x05, 0x87, 0xee, 0xff, 0x05, 0x87,
  0xee, 0xff, 0x05, 0x88, 0xee, 0xff, 0x0c, 0xab, 0xf5, 0xff, 0x15, 0xcc, 0xfd, 0xff, 0x16, 0xcd,
  0xfd, 0xff, 0x16, 0xcd, 0xfd, 0xff, 0x16, 0xcd, 0xfd, 0xff, 0x16, 0xcd, 0xfd, 0xff, 0x16, 0xcd,
  0xfd, 0xff, 0x16, 0xcd, 0xfd, 0xff, 0x16, 0xcd, 0xfd, 0xff, 0x16, 0xcd, 0xfd, 0xff, 0x16, 0xcd,
  0xfd, 0xff, 0x12, 0xc2, 0xfd, 0xff, 0x07, 0x99, 0xfd, 0xff, 0x04, 0x8e, 0xfd, 0xff, 0x04, 0x8e,
  0xfd, 0xff, 0x04, 0x70, 0xdc, 0xff, 0x04, 0x45, 0xaf, 0xff, 0x04, 0x43, 0xac, 0xff, 0x04, 0x43,
  0xae, 0xff, 0x03, 0x3c, 0x82, 0xff, 0x00, 0x2b, 0x12, 0xff, 0x00, 0x28, 0x00, 0xff, 0x00, 0x2a,
  0x04, 0xff, 0x02, 0x5b, 0x80, 0xff, 0x04, 0x8e, 0xfc, 0xff, 0x05, 0x8f, 0xfe, 0xff, 0x04, 0x8f,
  0xff, 0xff, 0x04, 0x6e, 0xab, 0xff, 0x02, 0x32, 0x13, 0xff, 0x02, 0x2c, 0x03, 0xff, 0x02, 0x2c,
  0x04, 0xff, 0x02, 0x2c, 0x04, 0xff, 0x02, 0x2c, 0x04, 0xff, 0x02, 0x2c, 0x04, 0xff, 0x02, 0x2c,
  0x04, 0x9c, 0x02, 0x2c, 0x04, 0x00, 0x02, 0x2c, 0x04, 0x00, 0x00, 0x00, 0x00, 0x00, 0x00, 0x00,
  0x00, 0x00, 0x06, 0x0d, 0xa6, 0x00, 0x06, 0x0d, 0xa6, 0x02, 0x06, 0x0d, 0xa6, 0x47, 0x06, 0x0d,
  0xa6, 0x65, 0x06, 0x0c, 0xa5, 0x63, 0x0d, 0x19, 0xab, 0x61, 0x26, 0x8f, 0xe8, 0xb1, 0x26, 0xa6,
  0xf6, 0xff, 0x26, 0xa5, 0xf5, 0xff, 0x1f, 0xab, 0xf8, 0xff, 0x0c, 0xbb, 0xfe, 0xff, 0x09, 0xbd,
  0xff, 0xff, 0x09, 0xbd, 0xfe, 0xff, 0x09, 0xb2, 0xf9, 0xff, 0x05, 0x7f, 0xe6, 0xff, 0x04, 0x71,
  0xe1, 0xff, 0x04, 0x71, 0xe1, 0xff, 0x04, 0x7b, 0xea, 0xff, 0x04, 0x8b, 0xf7, 0xff, 0x04, 0x8c,
  0xf7, 0xff, 0x05, 0x8d, 0xf7, 0xff, 0x08, 0x9a, 0xf5, 0xff, 0x0a, 0xa1, 0xf4, 0xff, 0x0a, 0xa1,
  0xf4, 0xff, 0x0a, 0xa1, 0xf4, 0xff, 0x0b, 0xb1, 0xf8, 0xff, 0x0e, 0xc0, 0xfd, 0xff, 0x0e, 0xc0,
  0xfd, 0xff, 0x0e, 0xc0, 0xfd, 0xff, 0x0e, 0xc0, 0xfd, 0xff, 0x0e, 0xc0, 0xfd, 0xff, 0x0e, 0xc0,
  0xfd, 0xff, 0x0e, 0xc0, 0xfd, 0xff, 0x0e, 0xc0, 0xfd, 0xff, 0x0e, 0xc0, 0xfd, 0xff, 0x0e, 0xc0,
  0xfd, 0xff, 0x0c, 0xb7, 0xfd, 0xff, 0x06, 0x97, 0xfd, 0xff, 0x04, 0x8e, 0xfd, 0xff, 0x04, 0x8e,
  0xfd, 0xff, 0x04, 0x7b, 0xe8, 0xff, 0x04, 0x61, 0xcc, 0xff, 0x04, 0x5f, 0xcb, 0xff, 0x04, 0x5f,
  0xcc, 0xff, 0x14, 0x65, 0xb0, 0xff, 0x3c, 0x74, 0x6a, 0xff, 0x43, 0x77, 0x5e, 0xff, 0x41, 0x77,
  0x61, 0xff, 0x23, 0x81, 0xac, 0xff, 0x05, 0x8c, 0xf6, 0xff, 0x05, 0x8c, 0xf7, 0xff, 0x04, 0x8d,
  0xf8, 0xff, 0x03, 0x6c, 0xa7, 0xff, 0x02, 0x31, 0x13, 0xff, 0x02, 0x2c, 0x03, 0xff, 0x02, 0x2c,
  0x04, 0xff, 0x02, 0x2c, 0x04, 0xff, 0x02, 0x2c, 0x04, 0xff, 0x02, 0x2c, 0x04, 0xff, 0x02, 0x2c,
  0x04, 0x9c, 0x02, 0x2c, 0x04, 0x00, 0x02, 0x2c, 0x04, 0x00, 0x00, 0x00, 0x00, 0x00, 0x00, 0x00,
  0x00, 0x00, 0x06, 0x0e, 0xae, 0x00, 0x06, 0x0e, 0xae, 0x06, 0x06, 0x0e, 0xae, 0xb6, 0x06, 0x0e,
  0xae, 0xff, 0x06, 0x0d, 0xae, 0xff, 0x0d, 0x1c, 0xb4, 0xff, 0x44, 0x95, 0xe6, 0xff, 0x61, 0xd5,
  0xff, 0xff, 0x61, 0xd3, 0xff, 0xff, 0x4e, 0xd1, 0xff, 0xff, 0x1e, 0xce, 0xff, 0xff, 0x15, 0xcd,
  0xff, 0xff, 0x15, 0xce, 0xff, 0xff, 0x13, 0xb2, 0xf3, 0xff, 0x08, 0x31, 0xbf, 0xff, 0x06, 0x0e,
  0xb1, 0xff, 0x06, 0x0f, 0xb1, 0xff, 0x05, 0x3c, 0xc8, 0xff, 0x05, 0x85, 0xed, 0xff, 0x05, 0x88,
  0xee, 0xff, 0x05, 0x8b, 0xef, 0xff, 0x0e, 0xb4, 0xf8, 0xff, 0x15, 0xcc, 0xfd, 0xff, 0x15, 0xcb,
  0xfd, 0xff, 0x14, 0xca, 0xfd, 0xff, 0x0a, 0xbb, 0xfd, 0xff, 0x02, 0xac, 0xfd, 0xff, 0x02, 0xac,
  0xfd, 0xff, 0x02, 0xac, 0xfd, 0xff, 0x02, 0xac, 0xfd, 0xff, 0x02, 0xac, 0xfd, 0xff, 0x02, 0xac,
  0xfd, 0xff, 0x02, 0xac, 0xfd, 0xff, 0x02, 0xac, 0xfd, 0xff, 0x02, 0xac, 0xfd, 0xff, 0x02, 0xac,
  0xfd, 0xff, 0x02, 0xa6, 0xfd, 0xff, 0x04, 0x93, 0xfd, 0xff, 0x04, 0x8e, 0xfd, 0xff, 0x04, 0x8e,
  0xfd, 0xff, 0x04, 0x8e, 0xfd, 0xff, 0x04, 0x8d, 0xfc, 0xff, 0x04, 0x8d, 0xfc, 0xff, 0x03, 0x8c,
  0xfc, 0xff, 0x2f, 0xa8, 0xfb, 0xff, 0x9d, 0xee, 0xf9, 0xff, 0xb1, 0xfa, 0xf8, 0xff, 0xac, 0xf7,
  0xf8, 0xff, 0x58, 0xc0, 0xf4, 0xff, 0x06, 0x89, 0xef, 0xff, 0x05, 0x88, 0xee, 0xff, 0x05, 0x89,
  0xf0, 0xff, 0x03, 0x6a, 0xa1, 0xff, 0x02, 0x32, 0x12, 0xff, 0x02, 0x2c, 0x03, 0xff, 0x02, 0x2c,
  0x04, 0xff, 0x02, 0x2c, 0x04, 0xff, 0x02, 0x2c, 0x04, 0xff, 0x02, 0x2c, 0x04, 0xff, 0x02, 0x2c,
  0x04, 0x9c, 0x02, 0x2c, 0x04, 0x00, 0x02, 0x2c, 0x04, 0x00, 0x00, 0x00, 0x00, 0x00, 0x00, 0x00,
  0x00, 0x00, 0x06, 0x0e, 0xb2, 0x00, 0x06, 0x0e, 0xb2, 0x06, 0x06, 0x0e, 0xb2, 0xb6, 0x06, 0x0e,
  0xb2, 0xff, 0x06, 0x0d, 0xb2, 0xff, 0x0d, 0x1d, 0xb8, 0xff, 0x45, 0x96, 0xe7, 0xff, 0x63, 0xd6,
  0xff, 0xff, 0x63, 0xd4, 0xff, 0xff, 0x4f, 0xd3, 0xff, 0xff, 0x1e, 0xcf, 0xff, 0xff, 0x15, 0xce,
  0xff, 0xff, 0x16, 0xcf, 0xff, 0xff, 0x13, 0xb4, 0xf4, 0xff, 0x08, 0x2f, 0xbd, 0xff, 0x06, 0x0c,
  0xaf, 0xff, 0x06, 0x0c, 0xaf, 0xff, 0x05, 0x3a, 0xc7, 0xff, 0x05, 0x84, 0xed, 0xff, 0x05, 0x88,
  0xee, 0xff, 0x05, 0x8b, 0xef, 0xff, 0x0f, 0xb5, 0xf8, 0xff, 0x16, 0xcd, 0xfd, 0xff, 0x15, 0xcc,
  0xfd, 0xff, 0x15, 0xcc, 0xfd, 0xff, 0x0b, 0xbc, 0xfd, 0xff, 0x02, 0xab, 0xfd, 0xff, 0x02, 0xab,
  0xfd, 0xff, 0x02, 0xab, 0xfd, 0xff, 0x02, 0xab, 0xfd, 0xff, 0x02, 0xab, 0xfd, 0xff, 0x02, 0xab,
  0xfd, 0xff, 0x02, 0xab, 0xfd, 0xff, 0x02, 0xab, 0xfd, 0xff, 0x02, 0xab, 0xfd, 0xff, 0x02, 0xab,
  0xfd, 0xff, 0x02, 0xa6, 0xfd, 0xff, 0x04, 0x93, 0xfd, 0xff, 0x04, 0x8e, 0xfd, 0xff, 0x04, 0x8e,
  0xfd, 0xff, 0x04, 0x8e, 0xfd, 0xff, 0x04, 0x8e, 0xfd, 0xff, 0x04, 0x8e, 0xfd, 0xff, 0x04, 0x8e,
  0xfe, 0xff, 0x30, 0xaa, 0xfe, 0xff, 0xa0, 0xf1, 0xfd, 0xff, 0xb4, 0xfe, 0xfd, 0xff, 0xb0, 0xfb,
  0xfc, 0xff, 0x5a, 0xc2, 0xf6, 0xff, 0x06, 0x89, 0xee, 0xff, 0x05, 0x88, 0xee, 0xff, 0x05, 0x88,
  0xf0, 0xff, 0x03, 0x6a, 0xa1, 0xff, 0x02, 0x32, 0x12, 0xff, 0x02, 0x2c, 0x03, 0xff, 0x02, 0x2c,
  0x04, 0xff, 0x02, 0x2c, 0x04, 0xff, 0x02, 0x2c, 0x04, 0xff, 0x02, 0x2c, 0x04, 0xff, 0x02, 0x2c,
  0x04, 0x9c, 0x02, 0x2c, 0x04, 0x00, 0x02, 0x2c, 0x04, 0x00, 0x00, 0x00, 0x00, 0x00, 0x00, 0x00,
  0x00, 0x00, 0x06, 0x0e, 0xb2, 0x00, 0x06, 0x0e, 0xb2, 0x05, 0x06, 0x0e, 0xb2, 0xb2, 0x06, 0x0e,
  0xb2, 0xfe, 0x06, 0x0d, 0xb2, 0xf9, 0x0d, 0x1d, 0xb8, 0xf9, 0x45, 0x95, 0xe6, 0xfc, 0x61, 0xd2,
  0xfe, 0xff, 0x61, 0xd0, 0xfe, 0xff, 0x4e, 0xd0, 0xfe, 0xff, 0x1e, 0xce, 0xff, 0xff, 0x15, 0xce,
  0xff, 0xff, 0x16, 0xcf, 0xff, 0xff, 0x14, 0xb5, 0xf5, 0xff, 0x09, 0x32, 0xc0, 0xff, 0x06, 0x10,
  0xb1, 0xff, 0x06, 0x10, 0xb1, 0xff, 0x05, 0x3c, 0xc8, 0xff, 0x05, 0x84, 0xed, 0xff, 0x05, 0x87,
  0xee, 0xff, 0x05, 0x8a, 0xef, 0xff, 0x0e, 0xb4, 0xf8, 0xff, 0x15, 0xcb, 0xfe, 0xff, 0x15, 0xcb,
  0xfd, 0xff, 0x14, 0xca, 0xfd, 0xff, 0x0b, 0xbb, 0xfd, 0xff, 0x02, 0xac, 0xfd, 0xff, 0x02, 0xac,
  0xfd, 0xff, 0x02, 0xac, 0xfd, 0xff, 0x02, 0xac, 0xfd, 0xff, 0x02, 0xac, 0xfd, 0xff, 0x02, 0xac,
  0xfd, 0xff, 0x02, 0xac, 0xfd, 0xff, 0x02, 0xac, 0xfd, 0xff, 0x02, 0xac, 0xfd, 0xff, 0x02, 0xac,
  0xfd, 0xff, 0x03, 0xa6, 0xfd, 0xff, 0x04, 0x93, 0xfd, 0xff, 0x04, 0x8e, 0xfd, 0xff, 0x04, 0x8e,
  0xfd, 0xff, 0x04, 0x8f, 0xfd, 0xff, 0x04, 0x8f, 0xfd, 0xff, 0x05, 0x8f, 0xfd, 0xff, 0x04, 0x8f,
  0xfe, 0xff, 0x30, 0xaa, 0xfe, 0xff, 0x9d, 0xef, 0xfd, 0xff, 0xb1, 0xfc, 0xfd, 0xff, 0xac, 0xf9,
  0xfc, 0xff, 0x58, 0xc1, 0xf6, 0xff, 0x06, 0x89, 0xef, 0xff, 0x05, 0x88, 0xef, 0xff, 0x05, 0x89,
  0xf0, 0xff, 0x03, 0x6a, 0xa2, 0xfc, 0x02, 0x31, 0x12, 0xf9, 0x02, 0x2c, 0x03, 0xf9, 0x02, 0x2c,
  0x04, 0xf9, 0x02, 0x2c, 0x04, 0xf9, 0x02, 0x2c, 0x04, 0xf9, 0x02, 0x2c, 0x04, 0xfe, 0x02, 0x2c,
  0x04, 0x98, 0x02, 0x2c, 0x04, 0x00, 0x02, 0x2c, 0x04, 0x00, 0x00, 0x00, 0x00, 0x00, 0x00, 0x00,
  0x00, 0x00, 0x06, 0x0e, 0xb2, 0x00, 0x06, 0x0e, 0xb2, 0x02, 0x06, 0x0e, 0xb2, 0x34, 0x06, 0x0e,
  0xb2, 0x4a, 0x06, 0x0d, 0xb2, 0x49, 0x0d, 0x1d, 0xb8, 0x46, 0x24, 0x4f, 0xcc, 0xa4, 0x23, 0x4d,
  0xcb, 0xff, 0x23, 0x4c, 0xca, 0xff, 0x20, 0x6d, 0xd8, 0xff, 0x17, 0xc0, 0xf9, 0xff, 0x16, 0xcf,
  0xff, 0xff, 0x16, 0xce, 0xff, 0xff, 0x15, 0xc6, 0xfc, 0xff, 0x12, 0x9c, 0xeb, 0xff, 0x11, 0x90,
  0xe6, 0xff, 0x10, 0x91, 0xe5, 0xff, 0x0c, 0x86, 0xea, 0xff, 0x07, 0x75, 0xf1, 0xff, 0x07, 0x74,
  0xf1, 0xff, 0x07, 0x77, 0xf1, 0xff, 0x08, 0x93, 0xf9, 0xff, 0x09, 0xa2, 0xfe, 0xff, 0x09, 0xa2,
  0xfe, 0xff, 0x09, 0xa3, 0xfd, 0xff, 0x0c, 0xb2, 0xfd, 0xff, 0x0f, 0xc1, 0xfd, 0xff, 0x0f, 0xc1,
  0xfd, 0xff, 0x0f, 0xc2, 0xfd, 0xff, 0x0f, 0xc2, 0xfd, 0xff, 0x0f, 0xc2, 0xfd, 0xff, 0x0f, 0xc1,
  0xfd, 0xff, 0x0f, 0xc1, 0xfd, 0xff, 0x0f, 0xc1, 0xfd, 0xff, 0x0f, 0xc1, 0xfd, 0xff, 0x0f, 0xc2,
  0xfd, 0xff, 0x0d, 0xb8, 0xfd, 0xff, 0x06, 0x97, 0xfd, 0xff, 0x04, 0x8e, 0xfd, 0xff, 0x04, 0x8e,
  0xfd, 0xff, 0x03, 0x99, 0xfd, 0xff, 0x03, 0xa7, 0xfd, 0xff, 0x03, 0xa8, 0xfd, 0xff, 0x03, 0xa7,
  0xfd, 0xff, 0x11, 0xaa, 0xfd, 0xff, 0x35, 0xb0, 0xfd, 0xff, 0x3c, 0xb2, 0xfd, 0xff, 0x3a, 0xb1,
  0xfd, 0xff, 0x1f, 0x9f, 0xfb, 0xff, 0x05, 0x8d, 0xf9, 0xff, 0x04, 0x8d, 0xf9, 0xff, 0x04, 0x8d,
  0xf9, 0xff, 0x04, 0x7c, 0xce, 0x90, 0x02, 0x2d, 0x08, 0x46, 0x02, 0x2c, 0x03, 0x49, 0x02, 0x2c,
  0x04, 0x49, 0x02, 0x2c, 0x04, 0x49, 0x02, 0x2c, 0x04, 0x49, 0x02, 0x2c, 0x04, 0x4a, 0x02, 0x2c,
  0x04, 0x2d, 0x02, 0x2c, 0x04, 0x00, 0x02, 0x2c, 0x04, 0x00, 0x00, 0x00, 0x00, 0x00, 0x00, 0x00,
  0x00, 0x00, 0x00, 0x00, 0x00, 0x00, 0x00, 0x00, 0x00, 0x00, 0x00, 0x00, 0x00, 0x00, 0x00, 0x00,
  0x00, 0x00, 0x00, 0x00, 0x00, 0x00, 0x05, 0x0b, 0xb1, 0x00, 0x05, 0x0b, 0xb1, 0x80, 0x05, 0x0b,
  0xb1, 0xff, 0x05, 0x0a, 0xb0, 0xff, 0x09, 0x3b, 0xc4, 0xff, 0x14, 0xb9, 0xf7, 0xff, 0x16, 0xcf,
  0xff, 0xff, 0x16, 0xce, 0xff, 0xff, 0x16, 0xce, 0xff, 0xff, 0x16, 0xd0, 0xff, 0xff, 0x16, 0xd1,
  0xff, 0xff, 0x16, 0xd1, 0xff, 0xff, 0x10, 0xab, 0xfa, 0xff, 0x08, 0x6e, 0xf3, 0xff, 0x08, 0x6b,
  0xf2, 0xff, 0x07, 0x6d, 0xf3, 0xff, 0x05, 0x82, 0xf9, 0xff, 0x04, 0x8e, 0xfd, 0xff, 0x04, 0x8d,
  0xfd, 0xff, 0x04, 0x8e, 0xfd, 0xff, 0x0d, 0xad, 0xfe, 0xff, 0x15, 0xcc, 0xfd, 0xff, 0x16, 0xcd,
  0xfd, 0xff, 0x16, 0xcc, 0xfd, 0xff, 0x16, 0xcd, 0xfd, 0xff, 0x16, 0xcd, 0xfd, 0xff, 0x16, 0xcd,
  0xfd, 0xff, 0x16, 0xcd, 0xfd, 0xff, 0x16, 0xcd, 0xfd, 0xff, 0x16, 0xcd, 0xfd, 0xff, 0x16, 0xcd,
  0xfd, 0xff, 0x12, 0xc2, 0xfd, 0xff, 0x07, 0x99, 0xfd, 0xff, 0x04, 0x8e, 0xfd, 0xff, 0x04, 0x8f,
  0xfd, 0xff, 0x03, 0x9e, 0xfd, 0xff, 0x02, 0xb2, 0xfd, 0xff, 0x02, 0xb3, 0xfd, 0xff, 0x02, 0xb4,
  0xfd, 0xff, 0x02, 0xaa, 0xfd, 0xff, 0x02, 0x91, 0xfd, 0xff, 0x02, 0x8c, 0xfd, 0xff, 0x02, 0x8d,
  0xfd, 0xff, 0x03, 0x8e, 0xfd, 0xff, 0x04, 0x8e, 0xfd, 0xff, 0x04, 0x8e, 0xfd, 0xff, 0x04, 0x8e,
  0xfd, 0xff, 0x04, 0x8f, 0xfd, 0x63, 0x04, 0x8e, 0xfd, 0x00, 0x00, 0x00, 0x00, 0x00, 0x00, 0x00,
  0x00, 0x00, 0x00, 0x00, 0x00, 0x00, 0x00, 0x00, 0x00, 0x00, 0x00, 0x00, 0x00, 0x00, 0x00, 0x00,
  0x00, 0x00, 0x00, 0x00, 0x00, 0x00, 0x00, 0x00, 0x00, 0x00, 0x00, 0x00, 0x00, 0x00, 0x00, 0x00,
  0x00, 0x00, 0x00, 0x00, 0x00, 0x00, 0x00, 0x00, 0x00, 0x00, 0x00, 0x00, 0x00, 0x00, 0x00, 0x00,
  0x00, 0x00, 0x00, 0x00, 0x00, 0x00, 0x06, 0x0e, 0xb2, 0x00, 0x06, 0x0e, 0xb2, 0x80, 0x06, 0x0e,
  0xb2, 0xff, 0x06, 0x0c, 0xb1, 0xff, 0x0a, 0x3d, 0xc5, 0xff, 0x14, 0xb9, 0xf7, 0xff, 0x16, 0xcf,
  0xff, 0xff, 0x16, 0xce, 0xff, 0xff, 0x16, 0xce, 0xff, 0xff, 0x16, 0xce, 0xff, 0xff, 0x16, 0xce,
  0xff, 0xff, 0x16, 0xcf, 0xff, 0xff, 0x10, 0xaa, 0xfa, 0xff, 0x08, 0x6f, 0xf3, 0xff, 0x08, 0x6b,
  0xf2, 0xff, 0x07, 0x6d, 0xf3, 0xff, 0x05, 0x82, 0xfa, 0xff, 0x04, 0x8e, 0xfd, 0xff, 0x04, 0x8d,
  0xfd, 0xff, 0x04, 0x8f, 0xfd, 0xff, 0x0d, 0xad, 0xfd, 0xff, 0x15, 0xcc, 0xfd, 0xff, 0x16, 0xcc,
  0xfd, 0xff, 0x16, 0xcc, 0xfd, 0xff, 0x16, 0xcc, 0xfd, 0xff, 0x15, 0xcc, 0xfd, 0xff, 0x16, 0xcc,
  0xfd, 0xff, 0x16, 0xcc, 0xfd, 0xff, 0x15, 0xcd, 0xfd, 0xff, 0x15, 0xcd, 0xfd, 0xff, 0x16, 0xcd,
  0xfd, 0xff, 0x12, 0xc2, 0xfd, 0xff, 0x07, 0x99, 0xfd, 0xff, 0x04, 0x8e, 0xfd, 0xff, 0x04, 0x8e,
  0xfd, 0xff, 0x03, 0x9d, 0xfd, 0xff, 0x02, 0xb2, 0xfd, 0xff, 0x02, 0xb3, 0xfd, 0xff, 0x02, 0xb3,
  0xfd, 0xff, 0x03, 0xaa, 0xfd, 0xff, 0x04, 0x92, 0xfd, 0xff, 0x04, 0x8e, 0xfd, 0xff, 0x04, 0x8e,
  0xfd, 0xff, 0x04, 0x8f, 0xfd, 0xff, 0x04, 0x8e, 0xfd, 0xff, 0x04, 0x8e, 0xfd, 0xff, 0x04, 0x8e,
  0xfd, 0xff, 0x04, 0x8e, 0xfd, 0x63, 0x04, 0x8e, 0xfd, 0x00, 0x00, 0x00, 0x00, 0x00, 0x00, 0x00,
  0x00, 0x00, 0x00, 0x00, 0x00, 0x00, 0x00, 0x00, 0x00, 0x00, 0x00, 0x00, 0x00, 0x00, 0x00, 0x00,
  0x00, 0x00, 0x00, 0x00, 0x00, 0x00, 0x00, 0x00, 0x00, 0x00, 0x00, 0x00, 0x00, 0x00, 0x00, 0x00,
  0x00, 0x00, 0x00, 0x00, 0x00, 0x00, 0x00, 0x00, 0x00, 0x00, 0x00, 0x00, 0x00, 0x00, 0x00, 0x00,
  0x00, 0x00, 0x00, 0x00, 0x00, 0x00, 0x06, 0x0e, 0xb2, 0x00, 0x06, 0x0e, 0xb2, 0x67, 0x06, 0x0e,
  0xb2, 0xd0, 0x06, 0x0c, 0xb1, 0xcd, 0x0a, 0x3d, 0xc5, 0xcd, 0x14, 0xb9, 0xf7, 0xcd, 0x16, 0xcf,
  0xff, 0xcd, 0x16, 0xce, 0xff, 0xcd, 0x16, 0xce, 0xff, 0xcd, 0x16, 0xce, 0xff, 0xcd, 0x16, 0xce,
  0xff, 0xcd, 0x16, 0xcf, 0xff, 0xcd, 0x10, 0xa9, 0xfa, 0xd7, 0x07, 0x75, 0xf3, 0xfc, 0x07, 0x71,
  0xf1, 0xff, 0x07, 0x73, 0xf2, 0xff, 0x07, 0x8c, 0xf9, 0xff, 0x07, 0x9a, 0xfd, 0xff, 0x07, 0x9a,
  0xfd, 0xff, 0x07, 0x9b, 0xfd, 0xff, 0x0c, 0xb1, 0xfd, 0xff, 0x12, 0xc7, 0xfd, 0xff, 0x12, 0xc7,
  0xfd, 0xff, 0x12, 0xc7, 0xfd, 0xff, 0x12, 0xc7, 0xfd, 0xff, 0x12, 0xc7, 0xfd, 0xff, 0x12, 0xc7,
  0xfd, 0xff, 0x12, 0xc7, 0xfd, 0xff, 0x12, 0xc3, 0xfd, 0xff, 0x12, 0xc1, 0xfd, 0xff, 0x12, 0xc1,
  0xfe, 0xff, 0x10, 0xb8, 0xfd, 0xff, 0x07, 0x97, 0xfd, 0xff, 0x04, 0x8e, 0xfd, 0xff, 0x04, 0x8e,
  0xfd, 0xff, 0x03, 0x9d, 0xfd, 0xff, 0x02, 0xb2, 0xfd, 0xff, 0x02, 0xb3, 0xfd, 0xff, 0x02, 0xb3,
  0xfd, 0xff, 0x02, 0xab, 0xfd, 0xff, 0x04, 0x97, 0xfd, 0xff, 0x04, 0x94, 0xfd, 0xff, 0x04, 0x94,
  0xfd, 0xff, 0x04, 0x92, 0xfd, 0xff, 0x04, 0x8e, 0xfd, 0xff, 0x04, 0x8e, 0xfd, 0xff, 0x04, 0x8e,
  0xfd, 0xff, 0x04, 0x8d, 0xfb, 0x82, 0x06, 0x83, 0xeb, 0x2e, 0x06, 0x82, 0xeb, 0x32, 0x07, 0x84,
  0xea, 0x2c, 0x07, 0x84, 0xeb, 0x06, 0x07, 0x84, 0xeb, 0x00, 0x00, 0x00, 0x00, 0x00, 0x00, 0x00,
  0x00, 0x00, 0x00, 0x00, 0x00, 0x00, 0x00, 0x00, 0x00, 0x00, 0x00, 0x00, 0x00, 0x00, 0x00, 0x00,
  0x00, 0x00, 0x00, 0x00, 0x00, 0x00, 0x00, 0x00, 0x00, 0x00, 0x00, 0x00, 0x00, 0x00, 0x00, 0x00,
  0x00, 0x00, 0x00, 0x00, 0x00, 0x00, 0x06, 0x0e, 0xb2, 0x00, 0x06, 0x0e, 0xb2, 0x08, 0x06, 0x0e,
  0xb2, 0x10, 0x06, 0x0c, 0xb1, 0x10, 0x0a, 0x3d, 0xc5, 0x10, 0x14, 0xb9, 0xf7, 0x10, 0x16, 0xcf,
  0xff, 0x10, 0x16, 0xce, 0xff, 0x10, 0x16, 0xce, 0xff, 0x10, 0x16, 0xce, 0xff, 0x10, 0x16, 0xce,
  0xff, 0x10, 0x1a, 0xdf, 0xff, 0x0d, 0x07, 0x92, 0xf3, 0x3f, 0x04, 0x88, 0xf0, 0xf0, 0x05, 0x87,
  0xef, 0xff, 0x05, 0x89, 0xef, 0xff, 0x0e, 0xb1, 0xf8, 0xff, 0x13, 0xc7, 0xfd, 0xff, 0x13, 0xc7,
  0xfd, 0xff, 0x13, 0xc6, 0xfd, 0xff, 0x0b, 0xbe, 0xfd, 0xff, 0x04, 0xb5, 0xfd, 0xff, 0x04, 0xb5,
  0xfd, 0xff, 0x04, 0xb5, 0xfd, 0xff, 0x04, 0xb5, 0xfd, 0xff, 0x04, 0xb5, 0xfd, 0xff, 0x04, 0xb5,
  0xfd, 0xff, 0x04, 0xb4, 0xfd, 0xff, 0x04, 0xa1, 0xfd, 0xff, 0x06, 0x93, 0xfd, 0xff, 0x06, 0x94,
  0xfd, 0xff, 0x05, 0x93, 0xfd, 0xff, 0x04, 0x8f, 0xfd, 0xff, 0x04, 0x8e, 0xfd, 0xff, 0x04, 0x8e,
  0xfd, 0xff, 0x03, 0x9d, 0xfd, 0xff, 0x02, 0xb2, 0xfd, 0xff, 0x02, 0xb3, 0xfd, 0xff, 0x02, 0xb3,
  0xfd, 0xff, 0x02, 0xb1, 0xfd, 0xff, 0x02, 0xaa, 0xfd, 0xff, 0x02, 0xa9, 0xfd, 0xff, 0x02, 0xa8,
  0xfd, 0xff, 0x03, 0x9b, 0xfd, 0xff, 0x04, 0x8e, 0xfd, 0xff, 0x04, 0x8e, 0xfd, 0xff, 0x04, 0x8e,
  0xfd, 0xff, 0x04, 0x8d, 0xfb, 0xf5, 0x05, 0x8a, 0xf7, 0xef, 0x05, 0x8a, 0xf7, 0xf1, 0x05, 0x8b,
  0xf7, 0xd3, 0x05, 0x8b, 0xf7, 0x1d, 0x05, 0x8b, 0xf7, 0x00, 0x00, 0x00, 0x00, 0x00, 0x00, 0x00,
  0x00, 0x00, 0x00, 0x00, 0x00, 0x00, 0x00, 0x00, 0x00, 0x00, 0x00, 0x00, 0x00, 0x00, 0x00, 0x00,
  0x00, 0x00, 0x00, 0x00, 0x00, 0x00, 0x00, 0x00, 0x00, 0x00, 0x00, 0x00, 0x00, 0x00, 0x00, 0x00,
  0x00, 0x00, 0x00, 0x00, 0x00, 0x00, 0x00, 0x00, 0x00, 0x00, 0x00, 0x00, 0x00, 0x00, 0x00, 0x00,
  0x00, 0x00, 0x00, 0x00, 0x00, 0x00, 0x00, 0x00, 0x00, 0x00, 0x00, 0x00, 0x00, 0x00, 0x00, 0x00,
  0x00, 0x00, 0x00, 0x00, 0x00, 0x00, 0x00, 0x00, 0x00, 0x00, 0x00, 0x00, 0x00, 0x00, 0x00, 0x00,
  0x00, 0x00, 0x04, 0x8a, 0xf0, 0x00, 0x04, 0x8a, 0xf0, 0x32, 0x04, 0x8a, 0xf0, 0xef, 0x04, 0x8a,
  0xf0, 0xff, 0x05, 0x8c, 0xf0, 0xff, 0x0f, 0xb5, 0xf8, 0xff, 0x16, 0xcd, 0xfe, 0xff, 0x15, 0xcc,
  0xfd, 0xff, 0x15, 0xcc, 0xfd, 0xff, 0x0b, 0xbf, 0xfd, 0xff, 0x02, 0xb3, 0xfd, 0xff, 0x02, 0xb3,
  0xfd, 0xff, 0x02, 0xb3, 0xfd, 0xff, 0x02, 0xb2, 0xfd, 0xff, 0x02, 0xb2, 0xfd, 0xff, 0x02, 0xb2,
  0xfd, 0xff, 0x02, 0xb1, 0xfd, 0xff, 0x03, 0x9d, 0xfd, 0xff, 0x04, 0x8e, 0xfd, 0xff, 0x04, 0x8e,
  0xfd, 0xff, 0x04, 0x8e, 0xfd, 0xff, 0x04, 0x8e, 0xfd, 0xff, 0x04, 0x8e, 0xfd, 0xff, 0x04, 0x8e,
  0xfd, 0xff, 0x03, 0x9d, 0xfd, 0xff, 0x02, 0xb2, 0xfd, 0xff, 0x02, 0xb3, 0xfd, 0xff, 0x02, 0xb3,
  0xfd, 0xff, 0x02, 0xb1, 0xfd, 0xff, 0x02, 0xac, 0xfd, 0xff, 0x02, 0xab, 0xfd, 0xff, 0x02, 0xab,
  0xfd, 0xff, 0x03, 0x9d, 0xfd, 0xff, 0x04, 0x8e, 0xfd, 0xff, 0x04, 0x8e, 0xfd, 0xff, 0x04, 0x8e,
  0xfd, 0xff, 0x04, 0x8e, 0xfd, 0xff, 0x04, 0x8e, 0xfd, 0xff, 0x04, 0x8e, 0xfd, 0xff, 0x04, 0x8e,
  0xfd, 0xe0, 0x04, 0x8f, 0xfe, 0x1f, 0x04, 0x8f, 0xfe, 0x00, 0x00, 0x00, 0x00, 0x00, 0x00, 0x00,
  0x00, 0x00, 0x00, 0x00, 0x00, 0x00, 0x00, 0x00, 0x00, 0x00, 0x00, 0x00, 0x00, 0x00, 0x00, 0x00,
  0x00, 0x00, 0x00, 0x00, 0x00, 0x00, 0x00, 0x00, 0x00, 0x00, 0x00, 0x00, 0x00, 0x00, 0x00, 0x00,
  0x00, 0x00, 0x00, 0x00, 0x00, 0x00, 0x00, 0x00, 0x00, 0x00, 0x00, 0x00, 0x00, 0x00, 0x00, 0x00,
  0x00, 0x00, 0x00, 0x00, 0x00, 0x00, 0x00, 0x00, 0x00, 0x00, 0x00, 0x00, 0x00, 0x00, 0x00, 0x00,
  0x00, 0x00, 0x00, 0x00, 0x00, 0x00, 0x00, 0x00, 0x00, 0x00, 0x00, 0x00, 0x00, 0x00, 0x00, 0x00,
  0x00, 0x00, 0x04, 0x8a, 0xf0, 0x00, 0x04, 0x8a, 0xf0, 0x32, 0x04, 0x8a, 0xf0, 0xef, 0x04, 0x8a,
  0xf0, 0xff, 0x05, 0x8d, 0xf1, 0xff, 0x0f, 0xb6, 0xf9, 0xff, 0x15, 0xcd, 0xfe, 0xff, 0x15, 0xcd,
  0xfd, 0xff, 0x15, 0xcc, 0xfd, 0xff, 0x0b, 0xc0, 0xfd, 0xff, 0x03, 0xb3, 0xfd, 0xff, 0x02, 0xb3,
  0xfd, 0xff, 0x02, 0xb3, 0xfd, 0xff, 0x02, 0xb3, 0xfd, 0xff, 0x02, 0xb3, 0xfd, 0xff, 0x02, 0xb3,
  0xfd, 0xff, 0x02, 0xb1, 0xfd, 0xff, 0x03, 0x9d, 0xfd, 0xff, 0x04, 0x8e, 0xfd, 0xff, 0x04, 0x8e,
  0xfd, 0xff, 0x04, 0x8e, 0xfd, 0xff, 0x04, 0x8e, 0xfd, 0xff, 0x04, 0x8e, 0xfd, 0xff, 0x04, 0x8e,
  0xfd, 0xff, 0x03, 0x9d, 0xfd, 0xff, 0x02, 0xb2, 0xfd, 0xff, 0x02, 0xb3, 0xfd, 0xff, 0x02, 0xb3,
  0xfd, 0xff, 0x02, 0xb1, 0xfd, 0xff, 0x02, 0xac, 0xfd, 0xff, 0x02, 0xab, 0xfd, 0xff, 0x02, 0xab,
  0xfd, 0xff, 0x03, 0x9c, 0xfd, 0xff, 0x04, 0x8f, 0xfd, 0xff, 0x04, 0x8e, 0xfd, 0xff, 0x04, 0x8e,
  0xfd, 0xff, 0x04, 0x8e, 0xfd, 0xff, 0x04, 0x8f, 0xfd, 0xff, 0x04, 0x8f, 0xfd, 0xff, 0x04, 0x8f,
  0xfe, 0xe0, 0x04, 0x8f, 0xfe, 0x1f, 0x04, 0x8f, 0xfe, 0x00, 0x00, 0x00, 0x00, 0x00, 0x00, 0x00,
  0x00, 0x00, 0x00, 0x00, 0x00, 0x00, 0x00, 0x00, 0x00, 0x00, 0x00, 0x00, 0x00, 0x00, 0x00, 0x00,
  0x00, 0x00, 0x00, 0x00, 0x00, 0x00, 0x00, 0x00, 0x00, 0x00, 0x00, 0x00, 0x00, 0x00, 0x00, 0x00,
  0x00, 0x00, 0x00, 0x00, 0x00, 0x00, 0x00, 0x00, 0x00, 0x00, 0x00, 0x00, 0x00, 0x00, 0x00, 0x00,
  0x00, 0x00, 0x00, 0x00, 0x00, 0x00, 0x00, 0x00, 0x00, 0x00, 0x00, 0x00, 0x00, 0x00, 0x00, 0x00,
  0x00, 0x00, 0x00, 0x00, 0x00, 0x00, 0x00, 0x00, 0x00, 0x00, 0x00, 0x00, 0x00, 0x00, 0x00, 0x00,
  0x00, 0x00, 0x04, 0x8a, 0xf0, 0x00, 0x04, 0x8a, 0xf0, 0x2c, 0x04, 0x8a, 0xf0, 0xd3, 0x04, 0x8a,
  0xf0, 0xe1, 0x05, 0x8d, 0xf1, 0xe0, 0x10, 0xb3, 0xfa, 0xf0, 0x14, 0xc3, 0xfe, 0xff, 0x13, 0xc1,
  0xfd, 0xff, 0x13, 0xc1, 0xfd, 0xff, 0x0b, 0xb8, 0xfd, 0xff, 0x03, 0xaf, 0xfd, 0xff, 0x03, 0xaf,
  0xfd, 0xff, 0x03, 0xaf, 0xfd, 0xff, 0x02, 0xb2, 0xfd, 0xff, 0x02, 0xb3, 0xfd, 0xff, 0x02, 0xb3,
  0xfd, 0xff, 0x02, 0xb1, 0xfd, 0xff, 0x03, 0x9d, 0xfd, 0xff, 0x04, 0x8e, 0xfd, 0xff, 0x04, 0x8e,
  0xfd, 0xff, 0x04, 0x8e, 0xfd, 0xff, 0x04, 0x8e, 0xfd, 0xff, 0x04, 0x8e, 0xfd, 0xff, 0x04, 0x8e,
  0xfd, 0xff, 0x03, 0x9d, 0xfd, 0xff, 0x02, 0xb2, 0xfd, 0xff, 0x02, 0xb3, 0xfd, 0xff, 0x02, 0xb3,
  0xfd, 0xff, 0x02, 0xb1, 0xfd, 0xff, 0x02, 0xac, 0xfd, 0xff, 0x02, 0xab, 0xfd, 0xff, 0x02, 0xab,
  0xfd, 0xff, 0x03, 0x9c, 0xfd, 0xff, 0x04, 0x8f, 0xfd, 0xff, 0x04, 0x8e, 0xfd, 0xff, 0x04, 0x8e,
  0xfd, 0xff, 0x04, 0x8c, 0xfb, 0xff, 0x04, 0x88, 0xf7, 0xff, 0x04, 0x88, 0xf7, 0xff, 0x04, 0x88,
  0xf7, 0xe0, 0x04, 0x88, 0xf8, 0x1f, 0x04, 0x88, 0xf8, 0x00, 0x00, 0x00, 0x00, 0x00, 0x00, 0x00,
  0x00, 0x00, 0x00, 0x00, 0x00, 0x00, 0x00, 0x00, 0x00, 0x00, 0x00, 0x00, 0x00, 0x00, 0x00, 0x00,
  0x00, 0x00, 0x00, 0x00, 0x00, 0x00, 0x00, 0x00, 0x00, 0x00, 0x00, 0x00, 0x00, 0x00, 0x00, 0x00,
  0x00, 0x00, 0x00, 0x00, 0x00, 0x00, 0x00, 0x00, 0x00, 0x00, 0x00, 0x00, 0x00, 0x00, 0x00, 0x00,
  0x00, 0x00, 0x00, 0x00, 0x00, 0x00, 0x00, 0x00, 0x00, 0x00, 0x00, 0x00, 0x00, 0x00, 0x00, 0x00,
  0x00, 0x00, 0x00, 0x00, 0x00, 0x00, 0x00, 0x00, 0x00, 0x00, 0x00, 0x00, 0x00, 0x00, 0x00, 0x00,
  0x00, 0x00, 0x04, 0x8a, 0xf0, 0x00, 0x04, 0x8a, 0xf0, 0x06, 0x04, 0x8a, 0xf0, 0x1d, 0x04, 0x8a,
  0xf0, 0x1f, 0x04, 0x90, 0xf0, 0x1b, 0x0a, 0x81, 0xf6, 0x8f, 0x0a, 0x7c, 0xf6, 0xff, 0x09, 0x7b,
  0xf5, 0xff, 0x09, 0x7b, 0xf5, 0xff, 0x06, 0x87, 0xfa, 0xff, 0x04, 0x94, 0xfe, 0xff, 0x04, 0x94,
  0xfe, 0xff, 0x04, 0x98, 0xfe, 0xff, 0x03, 0xac, 0xfe, 0xff, 0x02, 0xb3, 0xfd, 0xff, 0x02, 0xb3,
  0xfd, 0xff, 0x02, 0xb1, 0xfd, 0xff, 0x03, 0x9d, 0xfd, 0xff, 0x04, 0x8e, 0xfd, 0xff, 0x04, 0x8e,
  0xfd, 0xff, 0x04, 0x8e, 0xfd, 0xff, 0x04, 0x8e, 0xfd, 0xff, 0x04, 0x8e, 0xfd, 0xff, 0x04, 0x8e,
  0xfd, 0xff, 0x03, 0x9d, 0xfd, 0xff, 0x02, 0xb2, 0xfd, 0xff, 0x02, 0xb3, 0xfd, 0xff, 0x02, 0xb3,
  0xfd, 0xff, 0x02, 0xb1, 0xfd, 0xff, 0x02, 0xac, 0xfd, 0xff, 0x02, 0xab, 0xfd, 0xff, 0x02, 0xab,
  0xfd, 0xff, 0x03, 0x9c, 0xfd, 0xff, 0x04, 0x8f, 0xfd, 0xff, 0x04, 0x8e, 0xfd, 0xff, 0x04, 0x8e,
  0xfd, 0xff, 0x04, 0x7d, 0xed, 0xff, 0x04, 0x5d, 0xd0, 0xff, 0x04, 0x59, 0xcd, 0xff, 0x04, 0x5a,
  0xcd, 0xe0, 0x04, 0x5a, 0xcd, 0x1f, 0x04, 0x5a, 0xcd, 0x00, 0x00, 0x00, 0x00, 0x00, 0x00, 0x00,
  0x00, 0x00, 0x00, 0x00, 0x00, 0x00, 0x00, 0x00, 0x00, 0x00, 0x00, 0x00, 0x00, 0x00, 0x00, 0x00,
  0x00, 0x00, 0x00, 0x00, 0x00, 0x00, 0x00, 0x00, 0x00, 0x00, 0x00, 0x00, 0x00, 0x00, 0x00, 0x00,
  0x00, 0x00, 0x00, 0x00, 0x00, 0x00, 0x00, 0x00, 0x00, 0x00, 0x00, 0x00, 0x00, 0x00, 0x00, 0x00,
  0x00, 0x00, 0x00, 0x00, 0x00, 0x00, 0x00, 0x00, 0x00, 0x00, 0x00, 0x00, 0x00, 0x00, 0x00, 0x00,
  0x00, 0x00, 0x00, 0x00, 0x00, 0x00, 0x00, 0x00, 0x00, 0x00, 0x00, 0x00, 0x00, 0x00, 0x00, 0x00,
  0x00, 0x00, 0x00, 0x00, 0x00, 0x00, 0x00, 0x00, 0x00, 0x00, 0x00, 0x00, 0x00, 0x00, 0x00, 0x00,
  0x00, 0x00, 0x08, 0x6d, 0xf4, 0x00, 0x08, 0x6d, 0xf4, 0x80, 0x08, 0x6d, 0xf4, 0xff, 0x08, 0x6d,
  0xf4, 0xff, 0x08, 0x6c, 0xf3, 0xff, 0x06, 0x7c, 0xf9, 0xff, 0x04, 0x8e, 0xfe, 0xff, 0x04, 0x8e,
  0xfe, 0xff, 0x04, 0x92, 0xfe, 0xff, 0x03, 0xaa, 0xfd, 0xff, 0x02, 0xb3, 0xfd, 0xff, 0x02, 0xb3,
  0xfd, 0xff, 0x02, 0xb1, 0xfd, 0xff, 0x03, 0x9d, 0xfd, 0xff, 0x04, 0x8e, 0xfd, 0xff, 0x04, 0x8e,
  0xfd, 0xff, 0x04, 0x8e, 0xfd, 0xff, 0x04, 0x8e, 0xfd, 0xff, 0x04, 0x8e, 0xfd, 0xff, 0x04, 0x8e,
  0xfd, 0xff, 0x03, 0x9d, 0xfd, 0xff, 0x02, 0xb2, 0xfd, 0xff, 0x02, 0xb3, 0xfd, 0xff, 0x02, 0xb3,
  0xfd, 0xff, 0x02, 0xb1, 0xfd, 0xff, 0x02, 0xac, 0xfd, 0xff, 0x02, 0xab, 0xfd, 0xff, 0x02, 0xab,
  0xfd, 0xff, 0x03, 0x9c, 0xfd, 0xff, 0x04, 0x8e, 0xfd, 0xff, 0x04, 0x8e, 0xfd, 0xff, 0x04, 0x8f,
  0xfd, 0xff, 0x04, 0x7a, 0xea, 0xff, 0x04, 0x54, 0xc7, 0xff, 0x04, 0x4f, 0xc4, 0xff, 0x04, 0x50,
  0xc4, 0xe0, 0x04, 0x50, 0xc4, 0x1f, 0x04, 0x50, 0xc4, 0x00, 0x00, 0x00, 0x00, 0x00, 0x00, 0x00,
  0x00, 0x00, 0x00, 0x00, 0x00, 0x00, 0x00, 0x00, 0x00, 0x00, 0x00, 0x00, 0x00, 0x00, 0x00, 0x00,
  0x00, 0x00, 0x00, 0x00, 0x00, 0x00, 0x00, 0x00, 0x00, 0x00, 0x00, 0x00, 0x00, 0x00, 0x00, 0x00,
  0x00, 0x00, 0x00, 0x00, 0x00, 0x00, 0x00, 0x00, 0x00, 0x00, 0x00, 0x00, 0x00, 0x00, 0x00, 0x00,
  0x00, 0x00, 0x00, 0x00, 0x00, 0x00, 0x00, 0x00, 0x00, 0x00, 0x00, 0x00, 0x00, 0x00, 0x00, 0x00,
  0x00, 0x00, 0x00, 0x00, 0x00, 0x00, 0x00, 0x00, 0x00, 0x00, 0x00, 0x00, 0x00, 0x00, 0x00, 0x00,
  0x00, 0x00, 0x00, 0x00, 0x00, 0x00, 0x00, 0x00, 0x00, 0x00, 0x00, 0x00, 0x00, 0x00, 0x00, 0x00,
  0x00, 0x00, 0x08, 0x6e, 0xf4, 0x00, 0x08, 0x6e, 0xf4, 0x80, 0x08, 0x6e, 0xf4, 0xff, 0x08, 0x6e,
  0xf4, 0xff, 0x08, 0x6e, 0xf4, 0xff, 0x06, 0x7d, 0xf9, 0xff, 0x04, 0x8e, 0xfe, 0xff, 0x04, 0x8f,
  0xfe, 0xff, 0x04, 0x93, 0xfe, 0xff, 0x02, 0xab, 0xfe, 0xff, 0x02, 0xb4, 0xfd, 0xff, 0x02, 0xb3,
  0xfd, 0xff, 0x02, 0xb2, 0xfd, 0xff, 0x03, 0x9d, 0xfd, 0xff, 0x04, 0x8d, 0xfd, 0xff, 0x04, 0x8e,
  0xfd, 0xff, 0x04, 0x8e, 0xfd, 0xff, 0x04, 0x8e, 0xfd, 0xff, 0x04, 0x8e, 0xfd, 0xff, 0x04, 0x8e,
  0xfd, 0xff, 0x03, 0x9d, 0xfd, 0xff, 0x02, 0xb2, 0xfd, 0xff, 0x02, 0xb3, 0xfd, 0xff, 0x02, 0xb3,
  0xfd, 0xff, 0x02, 0xb1, 0xfd, 0xff, 0x02, 0xac, 0xfd, 0xff, 0x02, 0xab, 0xfd, 0xff, 0x02, 0xab,
  0xfd, 0xff, 0x03, 0x9c, 0xfd, 0xff, 0x04, 0x8e, 0xfd, 0xff, 0x04, 0x8e, 0xfd, 0xff, 0x04, 0x8f,
  0xfd, 0xff, 0x04, 0x7a, 0xea, 0xff, 0x04, 0x54, 0xc8, 0xff, 0x04, 0x50, 0xc4, 0xff, 0x04, 0x51,
  0xc4, 0xe0, 0x04, 0x51, 0xc4, 0x1f, 0x04, 0x51, 0xc4, 0x00, 0x00, 0x00, 0x00, 0x00, 0x00, 0x00,
  0x00, 0x00, 0x00, 0x00, 0x00, 0x00, 0x00, 0x00, 0x00, 0x00, 0x00, 0x00, 0x00, 0x00, 0x00, 0x00,
  0x00, 0x00, 0x00, 0x00, 0x00, 0x00, 0x00, 0x00, 0x00, 0x00, 0x00, 0x00, 0x00, 0x00, 0x00, 0x00,
  0x00, 0x00, 0x00, 0x00, 0x00, 0x00, 0x00, 0x00, 0x00, 0x00, 0x00, 0x00, 0x00, 0x00, 0x00, 0x00,
  0x00, 0x00, 0x00, 0x00, 0x00, 0x00, 0x00, 0x00, 0x00, 0x00, 0x00, 0x00, 0x00, 0x00, 0x00, 0x00,
  0x00, 0x00, 0x00, 0x00, 0x00, 0x00, 0x00, 0x00, 0x00, 0x00, 0x00, 0x00, 0x00, 0x00, 0x00, 0x00,
  0x00, 0x00, 0x00, 0x00, 0x00, 0x00, 0x00, 0x00, 0x00, 0x00, 0x00, 0x00, 0x00, 0x00, 0x00, 0x00,
  0x00, 0x00, 0x08, 0x6e, 0xf4, 0x00, 0x08, 0x6e, 0xf4, 0x4e, 0x08, 0x6e, 0xf4, 0x9e, 0x08, 0x6e,
  0xf4, 0x9c, 0x08, 0x6f, 0xf4, 0x9a, 0x06, 0x7c, 0xf9, 0xb8, 0x06, 0x82, 0xfa, 0xfd, 0x06, 0x82,
  0xfa, 0xff, 0x05, 0x86, 0xfb, 0xff, 0x03, 0x9d, 0xfd, 0xff, 0x03, 0xa6, 0xfe, 0xff, 0x03, 0xa6,
  0xfe, 0xff, 0x03, 0xa5, 0xfd, 0xff, 0x03, 0xa0, 0xfd, 0xff, 0x04, 0x9c, 0xfd, 0xff, 0x03, 0x9c,
  0xfd, 0xff, 0x03, 0x9c, 0xfd, 0xff, 0x03, 0x9c, 0xfd, 0xff, 0x03, 0x9c, 0xfd, 0xff, 0x03, 0x9c,
  0xfd, 0xff, 0x03, 0xa5, 0xfd, 0xff, 0x02, 0xb2, 0xfd, 0xff, 0x02, 0xb3, 0xfd, 0xff, 0x02, 0xb3,
  0xfd, 0xff, 0x02, 0xb2, 0xfd, 0xff, 0x02, 0xaf, 0xfd, 0xff, 0x02, 0xae, 0xfd, 0xff, 0x02, 0xad,
  0xfd, 0xff, 0x03, 0x9e, 0xfd, 0xff, 0x04, 0x8f, 0xfd, 0xff, 0x04, 0x8e, 0xfd, 0xff, 0x04, 0x8e,
  0xfd, 0xff, 0x04, 0x7a, 0xea, 0xff, 0x04, 0x55, 0xc7, 0xff, 0x04, 0x51, 0xc4, 0xff, 0x04, 0x51,
  0xc4, 0xe1, 0x04, 0x4b, 0xc3, 0x23, 0x07, 0x00, 0xa5, 0x04, 0x06, 0x0e, 0xb0, 0x06, 0x06, 0x0e,
  0xae, 0x03, 0x06, 0x0d, 0xab, 0x00, 0x06, 0x0e, 0xb2, 0x00, 0x00, 0x00, 0x00, 0x00, 0x00, 0x00,
  0x00, 0x00, 0x00, 0x00, 0x00, 0x00, 0x00, 0x00, 0x00, 0x00, 0x00, 0x00, 0x00, 0x00, 0x00, 0x00,
  0x00, 0x00, 0x00, 0x00, 0x00, 0x00, 0x00, 0x00, 0x00, 0x00, 0x00, 0x00, 0x00, 0x00, 0x00, 0x00,
  0x00, 0x00, 0x00, 0x00, 0x00, 0x00, 0x00, 0x00, 0x00, 0x00, 0x00, 0x00, 0x00, 0x00, 0x00, 0x00,
  0x00, 0x00, 0x00, 0x00, 0x00, 0x00, 0x00, 0x00, 0x00, 0x00, 0x00, 0x00, 0x00, 0x00, 0x00, 0x00,
  0x00, 0x00, 0x00, 0x00, 0x00, 0x00, 0x00, 0x00, 0x00, 0x00, 0x00, 0x00, 0x00, 0x00, 0x00, 0x00,
  0x00, 0x00, 0x00, 0x00, 0x00, 0x00, 0x00, 0x00, 0x00, 0x00, 0x00, 0x00, 0x00, 0x00, 0x00, 0x00,
  0x00, 0x00, 0x08, 0x6e, 0xf4, 0x00, 0x08, 0x6e, 0xf4, 0x49, 0x08, 0x6e, 0xf4, 0xf9, 0x08, 0x6d,
  0xf3, 0xff, 0x07, 0x70, 0xf5, 0xff, 0x05, 0x87, 0xfc, 0xff, 0x04, 0x8f, 0xfe, 0xff, 0x04, 0x8f,
  0xfd, 0xff, 0x04, 0x90, 0xfd, 0xff, 0x03, 0xa4, 0xfd, 0xff, 0x02, 0xb2, 0xfd, 0xff, 0x02, 0xb2,
  0xfd, 0xff, 0x02, 0xb2, 0xfd, 0xff, 0x02, 0xb2, 0xfd, 0xff, 0x02, 0xb2, 0xfd, 0xff, 0x02, 0xb2,
  0xfd, 0xff, 0x02, 0xb2, 0xfd, 0xff, 0x02, 0xb3, 0xfd, 0xff, 0x02, 0xb3, 0xfd, 0xff, 0x02, 0xb2,
  0xfd, 0xff, 0x02, 0xb3, 0xfd, 0xff, 0x02, 0xb2, 0xfd, 0xff, 0x02, 0xb2, 0xfd, 0xff, 0x02, 0xb2,
  0xfd, 0xff, 0x03, 0xa0, 0xfd, 0xff, 0x04, 0x8f, 0xfd, 0xff, 0x04, 0x8e, 0xfd, 0xff, 0x04, 0x8f,
  0xfd, 0xff, 0x04, 0x7a, 0xea, 0xff, 0x04, 0x55, 0xc8, 0xff, 0x04, 0x51, 0xc4, 0xff, 0x04, 0x50,
  0xc3, 0xf6, 0x05, 0x2b, 0xb9, 0xbf, 0x06, 0x0d, 0xb0, 0xb5, 0x06, 0x0e, 0xb0, 0xb9, 0x06, 0x0e,
  0xb0, 0x6f, 0x06, 0x0d, 0xa7, 0x00, 0x06, 0x0e, 0xb2, 0x00, 0x00, 0x00, 0x00, 0x00, 0x00, 0x00,
  0x00, 0x00, 0x00, 0x00, 0x00, 0x00, 0x00, 0x00, 0x00, 0x00, 0x00, 0x00, 0x00, 0x00, 0x00, 0x00,
  0x00, 0x00, 0x00, 0x00, 0x00, 0x00, 0x00, 0x00, 0x00, 0x00, 0x00, 0x00, 0x00, 0x00, 0x00, 0x00,
  0x00, 0x00, 0x00, 0x00, 0x00, 0x00, 0x00, 0x00, 0x00, 0x00, 0x00, 0x00, 0x00, 0x00, 0x00, 0x00,
  0x00, 0x00, 0x00, 0x00, 0x00, 0x00, 0x00, 0x00, 0x00, 0x00, 0x00, 0x00, 0x00, 0x00, 0x00, 0x00,
  0x00, 0x00, 0x00, 0x00, 0x00, 0x00, 0x00, 0x00, 0x00, 0x00, 0x00, 0x00, 0x00, 0x00, 0x00, 0x00,
  0x00, 0x00, 0x00, 0x00, 0x00, 0x00, 0x00, 0x00, 0x00, 0x00, 0x00, 0x00, 0x00, 0x00, 0x00, 0x00,
  0x00, 0x00, 0x08, 0x6e, 0xf4, 0x00, 0x08, 0x6e, 0xf4, 0x49, 0x08, 0x6e, 0xf4, 0xf9, 0x08, 0x6d,
  0xf3, 0xff, 0x07, 0x70, 0xf4, 0xff, 0x05, 0x86, 0xfb, 0xff, 0x04, 0x8e, 0xfd, 0xff, 0x04, 0x8e,
  0xfd, 0xff, 0x04, 0x90, 0xfd, 0xff, 0x03, 0xa4, 0xfd, 0xff, 0x02, 0xb3, 0xfd, 0xff, 0x02, 0xb3,
  0xfd, 0xff, 0x02, 0xb3, 0xfd, 0xff, 0x02, 0xb3, 0xfd, 0xff, 0x02, 0xb3, 0xfd, 0xff, 0x02, 0xb3,
  0xfd, 0xff, 0x02, 0xb3, 0xfd, 0xff, 0x02, 0xb3, 0xfd, 0xff, 0x02, 0xb3, 0xfd, 0xff, 0x02, 0xb2,
  0xfd, 0xff, 0x02, 0xb3, 0xfd, 0xff, 0x02, 0xb3, 0xfd, 0xff, 0x02, 0xb3, 0xfd, 0xff, 0x02, 0xb2,
  0xfd, 0xff, 0x03, 0xa1, 0xfd, 0xff, 0x04, 0x8e, 0xfd, 0xff, 0x04, 0x8e, 0xfd, 0xff, 0x04, 0x8f,
  0xfe, 0xff, 0x04, 0x7b, 0xeb, 0xff, 0x04, 0x55, 0xc8, 0xff, 0x04, 0x51, 0xc4, 0xff, 0x04, 0x4f,
  0xc3, 0xff, 0x05, 0x29, 0xb8, 0xff, 0x06, 0x0e, 0xb0, 0xff, 0x06, 0x0e, 0xb0, 0xff, 0x06, 0x0e,
  0xb0, 0x9c, 0x06, 0x0d, 0xa8, 0x00, 0x06, 0x0e, 0xb2, 0x00, 0x00, 0x00, 0x00, 0x00, 0x00, 0x00,
  0x00, 0x00, 0x00, 0x00, 0x00, 0x00, 0x00, 0x00, 0x00, 0x00, 0x00, 0x00, 0x00, 0x00, 0x00, 0x00,
  0x00, 0x00, 0x00, 0x00, 0x00, 0x00, 0x00, 0x00, 0x00, 0x00, 0x00, 0x00, 0x00, 0x00, 0x00, 0x00,
  0x00, 0x00, 0x00, 0x00, 0x00, 0x00, 0x00, 0x00, 0x00, 0x00, 0x00, 0x00, 0x00, 0x00, 0x00, 0x00,
  0x00, 0x00, 0x00, 0x00, 0x00, 0x00, 0x00, 0x00, 0x00, 0x00, 0x00, 0x00, 0x00, 0x00, 0x00, 0x00,
  0x00, 0x00, 0x00, 0x00, 0x00, 0x00, 0x00, 0x00, 0x00, 0x00, 0x00, 0x00, 0x00, 0x00, 0x00, 0x00,
  0x00, 0x00, 0x00, 0x00, 0x00, 0x00, 0x00, 0x00, 0x00, 0x00, 0x00, 0x00, 0x00, 0x00, 0x00, 0x00,
  0x00, 0x00, 0x08, 0x6e, 0xf5, 0x00, 0x08, 0x6e, 0xf5, 0x49, 0x08, 0x6e, 0xf5, 0xf9, 0x08, 0x6e,
  0xf5, 0xff, 0x08, 0x71, 0xf6, 0xff, 0x05, 0x86, 0xfc, 0xff, 0x04, 0x8f, 0xfe, 0xff, 0x04, 0x8f,
  0xfd, 0xff, 0x04, 0x90, 0xfd, 0xff, 0x03, 0xa4, 0xfd, 0xff, 0x02, 0xb3, 0xfd, 0xff, 0x02, 0xb3,
  0xfd, 0xff, 0x02, 0xb3, 0xfd, 0xff, 0x02, 0xb3, 0xfd, 0xff, 0x02, 0xb3, 0xfd, 0xff, 0x02, 0xb3,
  0xfd, 0xff, 0x02, 0xb2, 0xfd, 0xff, 0x02, 0xb2, 0xfd, 0xff, 0x02, 0xb2, 0xfd, 0xff, 0x02, 0xb2,
  0xfd, 0xff, 0x02, 0xb2, 0xfd, 0xff, 0x02, 0xb3, 0xfd, 0xff, 0x02, 0xb3, 0xfd, 0xff, 0x02, 0xb2,
  0xfd, 0xff, 0x03, 0xa1, 0xfd, 0xff, 0x04, 0x8f, 0xfd, 0xff, 0x04, 0x8f, 0xfd, 0xff, 0x04, 0x90,
  0xfe, 0xff, 0x04, 0x7b, 0xeb, 0xff, 0x04, 0x56, 0xc8, 0xff, 0x04, 0x52, 0xc4, 0xff, 0x04, 0x4f,
  0xc3, 0xff, 0x05, 0x29, 0xb8, 0xff, 0x06, 0x0e, 0xb0, 0xff, 0x06, 0x0e, 0xb0, 0xff, 0x06, 0x0e,
  0xb0, 0x9c, 0x06, 0x0d, 0xa7, 0x00, 0x06, 0x0e, 0xb2, 0x00, 0x00, 0x00, 0x00, 0x00, 0x00, 0x00,
  0x00, 0x00, 0x00, 0x00, 0x00, 0x00, 0x00, 0x00, 0x00, 0x00, 0x00, 0x00, 0x00, 0x00, 0x00, 0x00,
  0x00, 0x00, 0x00, 0x00, 0x00, 0x00, 0x00, 0x00, 0x00, 0x00, 0x00, 0x00, 0x00, 0x00, 0x00, 0x00,
  0x00, 0x00, 0x00, 0x00, 0x00, 0x00, 0x00, 0x00, 0x00, 0x00, 0x00, 0x00, 0x00, 0x00, 0x00, 0x00,
  0x00, 0x00, 0x00, 0x00, 0x00, 0x00, 0x00, 0x00, 0x00, 0x00, 0x00, 0x00, 0x00, 0x00, 0x00, 0x00,
  0x00, 0x00, 0x00, 0x00, 0x00, 0x00, 0x00, 0x00, 0x00, 0x00, 0x00, 0x00, 0x00, 0x00, 0x00, 0x00,
  0x00, 0x00, 0x00, 0x00, 0x00, 0x00, 0x00, 0x00, 0x00, 0x00, 0x00, 0x00, 0x00, 0x00, 0x00, 0x00,
  0x00, 0x00, 0x07, 0x67, 0xe8, 0x00, 0x07, 0x67, 0xe8, 0x49, 0x07, 0x67, 0xe8, 0xf9, 0x07, 0x67,
  0xe8, 0xff, 0x07, 0x6b, 0xea, 0xff, 0x05, 0x80, 0xf8, 0xff, 0x05, 0x89, 0xfc, 0xff, 0x05, 0x88,
  0xfb, 0xff, 0x05, 0x8a, 0xfb, 0xff, 0x03, 0xa2, 0xfd, 0xff, 0x02, 0xb3, 0xfd, 0xff, 0x02, 0xb3,
  0xfd, 0xff, 0x02, 0xb3, 0xfd, 0xff, 0x02, 0xb3, 0xfd, 0xff, 0x02, 0xb3, 0xfd, 0xff, 0x02, 0xb3,
  0xfd, 0xff, 0x04, 0xb5, 0xfd, 0xff, 0x06, 0xb7, 0xfd, 0xff, 0x06, 0xb7, 0xfd, 0xff, 0x06, 0xb7,
  0xfd, 0xff, 0x05, 0xb6, 0xfd, 0xff, 0x03, 0xb2, 0xfd, 0xff, 0x02, 0xb1, 0xfd, 0xff, 0x02, 0xb1,
  0xfd, 0xff, 0x03, 0xa0, 0xfd, 0xff, 0x04, 0x8f, 0xfd, 0xff, 0x04, 0x8f, 0xfe, 0xff, 0x04, 0x90,
  0xfe, 0xff, 0x04, 0x77, 0xea, 0xff, 0x04, 0x4a, 0xc4, 0xff, 0x04, 0x45, 0xc0, 0xff, 0x04, 0x44,
  0xc0, 0xf9, 0x05, 0x29, 0xb8, 0xd3, 0x06, 0x0e, 0xb0, 0xcd, 0x06, 0x0e, 0xb0, 0xd1, 0x06, 0x0e,
  0xb0, 0x7d, 0x06, 0x0d, 0xa8, 0x00, 0x06, 0x0e, 0xb2, 0x00, 0x00, 0x00, 0x00, 0x00, 0x00, 0x00,
  0x00, 0x00, 0x00, 0x00, 0x00, 0x00, 0x00, 0x00, 0x00, 0x00, 0x00, 0x00, 0x00, 0x00, 0x00, 0x00,
  0x00, 0x00, 0x00, 0x00, 0x00, 0x00, 0x00, 0x00, 0x00, 0x00, 0x00, 0x00, 0x00, 0x00, 0x00, 0x00,
  0x00, 0x00, 0x00, 0x00, 0x00, 0x00, 0x00, 0x00, 0x00, 0x00, 0x00, 0x00, 0x00, 0x00, 0x00, 0x00,
  0x00, 0x00, 0x00, 0x00, 0x00, 0x00, 0x00, 0x00, 0x00, 0x00, 0x00, 0x00, 0x00, 0x00, 0x00, 0x00,
  0x00, 0x00, 0x00, 0x00, 0x00, 0x00, 0x00, 0x00, 0x00, 0x00, 0x00, 0x00, 0x00, 0x00, 0x00, 0x00,
  0x00, 0x00, 0x00, 0x00, 0x00, 0x00, 0x00, 0x00, 0x00, 0x00, 0x00, 0x00, 0x00, 0x00, 0x00, 0x00,
  0x00, 0x00, 0x04, 0x4a, 0xb6, 0x00, 0x04, 0x4a, 0xb6, 0x49, 0x04, 0x4a, 0xb6, 0xf9, 0x04, 0x4a,
  0xb6, 0xff, 0x05, 0x4f, 0xbe, 0xff, 0x07, 0x68, 0xe6, 0xff, 0x08, 0x71, 0xf5, 0xff, 0x07, 0x6f,
  0xf3, 0xff, 0x07, 0x72, 0xf4, 0xff, 0x04, 0x98, 0xfa, 0xff, 0x02, 0xb4, 0xff, 0xff, 0x02, 0xb4,
  0xff, 0xff, 0x02, 0xb4, 0xff, 0xff, 0x02, 0xb4, 0xff, 0xff, 0x02, 0xb4, 0xff, 0xff, 0x02, 0xb4,
  0xff, 0xff, 0x09, 0xbc, 0xff, 0xff, 0x12, 0xc9, 0xff, 0xff, 0x13, 0xc9, 0xff, 0xff, 0x13, 0xca,
  0xff, 0xff, 0x0f, 0xc3, 0xff, 0xff, 0x04, 0xb0, 0xff, 0xff, 0x02, 0xac, 0xff, 0xff, 0x02, 0xac,
  0xff, 0xff, 0x03, 0x9e, 0xfe, 0xff, 0x04, 0x90, 0xfe, 0xff, 0x04, 0x90, 0xff, 0xff, 0x04, 0x90,
  0xff, 0xff, 0x05, 0x67, 0xe6, 0xff, 0x06, 0x1c, 0xb8, 0xff, 0x06, 0x14, 0xb3, 0xff, 0x06, 0x15,
  0xb3, 0xe2, 0x06, 0x19, 0xb5, 0x2c, 0x06, 0x0d, 0xb1, 0x0e, 0x06, 0x0e, 0xb1, 0x10, 0x06, 0x0e,
  0xb1, 0x0a, 0x06, 0x0e, 0xb0, 0x00, 0x06, 0x0e, 0xb2, 0x00, 0x00, 0x00, 0x00, 0x00, 0x00, 0x00,
  0x00, 0x00, 0x00, 0x00, 0x00, 0x00, 0x00, 0x00, 0x00, 0x00, 0x00, 0x00, 0x00, 0x00, 0x00, 0x00,
  0x00, 0x00, 0x00, 0x00, 0x00, 0x00, 0x00, 0x00, 0x00, 0x00, 0x00, 0x00, 0x00, 0x00, 0x00, 0x00,
  0x00, 0x00, 0x00, 0x00, 0x00, 0x00, 0x00, 0x00, 0x00, 0x00, 0x00, 0x00, 0x00, 0x00, 0x00, 0x00,
  0x00, 0x00, 0x00, 0x00, 0x00, 0x00, 0x00, 0x00, 0x00, 0x00, 0x00, 0x00, 0x00, 0x00, 0x00, 0x00,
  0x00, 0x00, 0x00, 0x00, 0x00, 0x00, 0x00, 0x00, 0x00, 0x00, 0x00, 0x00, 0x00, 0x00, 0x00, 0x00,
  0x00, 0x00, 0x00, 0x00, 0x00, 0x00, 0x00, 0x00, 0x00, 0x00, 0x00, 0x00, 0x00, 0x00, 0x00, 0x00,
  0x00, 0x00, 0x04, 0x46, 0xb0, 0x00, 0x04, 0x46, 0xb0, 0x49, 0x04, 0x46, 0xb0, 0xf9, 0x04, 0x46,
  0xaf, 0xff, 0x05, 0x4b, 0xb8, 0xff, 0x07, 0x65, 0xe4, 0xff, 0x08, 0x6e, 0xf5, 0xff, 0x08, 0x6c,
  0xf3, 0xff, 0x07, 0x6f, 0xf2, 0xff, 0x04, 0x97, 0xfa, 0xff, 0x02, 0xb4, 0xff, 0xff, 0x02, 0xb4,
  0xff, 0xff, 0x02, 0xb4, 0xff, 0xff, 0x02, 0xb4, 0xff, 0xff, 0x02, 0xb4, 0xff, 0xff, 0x02, 0xb4,
  0xff, 0xff, 0x09, 0xbe, 0xff, 0xff, 0x14, 0xcb, 0xff, 0xff, 0x15, 0xcc, 0xff, 0xff, 0x15, 0xcc,
  0xff, 0xff, 0x10, 0xc5, 0xff, 0xff, 0x04, 0xb0, 0xff, 0xff, 0x02, 0xac, 0xff, 0xff, 0x02, 0xab,
  0xff, 0xff, 0x03, 0x9e, 0xff, 0xff, 0x04, 0x90, 0xff, 0xff, 0x04, 0x90, 0xff, 0xff, 0x04, 0x91,
  0xff, 0xff, 0x05, 0x65, 0xe6, 0xff, 0x06, 0x16, 0xb7, 0xff, 0x06, 0x0d, 0xb2, 0xff, 0x06, 0x0e,
  0xb2, 0xe0, 0x06, 0x0e, 0xb2, 0x1f, 0x06, 0x0e, 0xb2, 0x00, 0x00, 0x00, 0x00, 0x00, 0x00, 0x00,
  0x00, 0x00, 0x00, 0x00, 0x00, 0x00, 0x00, 0x00, 0x00, 0x00, 0x00, 0x00, 0x00, 0x00, 0x00, 0x00,
  0x00, 0x00, 0x00, 0x00, 0x00, 0x00, 0x00, 0x00, 0x00, 0x00, 0x00, 0x00, 0x00, 0x00, 0x00, 0x00,
  0x00, 0x00, 0x00, 0x00, 0x00, 0x00, 0x00, 0x00, 0x00, 0x00, 0x00, 0x00, 0x00, 0x00, 0x00, 0x00,
  0x00, 0x00, 0x00, 0x00, 0x00, 0x00, 0x00, 0x00, 0x00, 0x00, 0x00, 0x00, 0x00, 0x00, 0x00, 0x00,
  0x00, 0x00, 0x00, 0x00, 0x00, 0x00, 0x00, 0x00, 0x00, 0x00, 0x00, 0x00, 0x00, 0x00, 0x00, 0x00,
  0x00, 0x00, 0x00, 0x00, 0x00, 0x00, 0x00, 0x00, 0x00, 0x00, 0x00, 0x00, 0x00, 0x00, 0x00, 0x00,
  0x00, 0x00, 0x00, 0x00, 0x00, 0x00, 0x00, 0x00, 0x00, 0x00, 0x00, 0x00, 0x00, 0x00, 0x00, 0x00,
  0x00, 0x00, 0x04, 0x46, 0xb0, 0x00, 0x04, 0x46, 0xb0, 0x49, 0x04, 0x46, 0xb0, 0xf9, 0x04, 0x46,
  0xb0, 0xff, 0x05, 0x4b, 0xb8, 0xff, 0x07, 0x65, 0xe4, 0xff, 0x08, 0x6e, 0xf5, 0xff, 0x08, 0x6e,
  0xf4, 0xff, 0x07, 0x70, 0xf4, 0xff, 0x04, 0x97, 0xfa, 0xff, 0x02, 0xb6, 0xff, 0xff, 0x02, 0xb5,
  0xff, 0xff, 0x02, 0xb5, 0xff, 0xff, 0x02, 0xb5, 0xff, 0xff, 0x02, 0xb4, 0xff, 0xff, 0x02, 0xb5,
  0xff, 0xff, 0x09, 0xbe, 0xff, 0xff, 0x15, 0xcc, 0xff, 0xff, 0x15, 0xcc, 0xff, 0xff, 0x15, 0xcd,
  0xff, 0xff, 0x10, 0xc5, 0xff, 0xff, 0x04, 0xaf, 0xff, 0xff, 0x02, 0xac, 0xff, 0xff, 0x02, 0xab,
  0xff, 0xff, 0x03, 0x9f, 0xff, 0xff, 0x04, 0x92, 0xff, 0xff, 0x04, 0x92, 0xff, 0xff, 0x04, 0x92,
  0xff, 0xff, 0x05, 0x66, 0xe6, 0xff, 0x06, 0x16, 0xb7, 0xff, 0x06, 0x0d, 0xb2, 0xff, 0x06, 0x0e,
  0xb2, 0xe0, 0x06, 0x0e, 0xb2, 0x1f, 0x06, 0x0e, 0xb2, 0x00, 0x00, 0x00, 0x00, 0x00, 0x00, 0x00,
  0x00, 0x00, 0x00, 0x00, 0x00, 0x00, 0x00, 0x00, 0x00, 0x00, 0x00, 0x00, 0x00, 0x00, 0x00, 0x00,
  0x00, 0x00, 0x00, 0x00, 0x00, 0x00, 0x00, 0x00, 0x00, 0x00, 0x00, 0x00, 0x00, 0x00, 0x00, 0x00,
  0x00, 0x00, 0x00, 0x00, 0x00, 0x00, 0x00, 0x00, 0x00, 0x00, 0x00, 0x00, 0x00, 0x00, 0x00, 0x00,
  0x00, 0x00, 0x00, 0x00, 0x00, 0x00, 0x00, 0x00, 0x00, 0x00, 0x00, 0x00, 0x00, 0x00, 0x00, 0x00,
  0x00, 0x00, 0x00, 0x00, 0x00, 0x00, 0x00, 0x00, 0x00, 0x00, 0x00, 0x00, 0x00, 0x00, 0x00, 0x00,
  0x00, 0x00, 0x00, 0x00, 0x00, 0x00, 0x00, 0x00, 0x00, 0x00, 0x00, 0x00, 0x00, 0x00, 0x00, 0x00,
  0x00, 0x00, 0x00, 0x00, 0x00, 0x00, 0x00, 0x00, 0x00, 0x00, 0x00, 0x00, 0x00, 0x00, 0x00, 0x00,
  0x00, 0x00, 0x04, 0x46, 0xb0, 0x00, 0x04, 0x46, 0xb0, 0x25, 0x04, 0x46, 0xb0, 0x7d, 0x04, 0x46,
  0xb0, 0x80, 0x05, 0x4b, 0xb8, 0x80, 0x07, 0x65, 0xe4, 0x80, 0x08, 0x6e, 0xf5, 0x80, 0x08, 0x6e,
  0xf4, 0x80, 0x08, 0x71, 0xf6, 0x7d, 0x04, 0x82, 0xe7, 0xb1, 0x03, 0x81, 0xda, 0xff, 0x03, 0x80,
  0xda, 0xff, 0x03, 0x87, 0xe1, 0xff, 0x04, 0x9e, 0xf9, 0xff, 0x04, 0xa4, 0xff, 0xff, 0x04, 0xa3,
  0xff, 0xff, 0x07, 0xaf, 0xff, 0xff, 0x0c, 0xc0, 0xff, 0xff, 0x0c, 0xc1, 0xff, 0xff, 0x0c, 0xc1,
  0xff, 0xff, 0x09, 0xbd, 0xff, 0xff, 0x03, 0xb1, 0xff, 0xff, 0x02, 0xb0, 0xff, 0xff, 0x02, 0xae,
  0xfe, 0xff, 0x04, 0x81, 0xed, 0xff, 0x05, 0x54, 0xdb, 0xff, 0x05, 0x53, 0xdb, 0xff, 0x05, 0x54,
  0xdb, 0xff, 0x05, 0x4f, 0xd9, 0xb1, 0x06, 0x16, 0xb7, 0x7d, 0x06, 0x0d, 0xb2, 0x80, 0x06, 0x0e,
  0xb2, 0x70, 0x06, 0x0e, 0xb2, 0x0f, 0x06, 0x0e, 0xb2, 0x00, 0x00, 0x00, 0x00, 0x00, 0x00, 0x00,
  0x00, 0x00, 0x00, 0x00, 0x00, 0x00, 0x00, 0x00, 0x00, 0x00, 0x00, 0x00, 0x00, 0x00, 0x00, 0x00,
  0x00, 0x00, 0x00, 0x00, 0x00, 0x00, 0x00, 0x00, 0x00, 0x00, 0x00, 0x00, 0x00, 0x00, 0x00, 0x00,
  0x00, 0x00, 0x00, 0x00, 0x00, 0x00, 0x00, 0x00, 0x00, 0x00, 0x00, 0x00, 0x00, 0x00, 0x00, 0x00,
  0x00, 0x00, 0x00, 0x00, 0x00, 0x00, 0x00, 0x00, 0x00, 0x00, 0x00, 0x00, 0x00, 0x00, 0x00, 0x00,
  0x00, 0x00, 0x00, 0x00, 0x00, 0x00, 0x00, 0x00, 0x00, 0x00, 0x00, 0x00, 0x00, 0x00, 0x00, 0x00,
  0x00, 0x00, 0x00, 0x00, 0x00, 0x00, 0x00, 0x00, 0x00, 0x00, 0x00, 0x00, 0x00, 0x00, 0x00, 0x00,
  0x00, 0x00, 0x00, 0x00, 0x00, 0x00, 0x00, 0x00, 0x00, 0x00, 0x00, 0x00, 0x00, 0x00, 0x00, 0x00,
  0x00, 0x00, 0x00, 0x00, 0x00, 0x00, 0x00, 0x00, 0x00, 0x00, 0x00, 0x00, 0x00, 0x00, 0x00, 0x00,
  0x00, 0x00, 0x00, 0x00, 0x00, 0x00, 0x00, 0x00, 0x00, 0x00, 0x00, 0x00, 0x00, 0x00, 0x00, 0x00,
  0x00, 0x00, 0x04, 0x46, 0xb0, 0x00, 0x04, 0x46, 0xb0, 0x63, 0x04, 0x46, 0xb0, 0xff, 0x04, 0x46,
  0xaf, 0xff, 0x04, 0x53, 0xbe, 0xff, 0x06, 0x84, 0xf2, 0xff, 0x06, 0x91, 0xff, 0xff, 0x06, 0x90,
  0xff, 0xff, 0x04, 0x9f, 0xff, 0xff, 0x02, 0xb3, 0xff, 0xff, 0x02, 0xb4, 0xff, 0xff, 0x02, 0xb4,
  0xff, 0xff, 0x02, 0xb4, 0xff, 0xff, 0x02, 0xb4, 0xff, 0xff, 0x02, 0xb4, 0xff, 0xff, 0x02, 0xb1,
  0xfe, 0xff, 0x04, 0x60, 0xd8, 0xff, 0x06, 0x0f, 0xb3, 0xff, 0x06, 0x0e, 0xb2, 0xff, 0x06, 0x0e,
  0xb2, 0xff, 0x06, 0x0e, 0xb2, 0x63, 0x06, 0x0e, 0xb2, 0x00, 0x00, 0x00, 0x00, 0x00, 0x00, 0x00,
  0x00, 0x00, 0x00, 0x00, 0x00, 0x00, 0x00, 0x00, 0x00, 0x00, 0x00, 0x00, 0x00, 0x00, 0x00, 0x00,
  0x00, 0x00, 0x00, 0x00, 0x00, 0x00, 0x00, 0x00, 0x00, 0x00, 0x00, 0x00, 0x00, 0x00, 0x00, 0x00,
  0x00, 0x00, 0x00, 0x00, 0x00, 0x00, 0x00, 0x00, 0x00, 0x00, 0x00, 0x00, 0x00, 0x00, 0x00, 0x00,
  0x00, 0x00, 0x00, 0x00, 0x00, 0x00, 0x00, 0x00, 0x00, 0x00, 0x00, 0x00, 0x00, 0x00, 0x00, 0x00,
  0x00, 0x00, 0x00, 0x00, 0x00, 0x00, 0x00, 0x00, 0x00, 0x00, 0x00, 0x00, 0x00, 0x00, 0x00, 0x00,
  0x00, 0x00, 0x00, 0x00, 0x00, 0x00, 0x00, 0x00, 0x00, 0x00, 0x00, 0x00, 0x00, 0x00, 0x00, 0x00,
  0x00, 0x00, 0x00, 0x00, 0x00, 0x00, 0x00, 0x00, 0x00, 0x00, 0x00, 0x00, 0x00, 0x00, 0x00, 0x00,
  0x00, 0x00, 0x00, 0x00, 0x00, 0x00, 0x00, 0x00, 0x00, 0x00, 0x00, 0x00, 0x00, 0x00, 0x00, 0x00,
  0x00, 0x00, 0x00, 0x00, 0x00, 0x00, 0x00, 0x00, 0x00, 0x00, 0x00, 0x00, 0x00, 0x00, 0x00, 0x00,
  0x00, 0x00, 0x00, 0x00, 0x00, 0x00, 0x00, 0x00, 0x00, 0x00, 0x00, 0x00, 0x00, 0x00, 0x00, 0x00,
  0x00, 0x00, 0x04, 0x46, 0xb0, 0x00, 0x04, 0x46, 0xb0, 0x63, 0x04, 0x46, 0xb0, 0xff, 0x04, 0x45,
  0xaf, 0xff, 0x04, 0x53, 0xbe, 0xff, 0x06, 0x84, 0xf2, 0xff, 0x06, 0x91, 0xff, 0xff, 0x06, 0x90,
  0xff, 0xff, 0x04, 0x9f, 0xff, 0xff, 0x02, 0xb3, 0xff, 0xff, 0x02, 0xb4, 0xff, 0xff, 0x02, 0xb4,
  0xff, 0xff, 0x02, 0xb4, 0xff, 0xff, 0x02, 0xb4, 0xff, 0xff, 0x02, 0xb4, 0xff, 0xff, 0x02, 0xb1,
  0xfe, 0xff, 0x04, 0x60, 0xd8, 0xff, 0x06, 0x0f, 0xb2, 0xff, 0x06, 0x0e, 0xb2, 0xff, 0x06, 0x0e,
  0xb2, 0xff, 0x06, 0x0e, 0xb2, 0x63, 0x06, 0x0e, 0xb2, 0x00, 0x00, 0x00, 0x00, 0x00, 0x00, 0x00,
  0x00, 0x00, 0x00, 0x00, 0x00, 0x00, 0x00, 0x00, 0x00, 0x00, 0x00, 0x00, 0x00, 0x00, 0x00, 0x00,
  0x00, 0x00, 0x00, 0x00, 0x00, 0x00, 0x00, 0x00, 0x00, 0x00, 0x00, 0x00, 0x00, 0x00, 0x00, 0x00,
  0x00, 0x00, 0x00, 0x00, 0x00, 0x00, 0x00, 0x00, 0x00, 0x00, 0x00, 0x00, 0x00, 0x00, 0x00, 0x00,
  0x00, 0x00, 0x00, 0x00, 0x00, 0x00, 0x00, 0x00, 0x00, 0x00, 0x00, 0x00, 0x00, 0x00, 0x00, 0x00,
  0x00, 0x00, 0x00, 0x00, 0x00, 0x00, 0x00, 0x00, 0x00, 0x00, 0x00, 0x00, 0x00, 0x00, 0x00, 0x00,
  0x00, 0x00, 0x00, 0x00, 0x00, 0x00, 0x00, 0x00, 0x00, 0x00, 0x00, 0x00, 0x00, 0x00, 0x00, 0x00,
  0x00, 0x00, 0x00, 0x00, 0x00, 0x00, 0x00, 0x00, 0x00, 0x00, 0x00, 0x00, 0x00, 0x00, 0x00, 0x00,
  0x00, 0x00, 0x00, 0x00, 0x00, 0x00, 0x00, 0x00, 0x00, 0x00, 0x00, 0x00, 0x00, 0x00, 0x00, 0x00,
  0x00, 0x00, 0x00, 0x00, 0x00, 0x00, 0x00, 0x00, 0x00, 0x00, 0x00, 0x00, 0x00, 0x00, 0x00, 0x00,
  0x00, 0x00, 0x00, 0x00, 0x00, 0x00, 0x00, 0x00, 0x00, 0x00, 0x00, 0x00, 0x00, 0x00, 0x00, 0x00,
  0x00, 0x00, 0x04, 0x46, 0xb0, 0x00, 0x04, 0x46, 0xb0, 0x5d, 0x04, 0x46, 0xb0, 0xf0, 0x04, 0x45,
  0xaf, 0xef, 0x04, 0x53, 0xbe, 0xef, 0x06, 0x84, 0xf2, 0xef, 0x06, 0x91, 0xff, 0xef, 0x06, 0x90,
  0xff, 0xef, 0x04, 0x9f, 0xff, 0xf2, 0x02, 0xb3, 0xff, 0xfe, 0x02, 0xb4, 0xff, 0xff, 0x02, 0xb4,
  0xff, 0xff, 0x02, 0xb4, 0xff, 0xff, 0x02, 0xb4, 0xff, 0xff, 0x02, 0xb4, 0xff, 0xff, 0x02, 0xb1,
  0xfe, 0xfe, 0x04, 0x61, 0xd8, 0xf2, 0x06, 0x0f, 0xb2, 0xef, 0x06, 0x0e, 0xb2, 0xef, 0x06, 0x0e,
  0xb2, 0xf0, 0x06, 0x0e, 0xb2, 0x5d, 0x06, 0x0e, 0xb2, 0x00, 0x00, 0x00, 0x00, 0x00, 0x00, 0x00,
  0x00, 0x00, 0x00, 0x00, 0x00, 0x00, 0x00, 0x00, 0x00, 0x00, 0x00, 0x00, 0x00, 0x00, 0x00, 0x00,
  0x00, 0x00, 0x00, 0x00, 0x00, 0x00, 0x00, 0x00, 0x00, 0x00, 0x00, 0x00, 0x00, 0x00, 0x00, 0x00,
  0x00, 0x00, 0x00, 0x00, 0x00, 0x00, 0x00, 0x00, 0x00, 0x00, 0x00, 0x00, 0x00, 0x00, 0x00, 0x00,
  0x00, 0x00, 0x00, 0x00, 0x00, 0x00, 0x00, 0x00, 0x00, 0x00, 0x00, 0x00, 0x00, 0x00, 0x00, 0x00,
  0x00, 0x00, 0x00, 0x00, 0x00, 0x00, 0x00, 0x00, 0x00, 0x00, 0x00, 0x00, 0x00, 0x00, 0x00, 0x00,
  0x00, 0x00, 0x00, 0x00, 0x00, 0x00, 0x00, 0x00, 0x00, 0x00, 0x00, 0x00, 0x00, 0x00, 0x00, 0x00,
  0x00, 0x00, 0x00, 0x00, 0x00, 0x00, 0x00, 0x00, 0x00, 0x00, 0x00, 0x00, 0x00, 0x00, 0x00, 0x00,
  0x00, 0x00, 0x00, 0x00, 0x00, 0x00, 0x00, 0x00, 0x00, 0x00, 0x00, 0x00, 0x00, 0x00, 0x00, 0x00,
  0x00, 0x00, 0x00, 0x00, 0x00, 0x00, 0x00, 0x00, 0x00, 0x00, 0x00, 0x00, 0x00, 0x00, 0x00, 0x00,
  0x00, 0x00, 0x00, 0x00, 0x00, 0x00, 0x00, 0x00, 0x00, 0x00, 0x00, 0x00, 0x00, 0x00, 0x00, 0x00,
  0x00, 0x00, 0x04, 0x46, 0xb0, 0x00, 0x04, 0x46, 0xb0, 0x13, 0x04, 0x46, 0xb0, 0x32, 0x04, 0x45,
  0xaf, 0x32, 0x04, 0x53, 0xbe, 0x32, 0x06, 0x84, 0xf2, 0x32, 0x06, 0x91, 0xff, 0x32, 0x06, 0x8f,
  0xff, 0x2f, 0x03, 0xa5, 0xff, 0x5a, 0x02, 0xad, 0xff, 0xf2, 0x02, 0xae, 0xff, 0xff, 0x02, 0xae,
  0xff, 0xff, 0x02, 0xaf, 0xff, 0xff, 0x02, 0xb3, 0xff, 0xff, 0x02, 0xb4, 0xff, 0xff, 0x02, 0xb3,
  0xff, 0xf2, 0x03, 0x86, 0xe9, 0x5a, 0x06, 0x06, 0xae, 0x2f, 0x06, 0x0e, 0xb2, 0x32, 0x06, 0x0e,
  0xb2, 0x32, 0x06, 0x0e, 0xb2, 0x13, 0x06, 0x0e, 0xb2, 0x00, 0x00, 0x00, 0x00, 0x00, 0x00, 0x00,
  0x00, 0x00, 0x00, 0x00, 0x00, 0x00, 0x00, 0x00, 0x00, 0x00, 0x00, 0x00, 0x00, 0x00, 0x00, 0x00,
  0x00, 0x00, 0x00, 0x00, 0x00, 0x00, 0x00, 0x00, 0x00, 0x00, 0x00, 0x00, 0x00, 0x00, 0x00, 0x00,
  0x00, 0x00, 0x00, 0x00, 0x00, 0x00, 0x00, 0x00, 0x00, 0x00, 0x00, 0x00, 0x00, 0x00, 0x00, 0x00,
  0x00, 0x00, 0x00, 0x00, 0x00, 0x00, 0x00, 0x00, 0x00, 0x00, 0x00, 0x00, 0x00, 0x00, 0x00, 0x00,
  0x00, 0x00, 0x00, 0x00, 0x00, 0x00, 0x00, 0x00, 0x00, 0x00, 0x00, 0x00, 0x00, 0x00, 0x00, 0x00,
  0x00, 0x00, 0x00, 0x00, 0x00, 0x00, 0x00, 0x00, 0x00, 0x00, 0x00, 0x00, 0x00, 0x00, 0x00, 0x00,
  0x00, 0x00, 0x00, 0x00, 0x00, 0x00, 0x00, 0x00, 0x00, 0x00, 0x00, 0x00, 0x00, 0x00, 0x00, 0x00,
  0x00, 0x00, 0x00, 0x00, 0x00, 0x00, 0x00, 0x00, 0x00, 0x00, 0x00, 0x00, 0x00, 0x00, 0x00, 0x00,
  0x00, 0x00, 0x00, 0x00, 0x00, 0x00, 0x00, 0x00, 0x00, 0x00, 0x00, 0x00, 0x00, 0x00, 0x00, 0x00,
  0x00, 0x00, 0x00, 0x00, 0x00, 0x00, 0x00, 0x00, 0x00, 0x00, 0x00, 0x00, 0x00, 0x00, 0x00, 0x00,
  0x00, 0x00, 0x00, 0x00, 0x00, 0x00, 0x00, 0x00, 0x00, 0x00, 0x00, 0x00, 0x00, 0x00, 0x00, 0x00,
  0x00, 0x00, 0x00, 0x00, 0x00, 0x00, 0x00, 0x00, 0x00, 0x00, 0x00, 0x00, 0x00, 0x00, 0x02, 0xac,
  0xff, 0x00, 0x02, 0xac, 0xff, 0x32, 0x02, 0xac, 0xff, 0xef, 0x02, 0xac, 0xff, 0xff, 0x02, 0xac,
  0xff, 0xff, 0x02, 0xad, 0xff, 0xff, 0x02, 0xb3, 0xff, 0xff, 0x02, 0xb4, 0xff, 0xff, 0x02, 0xb4,
  0xff, 0xef, 0x02, 0xb4, 0xff, 0x32, 0x02, 0xb4, 0xff, 0x00, 0x00, 0x00, 0x00, 0x00, 0x00, 0x00,
  0x00, 0x00, 0x00, 0x00, 0x00, 0x00, 0x00, 0x00, 0x00, 0x00, 0x00, 0x00, 0x00, 0x00, 0x00, 0x00,
  0x00, 0x00, 0x00, 0x00, 0x00, 0x00, 0x00, 0x00, 0x00, 0x00, 0x00, 0x00, 0x00, 0x00, 0x00, 0x00,
  0x00, 0x00, 0x00, 0x00, 0x00, 0x00, 0x00, 0x00, 0x00, 0x00, 0x00, 0x00, 0x00, 0x00, 0x00, 0x00,
  0x00, 0x00, 0x00, 0x00, 0x00, 0x00, 0x00, 0x00, 0x00, 0x00, 0x00, 0x00, 0x00, 0x00, 0x00, 0x00,
  0x00, 0x00, 0x00, 0x00, 0x00, 0x00, 0x00, 0x00, 0x00, 0x00, 0x00, 0x00, 0x00, 0x00, 0x00, 0x00,
  0x00, 0x00, 0x00, 0x00, 0x00, 0x00, 0x00, 0x00, 0x00, 0x00, 0x00, 0x00, 0x00, 0x00, 0x00, 0x00,
  0x00, 0x00, 0x00, 0x00, 0x00, 0x00, 0x00, 0x00, 0x00, 0x00, 0x00, 0x00, 0x00, 0x00, 0x00, 0x00,
  0x00, 0x00, 0x00, 0x00, 0x00, 0x00, 0x00, 0x00, 0x00, 0x00, 0x00, 0x00, 0x00, 0x00, 0x00, 0x00,
  0x00, 0x00, 0x00, 0x00, 0x00, 0x00, 0x00, 0x00, 0x00, 0x00, 0x00, 0x00, 0x00, 0x00, 0x00, 0x00,
  0x00, 0x00, 0x00, 0x00, 0x00, 0x00, 0x00, 0x00, 0x00, 0x00, 0x00, 0x00, 0x00, 0x00, 0x00, 0x00,
  0x00, 0x00, 0x00, 0x00, 0x00, 0x00, 0x00, 0x00, 0x00, 0x00, 0x00, 0x00, 0x00, 0x00, 0x00, 0x00,
  0x00, 0x00, 0x00, 0x00, 0x00, 0x00, 0x00, 0x00, 0x00, 0x00, 0x00, 0x00, 0x00, 0x00, 0x00, 0x00,
  0x00, 0x00, 0x00, 0x00, 0x00, 0x00, 0x00, 0x00, 0x00, 0x00, 0x00, 0x00, 0x00, 0x00, 0x02, 0xac,
  0xff, 0x00, 0x02, 0xac, 0xff, 0x32, 0x02, 0xac, 0xff, 0xef, 0x02, 0xac, 0xff, 0xff, 0x02, 0xac,
  0xff, 0xff, 0x02, 0xad, 0xff, 0xff, 0x02, 0xb3, 0xff, 0xff, 0x02, 0xb4, 0xff, 0xff, 0x02, 0xb4,
  0xff, 0xef, 0x02, 0xb4, 0xff, 0x32, 0x02, 0xb4, 0xff, 0x00, 0x00, 0x00, 0x00, 0x00, 0x00, 0x00,
  0x00, 0x00, 0x00, 0x00, 0x00, 0x00, 0x00, 0x00, 0x00, 0x00, 0x00, 0x00, 0x00, 0x00, 0x00, 0x00,
  0x00, 0x00, 0x00, 0x00, 0x00, 0x00, 0x00, 0x00, 0x00, 0x00, 0x00, 0x00, 0x00, 0x00, 0x00, 0x00,
  0x00, 0x00, 0x00, 0x00, 0x00, 0x00, 0x00, 0x00, 0x00, 0x00, 0x00, 0x00, 0x00, 0x00, 0x00, 0x00,
  0x00, 0x00, 0x00, 0x00, 0x00, 0x00, 0x00, 0x00, 0x00, 0x00, 0x00, 0x00, 0x00, 0x00, 0x00, 0x00,
  0x00, 0x00, 0x00, 0x00, 0x00, 0x00, 0x00, 0x00, 0x00, 0x00, 0x00, 0x00, 0x00, 0x00, 0x00, 0x00,
  0x00, 0x00, 0x00, 0x00, 0x00, 0x00, 0x00, 0x00, 0x00, 0x00, 0x00, 0x00, 0x00, 0x00, 0x00, 0x00,
  0x00, 0x00, 0x00, 0x00, 0x00, 0x00, 0x00, 0x00, 0x00, 0x00, 0x00, 0x00, 0x00, 0x00, 0x00, 0x00,
  0x00, 0x00, 0x00, 0x00, 0x00, 0x00, 0x00, 0x00, 0x00, 0x00, 0x00, 0x00, 0x00, 0x00, 0x00, 0x00,
  0x00, 0x00, 0x00, 0x00, 0x00, 0x00, 0x00, 0x00, 0x00, 0x00, 0x00, 0x00, 0x00, 0x00, 0x00, 0x00,
  0x00, 0x00, 0x00, 0x00, 0x00, 0x00, 0x00, 0x00, 0x00, 0x00, 0x00, 0x00, 0x00, 0x00, 0x00, 0x00,
  0x00, 0x00, 0x00, 0x00, 0x00, 0x00, 0x00, 0x00, 0x00, 0x00, 0x00, 0x00, 0x00, 0x00, 0x00, 0x00,
  0x00, 0x00, 0x00, 0x00, 0x00, 0x00, 0x00, 0x00, 0x00, 0x00, 0x00, 0x00, 0x00, 0x00, 0x00, 0x00,
  0x00, 0x00, 0x00, 0x00, 0x00, 0x00, 0x00, 0x00, 0x00, 0x00, 0x00, 0x00, 0x00, 0x00, 0x02, 0xac,
  0xff, 0x00, 0x02, 0xac, 0xff, 0x32, 0x02, 0xac, 0xff, 0xef, 0x02, 0xac, 0xff, 0xff, 0x02, 0xac,
  0xff, 0xff, 0x02, 0xad, 0xff, 0xff, 0x02, 0xb3, 0xff, 0xff, 0x02, 0xb4, 0xff, 0xff, 0x02, 0xb4,
  0xff, 0xef, 0x02, 0xb4, 0xff, 0x32, 0x02, 0xb4, 0xff, 0x00, 0x00, 0x00, 0x00, 0x00, 0x00, 0x00,
  0x00, 0x00, 0x00, 0x00, 0x00, 0x00, 0x00, 0x00, 0x00, 0x00, 0x00, 0x00, 0x00, 0x00, 0x00, 0x00,
  0x00, 0x00, 0x00, 0x00, 0x00, 0x00, 0x00, 0x00, 0x00, 0x00, 0x00, 0x00, 0x00, 0x00, 0x00, 0x00,
  0x00, 0x00, 0x00, 0x00, 0x00, 0x00, 0x00, 0x00, 0x00, 0x00, 0x00, 0x00, 0x00, 0x00, 0x00, 0x00,
  0x00, 0x00, 0x00, 0x00, 0x00, 0x00, 0x00, 0x00, 0x00, 0x00, 0x00, 0x00, 0x00, 0x00, 0x00, 0x00,
  0x00, 0x00, 0x00, 0x00, 0x00, 0x00, 0x00, 0x00, 0x00, 0x00, 0x00, 0x00, 0x00, 0x00, 0x00, 0x00,
  0x00, 0x00, 0x00, 0x00, 0x00, 0x00, 0x00, 0x00, 0x00, 0x00, 0x00, 0x00, 0x00, 0x00, 0x00, 0x00,
  0x00, 0x00, 0x00, 0x00, 0x00, 0x00, 0x00, 0x00, 0x00, 0x00, 0x00, 0x00, 0x00, 0x00, 0x00, 0x00,
  0x00, 0x00, 0x00, 0x00, 0x00, 0x00, 0x00, 0x00, 0x00, 0x00, 0x00, 0x00, 0x00, 0x00, 0x00, 0x00,
  0x00, 0x00, 0x00, 0x00, 0x00, 0x00, 0x00, 0x00, 0x00, 0x00, 0x00, 0x00, 0x00, 0x00, 0x00, 0x00,
  0x00, 0x00, 0x00, 0x00, 0x00, 0x00, 0x00, 0x00, 0x00, 0x00, 0x00, 0x00, 0x00, 0x00, 0x00, 0x00,
  0x00, 0x00, 0x00, 0x00, 0x00, 0x00, 0x00, 0x00, 0x00, 0x00, 0x00, 0x00, 0x00, 0x00, 0x00, 0x00,
  0x00, 0x00, 0x00, 0x00, 0x00, 0x00, 0x00, 0x00, 0x00, 0x00, 0x00, 0x00, 0x00, 0x00, 0x00, 0x00,
  0x00, 0x00, 0x00, 0x00, 0x00, 0x00, 0x00, 0x00, 0x00, 0x00, 0x00, 0x00, 0x00, 0x00, 0x02, 0xac,
  0xff, 0x00, 0x02, 0xac, 0xff, 0x13, 0x02, 0xac, 0xff, 0x5d, 0x02, 0xac, 0xff, 0x64, 0x02, 0xac,
  0xff, 0x63, 0x02, 0xad, 0xff, 0x63, 0x02, 0xb3, 0xff, 0x63, 0x02, 0xb4, 0xff, 0x64, 0x02, 0xb4,
  0xff, 0x5d, 0x02, 0xb4, 0xff, 0x13, 0x02, 0xb4, 0xff, 0x00, 0x00, 0x00, 0x00, 0x00, 0x00, 0x00,
  0x00, 0x00, 0x00, 0x00, 0x00, 0x00, 0x00, 0x00, 0x00, 0x00, 0x00, 0x00, 0x00, 0x00, 0x00, 0x00,
  0x00, 0x00, 0x00, 0x00, 0x00, 0x00, 0x00, 0x00, 0x00, 0x00, 0x00, 0x00, 0x00, 0x00, 0x00, 0x00,
  0x00, 0x00, 0x00, 0x00, 0x00, 0x00, 0x00, 0x00, 0x00, 0x00, 0x00, 0x00, 0x00, 0x00, 0x00, 0x00,
  0x00, 0x00, 0x00, 0x00, 0x00, 0x00, 0x00, 0x00, 0x00, 0x00, 0x00, 0x00, 0x00, 0x00, 0x00, 0x00,
  0x00, 0x00, 0x00, 0x00, 0x00, 0x00, 0x00, 0x00, 0x00, 0x00, 0x00, 0x00, 0x00, 0x00, 0x00, 0x00,
  0x00, 0x00, 0x00, 0x00, 0x00, 0x00, 0x00, 0x00, 0x00, 0x00, 0x00, 0x00, 0x00, 0x00, 0x00, 0x00,
  0x00, 0x00, 0x00, 0x00, 0x00, 0x00, 0x00, 0x00, 0x00, 0x00, 0x00, 0x00, 0x00, 0x00, 0x00, 0x00,
  0x00, 0x00, 0x00, 0x00, 0x00, 0x00, 0x00, 0x00, 0x00, 0x00, 0x00, 0x00, 0x00, 0x00, 0x00, 0x00,
  0x00, 0x00, 0x00, 0x00, 0x00, 0x00, 0x00, 0x00, 0x00, 0x00, 0x00, 0x00, 0x00, 0x00, 0x00, 0x00,
  0x00, 0x00, 0x00, 0x00, 0x00, 0x00, 0x00, 0x00, 0x00, 0x00, 0x00, 0x00, 0x00, 0x00, 0x00, 0x00,
  0x00, 0x00, 0x00, 0x00, 0x00, 0x00, 0x00, 0x00, 0x00, 0x00, 0x00, 0x00, 0x00, 0x00, 0x00, 0x00,
  0x00, 0x00, 0x00, 0x00, 0x00, 0x00, 0x00, 0x00, 0x00, 0x00, 0x00, 0x00, 0x00, 0x00, 0x00, 0x00,
  0x00, 0x00, 0x00, 0x00, 0x00, 0x00, 0x00, 0x00, 0x00, 0x00, 0x00, 0x00, 0x00, 0x00, 0x00, 0x00,
  0x00, 0x00, 0x00, 0x00, 0x00, 0x00, 0x00, 0x00, 0x00, 0x00, 0x00, 0x00, 0x00, 0x00, 0x00, 0x00,
  0x00, 0x00, 0x00, 0x00, 0x00, 0x00, 0x00, 0x00, 0x00, 0x00, 0x00, 0x00, 0x00, 0x00, 0x00, 0x00,
  0x00, 0x00, 0x00, 0x00, 0x00, 0x00, 0x00, 0x00, 0x00, 0x00, 0x00, 0x00, 0x00, 0x00, 0x00, 0x00,
  0x00, 0x00, 0x00, 0x00, 0x00, 0x00, 0x00, 0x00, 0x00, 0x00, 0x00, 0x00, 0x00, 0x00, 0x00, 0x00,
  0x00, 0x00, 0x00, 0x00, 0x00, 0x00, 0x00, 0x00, 0x00, 0x00, 0x00, 0x00, 0x00, 0x00, 0x00, 0x00,
  0x00, 0x00, 0x00, 0x00, 0x00, 0x00, 0x00, 0x00, 0x00, 0x00, 0x00, 0x00, 0x00, 0x00, 0x00, 0x00,
  0x00, 0x00, 0x00, 0x00, 0x00, 0x00, 0x00, 0x00, 0x00, 0x00, 0x00, 0x00, 0x00, 0x00, 0x00, 0x00,
  0x00, 0x00, 0x00, 0x00, 0x00, 0x00, 0x00, 0x00, 0x00, 0x00, 0x00, 0x00, 0x00, 0x00, 0x00, 0x00,
  0x00, 0x00, 0x00, 0x00, 0x00, 0x00, 0x00, 0x00, 0x00, 0x00, 0x00, 0x00, 0x00, 0x00, 0x00, 0x00,
  0x00, 0x00, 0x00, 0x00, 0x00, 0x00, 0x00, 0x00, 0x00, 0x00, 0x00, 0x00, 0x00, 0x00, 0x00, 0x00,
  0x00, 0x00, 0x00, 0x00, 0x00, 0x00, 0x00, 0x00, 0x00, 0x00, 0x00, 0x00, 0x00, 0x00, 0x00, 0x00,
  0x00, 0x00, 0x00, 0x00, 0x00, 0x00, 0x00, 0x00, 0x00, 0x00, 0x00, 0x00, 0x00, 0x00, 0x00, 0x00,
  0x00, 0x00, 0x00, 0x00, 0x00, 0x00, 0x00, 0x00, 0x00, 0x00, 0x00, 0x00, 0x00, 0x00, 0x00, 0x00,
  0x00, 0x00, 0x00, 0x00, 0x00, 0x00, 0x00, 0x00, 0x00, 0x00, 0x00, 0x00, 0x00, 0x00, 0x00, 0x00,
  0x00, 0x00, 0x00, 0x00, 0x00, 0x00, 0x00, 0x00, 0x00, 0x00, 0x00, 0x00, 0x00, 0x00, 0x00, 0x00,
  0x00, 0x00, 0x00, 0x00, 0x00, 0x00, 0x00, 0x00, 0x00, 0x00, 0x00, 0x00, 0x00, 0x00, 0x00, 0x00,
  0x00, 0x00, 0x00, 0x00, 0x00, 0x00, 0x00, 0x00, 0x00, 0x00, 0x00, 0x00, 0x00, 0x00, 0x00, 0x00,
  0x00, 0x00, 0x00, 0x00, 0x00, 0x00, 0x00, 0x00, 0x00, 0x00, 0x00, 0x00, 0x00, 0x00, 0x00, 0x00,
  0x00, 0x00, 0x00, 0x00, 0x00, 0x00, 0x00, 0x00, 0x00, 0x00, 0x00, 0x00, 0x00, 0x00, 0x00, 0x00,
  0x00, 0x00, 0x00, 0x00, 0x00, 0x00, 0x00, 0x00, 0x00, 0x00, 0x00, 0x00, 0x00, 0x00, 0x00, 0x00,
  0x00, 0x00, 0x00, 0x00, 0x00, 0x00, 0x00, 0x00, 0x00, 0x00, 0x00, 0x00, 0x00, 0x00, 0x00, 0x00,
  0x00, 0x00, 0x00, 0x00, 0x00, 0x00, 0x00, 0x00, 0x00, 0x00, 0x00, 0x00, 0x00, 0x00, 0x00, 0x00,
  0x00, 0x00, 0x00, 0x00, 0x00, 0x00, 0x00, 0x00, 0x00, 0x00, 0x00, 0x00, 0x00, 0x00, 0x00, 0x00,
  0x00, 0x00, 0x00, 0x00, 0x00, 0x00, 0x00, 0x00, 0x00, 0x00, 0x00, 0x00, 0x00, 0x00, 0x00, 0x00,
  0x00, 0x00, 0x00, 0x00, 0x00, 0x00, 0x00, 0x00, 0x00, 0x00, 0x00, 0x00, 0x00, 0x00, 0x00, 0x00,
  0x00, 0x00, 0x00, 0x00, 0x00, 0x00, 0x00, 0x00, 0x00, 0x00, 0x00, 0x00, 0x00, 0x00, 0x00, 0x00,
  0x00, 0x00, 0x00, 0x00, 0x00, 0x00, 0x00, 0x00, 0x00, 0x00, 0x00, 0x00, 0x00, 0x00, 0x00, 0x00,
  0x00, 0x00, 0x00, 0x00, 0x00, 0x00, 0x00, 0x00, 0x00, 0x00, 0x00, 0x00, 0x00, 0x00, 0x00, 0x00,
  0x00, 0x00, 0x00, 0x00, 0x00, 0x00, 0x00, 0x00, 0x00, 0x00, 0x00, 0x00, 0x00, 0x00, 0x00, 0x00,
  0x00, 0x00, 0x00, 0x00, 0x00, 0x00, 0x00, 0x00, 0x00, 0x00, 0x00, 0x00, 0x00, 0x00, 0x00, 0x00,
  0x00, 0x00, 0x00, 0x00, 0x00, 0x00, 0x00, 0x00, 0x00, 0x00, 0x00, 0x00, 0x00, 0x00, 0x00, 0x00,
  0x00, 0x00, 0x00, 0x00, 0x00, 0x00, 0x00, 0x00, 0x00, 0x00, 0x00, 0x00, 0x00, 0x00, 0x00, 0x00,
  0x00, 0x00, 0x00, 0x00, 0x00, 0x00, 0x00, 0x00, 0x00, 0x00, 0x00, 0x00, 0x00, 0x00, 0x00, 0x00,
  0x00, 0x00, 0x00, 0x00, 0x00, 0x00, 0x00, 0x00, 0x00, 0x00, 0x00, 0x00, 0x00, 0x00, 0x00, 0x00,
  0x00, 0x00, 0x00, 0x00, 0x00, 0x00, 0x00, 0x00, 0x00, 0x00, 0x00, 0x00, 0x00, 0x00, 0x00, 0x00,
  0x00, 0x00, 0x00, 0x00, 0x00, 0x00, 0x00, 0x00, 0x00, 0x00, 0x00, 0x00, 0x00, 0x00, 0x00, 0x00,
  0x00, 0x00, 0x00, 0x00, 0x00, 0x00, 0x00, 0x00, 0x00, 0x00, 0x00, 0x00, 0x00, 0x00, 0x00, 0x00,
  0x00, 0x00, 0x00, 0x00, 0x00, 0x00, 0x00, 0x00, 0x00, 0x00, 0x00, 0x00, 0x02, 0x54, 0x6c, 0x63,
  0x6d, 0x73, 0x04, 0x30, 0x00, 0x00, 0x6d, 0x6e, 0x74, 0x72, 0x52, 0x47, 0x42, 0x20, 0x58, 0x59,
  0x5a, 0x20, 0x07, 0xea, 0x00, 0x09, 0x00, 0x0f, 0x00, 0x10, 0x00, 0x1c, 0x00, 0x3a, 0x61, 0x63,
  0x73, 0x70, 0x4d, 0x53, 0x46, 0x54, 0x00, 0x00, 0x00, 0x00, 0x00, 0x00, 0x00, 0x00, 0x00, 0x00,
  0x00, 0x00, 0x00, 0x00, 0x00, 0x00, 0x00, 0x00, 0x00, 0x00, 0x00, 0x00, 0x00, 0x00, 0x00, 0x00,
  0xf6, 0xd6, 0x00, 0x01, 0x00, 0x00, 0x00, 0x00, 0xd3, 0x2d, 0x6c, 0x63, 0x6d, 0x73, 0x00, 0x00,
  0x00, 0x00, 0x00, 0x00, 0x00, 0x00, 0x00, 0x00, 0x00, 0x00, 0x00, 0x00, 0x00, 0x00, 0x00, 0x00,
  0x00, 0x00, 0x00, 0x00, 0x00, 0x00, 0x00, 0x00, 0x00, 0x00, 0x00, 0x00, 0x00, 0x00, 0x00, 0x00,
  0x00, 0x00, 0x00, 0x00, 0x00, 0x00, 0x00, 0x00, 0x00, 0x00, 0x00, 0x00, 0x00, 0x0b, 0x64, 0x65,
  0x73, 0x63, 0x00, 0x00, 0x01, 0x08, 0x00, 0x00, 0x00, 0x3e, 0x63, 0x70, 0x72, 0x74, 0x00, 0x00,
  0x01, 0x48, 0x00, 0x00, 0x00, 0x4c, 0x77, 0x74, 0x70, 0x74, 0x00, 0x00, 0x01, 0x94, 0x00, 0x00,
  0x00, 0x14, 0x63, 0x68, 0x61, 0x64, 0x00, 0x00, 0x01, 0xa8, 0x00, 0x00, 0x00, 0x2c, 0x72, 0x58,
  0x59, 0x5a, 0x00, 0x00, 0x01, 0xd4, 0x00, 0x00, 0x00, 0x14, 0x62, 0x58, 0x59, 0x5a, 0x00, 0x00,
  0x01, 0xe8, 0x00, 0x00, 0x00, 0x14, 0x67, 0x58, 0x59, 0x5a, 0x00, 0x00, 0x01, 0xfc, 0x00, 0x00,
  0x00, 0x14, 0x72, 0x54, 0x52, 0x43, 0x00, 0x00, 0x02, 0x10, 0x00, 0x00, 0x00, 0x20, 0x67, 0x54,
  0x52, 0x43, 0x00, 0x00, 0x02, 0x10, 0x00, 0x00, 0x00, 0x20, 0x62, 0x54, 0x52, 0x43, 0x00, 0x00,
  0x02, 0x10, 0x00, 0x00, 0x00, 0x20, 0x63, 0x68, 0x72, 0x6d, 0x00, 0x00, 0x02, 0x30, 0x00, 0x00,
  0x00, 0x24, 0x6d, 0x6c, 0x75, 0x63, 0x00, 0x00, 0x00, 0x00, 0x00, 0x00, 0x00, 0x01, 0x00, 0x00,
  0x00, 0x0c, 0x65, 0x6e, 0x55, 0x53, 0x00, 0x00, 0x00, 0x22, 0x00, 0x00, 0x00, 0x1c, 0x00, 0x73,
  0x00, 0x52, 0x00, 0x47, 0x00, 0x42, 0x00, 0x20, 0x00, 0x49, 0x00, 0x45, 0x00, 0x43, 0x00, 0x36,
  0x00, 0x31, 0x00, 0x39, 0x00, 0x36, 0x00, 0x36, 0x00, 0x2d, 0x00, 0x32, 0x00, 0x2e, 0x00, 0x31,
  0x00, 0x00, 0x6d, 0x6c, 0x75, 0x63, 0x00, 0x00, 0x00, 0x00, 0x00, 0x00, 0x00, 0x01, 0x00, 0x00,
  0x00, 0x0c, 0x65, 0x6e, 0x55, 0x53, 0x00, 0x00, 0x00, 0x30, 0x00, 0x00, 0x00, 0x1c, 0x00, 0x4e,
  0x00, 0x6f, 0x00, 0x20, 0x00, 0x63, 0x00, 0x6f, 0x00, 0x70, 0x00, 0x79, 0x00, 0x72, 0x00, 0x69,
  0x00, 0x67, 0x00, 0x68, 0x00, 0x74, 0x00, 0x2c, 0x00, 0x20, 0x00, 0x75, 0x00, 0x73, 0x00, 0x65,
  0x00, 0x20, 0x00, 0x66, 0x00, 0x72, 0x00, 0x65, 0x00, 0x65, 0x00, 0x6c, 0x00, 0x79, 0x58, 0x59,
  0x5a, 0x20, 0x00, 0x00, 0x00, 0x00, 0x00, 0x00, 0xf6, 0xd6, 0x00, 0x01, 0x00, 0x00, 0x00, 0x00,
  0xd3, 0x2d, 0x73, 0x66, 0x33, 0x32, 0x00, 0x00, 0x00, 0x00, 0x00, 0x01, 0x0c, 0x42, 0x00, 0x00,
  0x05, 0xde, 0xff, 0xff, 0xf3, 0x25, 0x00, 0x00, 0x07, 0x93, 0x00, 0x00, 0xfd, 0x90, 0xff, 0xff,
  0xfb, 0xa1, 0xff, 0xff, 0xfd, 0xa2, 0x00, 0x00, 0x03, 0xdc, 0x00, 0x00, 0xc0, 0x6e, 0x58, 0x59,
  0x5a, 0x20, 0x00, 0x00, 0x00, 0x00, 0x00, 0x00, 0x6f, 0xa0, 0x00, 0x00, 0x38, 0xf5, 0x00, 0x00,
  0x03, 0x90, 0x58, 0x59, 0x5a, 0x20, 0x00, 0x00, 0x00, 0x00, 0x00, 0x00, 0x24, 0x9f, 0x00, 0x00,
  0x0f, 0x84, 0x00, 0x00, 0xb6, 0xc3, 0x58, 0x59, 0x5a, 0x20, 0x00, 0x00, 0x00, 0x00, 0x00, 0x00,
  0x62, 0x97, 0x00, 0x00, 0xb7, 0x87, 0x00, 0x00, 0x18, 0xd9, 0x70, 0x61, 0x72, 0x61, 0x00, 0x00,
  0x00, 0x00, 0x00, 0x03, 0x00, 0x00, 0x00, 0x02, 0x66, 0x66, 0x00, 0x00, 0xf2, 0xa7, 0x00, 0x00,
  0x0d, 0x59, 0x00, 0x00, 0x13, 0xd0, 0x00, 0x00, 0x0a, 0x5b, 0x63, 0x68, 0x72, 0x6d, 0x00, 0x00,
  0x00, 0x00, 0x00, 0x03, 0x00, 0x00, 0x00, 0x00, 0xa3, 0xd7, 0x00, 0x00, 0x54, 0x7b, 0x00, 0x00,
  0x4c, 0xcd, 0x00, 0x00, 0x99, 0x9a, 0x00, 0x00, 0x26, 0x66, 0x00, 0x00, 0x0f, 0x5c
};

unsigned int editor_bmp_len = 17118;
unsigned char editor_bmp[]  = {
  0x42, 0x4d, 0xde, 0x42, 0x00, 0x00, 0x00, 0x00, 0x00, 0x00, 0x8a, 0x00, 0x00, 0x00, 0x7c, 0x00,
  0x00, 0x00, 0x40, 0x00, 0x00, 0x00, 0x40, 0x00, 0x00, 0x00, 0x01, 0x00, 0x20, 0x00, 0x03, 0x00,
  0x00, 0x00, 0x00, 0x40, 0x00, 0x00, 0x13, 0x0b, 0x00, 0x00, 0x13, 0x0b, 0x00, 0x00, 0x00, 0x00,
  0x00, 0x00, 0x00, 0x00, 0x00, 0x00, 0x00, 0x00, 0xff, 0x00, 0x00, 0xff, 0x00, 0x00, 0xff, 0x00,
  0x00, 0x00, 0x00, 0x00, 0x00, 0xff, 0x44, 0x45, 0x42, 0x4d, 0x00, 0x00, 0x00, 0x00, 0x00, 0x00,
  0x00, 0x00, 0x00, 0x00, 0x00, 0x00, 0x00, 0x00, 0x00, 0x00, 0x00, 0x00, 0x00, 0x00, 0x00, 0x00,
  0x00, 0x00, 0x00, 0x00, 0x00, 0x00, 0x00, 0x00, 0x00, 0x00, 0x00, 0x00, 0x00, 0x00, 0x00, 0x00,
  0x00, 0x00, 0x00, 0x00, 0x00, 0x00, 0x00, 0x00, 0x00, 0x00, 0x04, 0x00, 0x00, 0x00, 0x7c, 0x40,
  0x00, 0x00, 0x54, 0x02, 0x00, 0x00, 0x00, 0x00, 0x00, 0x00, 0x00, 0x00, 0x00, 0x00, 0x00, 0x00,
  0x00, 0x00, 0x00, 0x00, 0x00, 0x00, 0x00, 0x00, 0x00, 0x00, 0x00, 0x00, 0x00, 0x00, 0x00, 0x00,
  0x00, 0x00, 0x00, 0x00, 0x00, 0x00, 0x00, 0x00, 0x00, 0x00, 0x00, 0x00, 0x00, 0x00, 0x00, 0x00,
  0x00, 0x00, 0x00, 0x00, 0x00, 0x00, 0x00, 0x00, 0x00, 0x00, 0x00, 0x00, 0x00, 0x00, 0x00, 0x00,
  0x00, 0x00, 0x00, 0x00, 0x00, 0x00, 0x00, 0x00, 0x00, 0x00, 0x00, 0x00, 0x00, 0x00, 0x00, 0x00,
  0x00, 0x00, 0x00, 0x00, 0x00, 0x00, 0x00, 0x00, 0x00, 0x00, 0x00, 0x00, 0x00, 0x00, 0x00, 0x00,
  0x00, 0x00, 0x00, 0x00, 0x00, 0x00, 0x00, 0x00, 0x00, 0x00, 0x00, 0x00, 0x00, 0x00, 0x00, 0x00,
  0x00, 0x00, 0x00, 0x00, 0x00, 0x00, 0x00, 0x00, 0x00, 0x00, 0x00, 0x00, 0x00, 0x00, 0x00, 0x00,
  0x00, 0x00, 0x00, 0x00, 0x00, 0x00, 0x00, 0x00, 0x00, 0x00, 0x00, 0x00, 0x00, 0x00, 0x00, 0x00,
  0x00, 0x00, 0x00, 0x00, 0x00, 0x00, 0x00, 0x00, 0x00, 0x00, 0x00, 0x00, 0x00, 0x00, 0x00, 0x00,
  0x00, 0x00, 0x00, 0x00, 0x00, 0x00, 0x00, 0x00, 0x00, 0x00, 0x00, 0x00, 0x00, 0x00, 0x00, 0x00,
  0x00, 0x00, 0x00, 0x00, 0x00, 0x00, 0x00, 0x00, 0x00, 0x00, 0x00, 0x00, 0x00, 0x00, 0x00, 0x00,
  0x00, 0x00, 0x00, 0x00, 0x00, 0x00, 0x00, 0x00, 0x00, 0x00, 0x00, 0x00, 0x00, 0x00, 0x00, 0x00,
  0x00, 0x00, 0x00, 0x00, 0x00, 0x00, 0x00, 0x00, 0x00, 0x00, 0x00, 0x00, 0x00, 0x00, 0x00, 0x00,
  0x00, 0x00, 0x00, 0x00, 0x00, 0x00, 0x00, 0x00, 0x00, 0x00, 0x00, 0x00, 0x00, 0x00, 0x00, 0x00,
  0x00, 0x00, 0x00, 0x00, 0x00, 0x00, 0x00, 0x00, 0x00, 0x00, 0x00, 0x00, 0x00, 0x00, 0x00, 0x00,
  0x00, 0x00, 0x00, 0x00, 0x00, 0x00, 0x00, 0x00, 0x00, 0x00, 0x00, 0x00, 0x00, 0x00, 0x00, 0x00,
  0x00, 0x00, 0x00, 0x00, 0x00, 0x00, 0x00, 0x00, 0x00, 0x00, 0x00, 0x00, 0x00, 0x00, 0x00, 0x00,
  0x00, 0x00, 0x00, 0x00, 0x00, 0x00, 0x00, 0x00, 0x00, 0x00, 0x00, 0x00, 0x00, 0x00, 0x00, 0x00,
  0x00, 0x00, 0x00, 0x00, 0x00, 0x00, 0x00, 0x00, 0x00, 0x00, 0x00, 0x00, 0x00, 0x00, 0x00, 0x00,
  0x00, 0x00, 0x00, 0x00, 0x00, 0x00, 0x00, 0x00, 0x00, 0x00, 0x00, 0x00, 0x00, 0x00, 0x00, 0x00,
  0x00, 0x00, 0x00, 0x00, 0x00, 0x00, 0x00, 0x00, 0x00, 0x00, 0x00, 0x00, 0x00, 0x00, 0x00, 0x00,
  0x00, 0x00, 0x00, 0x00, 0x00, 0x00, 0x00, 0x00, 0x00, 0x00, 0x00, 0x00, 0x00, 0x00, 0x00, 0x00,
  0x00, 0x00, 0x00, 0x00, 0x00, 0x00, 0x00, 0x00, 0x00, 0x00, 0x00, 0x00, 0x00, 0x00, 0x00, 0x00,
  0x00, 0x00, 0x00, 0x00, 0x00, 0x00, 0x00, 0x00, 0x00, 0x00, 0x00, 0x00, 0x00, 0x00, 0x00, 0x00,
  0x00, 0x00, 0x00, 0x00, 0x00, 0x00, 0x00, 0x00, 0x00, 0x00, 0x00, 0x00, 0x00, 0x00, 0x00, 0x00,
  0x00, 0x00, 0x00, 0x00, 0x00, 0x00, 0x00, 0x00, 0x00, 0x00, 0x00, 0x00, 0x00, 0x00, 0x00, 0x00,
  0x00, 0x00, 0x00, 0x00, 0x00, 0x00, 0x00, 0x00, 0x00, 0x00, 0x00, 0x00, 0x00, 0x00, 0x00, 0x00,
  0x00, 0x00, 0x00, 0x00, 0x00, 0x00, 0x00, 0x00, 0x00, 0x00, 0x00, 0x00, 0x00, 0x00, 0x00, 0x00,
  0x00, 0x00, 0x00, 0x00, 0x00, 0x00, 0x00, 0x00, 0x00, 0x00, 0x00, 0x00, 0x00, 0x00, 0x00, 0x00,
  0x00, 0x00, 0x00, 0x00, 0x00, 0x00, 0x00, 0x00, 0x00, 0x00, 0x00, 0x00, 0x00, 0x00, 0x00, 0x00,
  0x00, 0x00, 0x00, 0x00, 0x00, 0x00, 0x00, 0x00, 0x00, 0x00, 0x00, 0x00, 0x00, 0x00, 0x00, 0x00,
  0x00, 0x00, 0x00, 0x00, 0x00, 0x00, 0x00, 0x00, 0x00, 0x00, 0x00, 0x00, 0x00, 0x00, 0x00, 0x00,
  0x00, 0x00, 0x00, 0x00, 0x00, 0x00, 0x00, 0x00, 0x00, 0x00, 0x00, 0x00, 0x00, 0x00, 0x00, 0x00,
  0x00, 0x00, 0x00, 0x00, 0x00, 0x00, 0x00, 0x00, 0x00, 0x00, 0x00, 0x00, 0x00, 0x00, 0x00, 0x00,
  0x00, 0x00, 0x00, 0x00, 0x00, 0x00, 0x00, 0x00, 0x00, 0x00, 0x00, 0x00, 0x00, 0x00, 0x00, 0x00,
  0x00, 0x00, 0x00, 0x00, 0x00, 0x00, 0x00, 0x00, 0x00, 0x00, 0x00, 0x00, 0x00, 0x00, 0x00, 0x00,
  0x00, 0x00, 0x00, 0x00, 0x00, 0x00, 0x00, 0x00, 0x00, 0x00, 0x00, 0x00, 0x00, 0x00, 0x00, 0x00,
  0x00, 0x00, 0x00, 0x00, 0x00, 0x00, 0x00, 0x00, 0x00, 0x00, 0x00, 0x00, 0x00, 0x00, 0x00, 0x00,
  0x00, 0x00, 0x00, 0x00, 0x00, 0x00, 0x00, 0x00, 0x00, 0x00, 0x00, 0x00, 0x00, 0x00, 0x00, 0x00,
  0x00, 0x00, 0x00, 0x00, 0x00, 0x00, 0x00, 0x00, 0x00, 0x00, 0x00, 0x00, 0x00, 0x00, 0x00, 0x00,
  0x00, 0x00, 0x00, 0x00, 0x00, 0x00, 0x00, 0x00, 0x00, 0x00, 0x00, 0x00, 0x00, 0x00, 0x00, 0x00,
  0x00, 0x00, 0x00, 0x00, 0x00, 0x00, 0x00, 0x00, 0x00, 0x00, 0x00, 0x00, 0x00, 0x00, 0x00, 0x00,
  0x00, 0x00, 0x00, 0x00, 0x00, 0x00, 0x00, 0x00, 0x00, 0x00, 0x00, 0x00, 0x00, 0x00, 0x00, 0x00,
  0x00, 0x00, 0x00, 0x00, 0x00, 0x00, 0x00, 0x00, 0x00, 0x00, 0x00, 0x00, 0x00, 0x00, 0x00, 0x00,
  0x00, 0x00, 0x00, 0x00, 0x00, 0x00, 0x00, 0x00, 0x00, 0x00, 0x00, 0x00, 0x00, 0x00, 0x00, 0x00,
  0x00, 0x00, 0x00, 0x00, 0x00, 0x00, 0x00, 0x00, 0x00, 0x00, 0x00, 0x00, 0x00, 0x00, 0x00, 0x00,
  0x00, 0x00, 0x00, 0x00, 0x00, 0x00, 0x00, 0x00, 0x00, 0x00, 0x00, 0x00, 0x00, 0x00, 0x00, 0x00,
  0x00, 0x00, 0x00, 0x00, 0x00, 0x00, 0x00, 0x00, 0x00, 0x00, 0x00, 0x00, 0x00, 0x00, 0x00, 0x00,
  0x00, 0x00, 0x00, 0x00, 0x00, 0x00, 0x00, 0x00, 0x00, 0x00, 0x00, 0x00, 0x00, 0x00, 0x00, 0x00,
  0x00, 0x00, 0x00, 0x00, 0x00, 0x00, 0x00, 0x00, 0x00, 0x00, 0x00, 0x00, 0x00, 0x00, 0x00, 0x00,
  0x00, 0x00, 0x00, 0x00, 0x00, 0x00, 0x00, 0x00, 0x00, 0x00, 0x00, 0x00, 0x00, 0x00, 0x00, 0x00,
  0x00, 0x00, 0x00, 0x00, 0x00, 0x00, 0x00, 0x00, 0x00, 0x00, 0x00, 0x00, 0x00, 0x00, 0x00, 0x00,
  0x00, 0x00, 0x00, 0x00, 0x00, 0x00, 0x00, 0x00, 0x00, 0x00, 0x00, 0x00, 0x00, 0x00, 0x00, 0x00,
  0x00, 0x00, 0x00, 0x00, 0x00, 0x00, 0x00, 0x00, 0x00, 0x00, 0x00, 0x00, 0x00, 0x00, 0x00, 0x00,
  0x00, 0x00, 0x00, 0x00, 0x00, 0x00, 0x00, 0x00, 0x00, 0x00, 0x00, 0x00, 0x00, 0x00, 0x00, 0x00,
  0x00, 0x00, 0x00, 0x00, 0x00, 0x00, 0x00, 0x00, 0x00, 0x00, 0x00, 0x00, 0x00, 0x00, 0x00, 0x00,
  0x00, 0x00, 0x00, 0x00, 0x00, 0x00, 0x00, 0x00, 0x00, 0x00, 0x00, 0x00, 0x00, 0x00, 0x00, 0x00,
  0x00, 0x00, 0x00, 0x00, 0x00, 0x00, 0x00, 0x00, 0x00, 0x00, 0x00, 0x00, 0x00, 0x00, 0x00, 0x00,
  0x00, 0x00, 0x00, 0x00, 0x00, 0x00, 0x00, 0x00, 0x00, 0x00, 0x00, 0x00, 0x00, 0x00, 0x00, 0x00,
  0x00, 0x00, 0x00, 0x00, 0x00, 0x00, 0x00, 0x00, 0x00, 0x00, 0x00, 0x00, 0x00, 0x00, 0x00, 0x00,
  0x00, 0x00, 0x00, 0x00, 0x00, 0x00, 0x00, 0x00, 0x00, 0x00, 0x00, 0x00, 0x00, 0x00, 0x00, 0x00,
  0x00, 0x00, 0x00, 0x00, 0x00, 0x00, 0x00, 0x00, 0x00, 0x00, 0x00, 0x00, 0x00, 0x00, 0x00, 0x00,
  0x00, 0x00, 0x00, 0x00, 0x00, 0x00, 0x00, 0x00, 0x00, 0x00, 0x00, 0x00, 0x00, 0x00, 0x00, 0x00,
  0x00, 0x00, 0x00, 0x00, 0x00, 0x00, 0x00, 0x00, 0x00, 0x00, 0x04, 0x52, 0xc6, 0x3b, 0x04, 0x51,
  0xc4, 0x4a, 0x04, 0x50, 0xc4, 0x49, 0x04, 0x50, 0xc4, 0x49, 0x04, 0x50, 0xc4, 0x49, 0x04, 0x50,
  0xc4, 0x49, 0x04, 0x50, 0xc4, 0x49, 0x04, 0x52, 0xce, 0x49, 0x04, 0x57, 0xe1, 0x49, 0x04, 0x57,
  0xe4, 0x49, 0x04, 0x57, 0xe4, 0x49, 0x14, 0x63, 0xd7, 0x49, 0x28, 0x71, 0xc9, 0x49, 0x2a, 0x73,
  0xc8, 0x49, 0x29, 0x73, 0xc9, 0x49, 0x29, 0x69, 0xbd, 0x49, 0x2c, 0x52, 0x9c, 0x49, 0x2d, 0x4c,
  0x93, 0x49, 0x2c, 0x4c, 0x94, 0x49, 0x1c, 0x40, 0x91, 0x49, 0x05, 0x32, 0x8d, 0x49, 0x02, 0x30,
  0x8c, 0x49, 0x02, 0x30, 0x8c, 0x49, 0x02, 0x33, 0x91, 0x49, 0x03, 0x40, 0xa6, 0x49, 0x04, 0x45,
  0xae, 0x49, 0x04, 0x45, 0xae, 0x49, 0x04, 0x49, 0xbc, 0x49, 0x04, 0x55, 0xdd, 0x49, 0x04, 0x57,
  0xe4, 0x49, 0x04, 0x57, 0xe4, 0x49, 0x04, 0x57, 0xe4, 0x49, 0x04, 0x57, 0xe4, 0x49, 0x04, 0x57,
  0xe4, 0x49, 0x04, 0x57, 0xe4, 0x49, 0x0a, 0x5c, 0xe4, 0x49, 0x2a, 0x73, 0xea, 0x49, 0x35, 0x79,
  0xec, 0x49, 0x35, 0x79, 0xec, 0x49, 0x31, 0x76, 0xe2, 0x49, 0x2a, 0x73, 0xcc, 0x49, 0x29, 0x72,
  0xc8, 0x49, 0x2a, 0x72, 0xc8, 0x49, 0x25, 0x6f, 0xc8, 0x49, 0x0e, 0x5b, 0xc6, 0x49, 0x04, 0x51,
  0xc5, 0x49, 0x04, 0x51, 0xc5, 0x49, 0x04, 0x4e, 0xc0, 0x49, 0x04, 0x47, 0xb2, 0x49, 0x04, 0x45,
  0xae, 0x49, 0x04, 0x45, 0xae, 0x49, 0x04, 0x45, 0xae, 0x49, 0x04, 0x45, 0xae, 0x49, 0x04, 0x45,
  0xae, 0x49, 0x04, 0x45, 0xae, 0x49, 0x04, 0x45, 0xae, 0x49, 0x04, 0x45, 0xae, 0x49, 0x04, 0x45,
  0xae, 0x49, 0x04, 0x45, 0xae, 0x49, 0x04, 0x45, 0xae, 0x49, 0x04, 0x45, 0xae, 0x49, 0x04, 0x45,
  0xae, 0x49, 0x04, 0x45, 0xae, 0x4a, 0x04, 0x45, 0xae, 0x3b, 0x04, 0x52, 0xc6, 0xca, 0x04, 0x51,
  0xc5, 0xfc, 0x04, 0x50, 0xc4, 0xf9, 0x04, 0x50, 0xc4, 0xf9, 0x04, 0x50, 0xc4, 0xf9, 0x04, 0x50,
  0xc4, 0xf9, 0x04, 0x50, 0xc4, 0xf9, 0x04, 0x52, 0xce, 0xf9, 0x04, 0x57, 0xe1, 0xf9, 0x04, 0x57,
  0xe4, 0xf9, 0x04, 0x58, 0xe4, 0xf9, 0x14, 0x63, 0xd7, 0xf9, 0x28, 0x72, 0xc9, 0xf9, 0x2a, 0x73,
  0xc8, 0xf9, 0x29, 0x72, 0xc9, 0xf9, 0x29, 0x6a, 0xbe, 0xf9, 0x2c, 0x53, 0x9c, 0xf9, 0x2d, 0x4d,
  0x93, 0xf9, 0x2c, 0x4c, 0x94, 0xf9, 0x1d, 0x40, 0x92, 0xf9, 0x05, 0x32, 0x8d, 0xf9, 0x02, 0x30,
  0x8c, 0xf9, 0x02, 0x30, 0x8c, 0xf9, 0x02, 0x33, 0x91, 0xf9, 0x03, 0x40, 0xa6, 0xf9, 0x04, 0x45,
  0xae, 0xf9, 0x04, 0x45, 0xae, 0xf9, 0x04, 0x49, 0xbc, 0xf9, 0x04, 0x55, 0xdd, 0xf9, 0x04, 0x57,
  0xe4, 0xf9, 0x04, 0x57, 0xe4, 0xf9, 0x04, 0x57, 0xe4, 0xf9, 0x04, 0x57, 0xe4, 0xf9, 0x04, 0x57,
  0xe4, 0xf9, 0x04, 0x57, 0xe4, 0xf9, 0x0b, 0x5c, 0xe4, 0xf9, 0x2a, 0x72, 0xe9, 0xf9, 0x34, 0x79,
  0xec, 0xf9, 0x34, 0x79, 0xec, 0xf9, 0x31, 0x77, 0xe2, 0xf9, 0x2a, 0x73, 0xcc, 0xf9, 0x29, 0x72,
  0xc8, 0xf9, 0x2a, 0x72, 0xc8, 0xf9, 0x25, 0x6f, 0xc8, 0xf9, 0x0e, 0x5b, 0xc6, 0xf9, 0x04, 0x51,
  0xc5, 0xf9, 0x04, 0x51, 0xc5, 0xf9, 0x04, 0x4e, 0xc0, 0xf9, 0x04, 0x47, 0xb2, 0xf9, 0x04, 0x45,
  0xae, 0xf9, 0x04, 0x45, 0xae, 0xf9, 0x04, 0x45, 0xae, 0xf9, 0x04, 0x45, 0xae, 0xf9, 0x04, 0x45,
  0xae, 0xf9, 0x04, 0x45, 0xae, 0xf9, 0x04, 0x45, 0xae, 0xf9, 0x04, 0x45, 0xae, 0xf9, 0x04, 0x45,
  0xae, 0xf9, 0x04, 0x45, 0xae, 0xf9, 0x04, 0x45, 0xae, 0xf9, 0x04, 0x45, 0xae, 0xf9, 0x04, 0x45,
  0xae, 0xf9, 0x04, 0x45, 0xae, 0xfc, 0x04, 0x45, 0xae, 0xca, 0x04, 0x52, 0xc6, 0xcf, 0x04, 0x52,
  0xc6, 0xff, 0x04, 0x51, 0xc5, 0xff, 0x04, 0x50, 0xc4, 0xff, 0x04, 0x51, 0xc4, 0xff, 0x04, 0x51,
  0xc4, 0xff, 0x04, 0x51, 0xc4, 0xff, 0x04, 0x53, 0xce, 0xff, 0x04, 0x57, 0xe1, 0xff, 0x04, 0x57,
  0xe5, 0xff, 0x04, 0x57, 0xe4, 0xff, 0x14, 0x64, 0xd7, 0xff, 0x28, 0x72, 0xca, 0xff, 0x2a, 0x73,
  0xc9, 0xff, 0x29, 0x73, 0xc9, 0xff, 0x29, 0x6a, 0xbe, 0xff, 0x2c, 0x53, 0x9c, 0xff, 0x2e, 0x4e,
  0x94, 0xff, 0x2d, 0x4d, 0x94, 0xff, 0x1d, 0x40, 0x92, 0xff, 0x05, 0x31, 0x8d, 0xff, 0x02, 0x30,
  0x8c, 0xff, 0x02, 0x30, 0x8c, 0xff, 0x02, 0x33, 0x90, 0xff, 0x03, 0x40, 0xa6, 0xff, 0x04, 0x45,
  0xae, 0xff, 0x04, 0x45, 0xae, 0xff, 0x04, 0x49, 0xbc, 0xff, 0x04, 0x55, 0xdd, 0xff, 0x04, 0x57,
  0xe5, 0xff, 0x04, 0x57, 0xe4, 0xff, 0x04, 0x57, 0xe4, 0xff, 0x04, 0x57, 0xe4, 0xff, 0x04, 0x57,
  0xe4, 0xff, 0x04, 0x57, 0xe4, 0xff, 0x0b, 0x5d, 0xe5, 0xff, 0x2a, 0x73, 0xe9, 0xff, 0x35, 0x79,
  0xec, 0xff, 0x35, 0x79, 0xec, 0xff, 0x31, 0x77, 0xe2, 0xff, 0x2a, 0x73, 0xcc, 0xff, 0x2a, 0x73,
  0xc8, 0xff, 0x2a, 0x73, 0xc9, 0xff, 0x25, 0x6f, 0xc8, 0xff, 0x0e, 0x5b, 0xc6, 0xff, 0x04, 0x51,
  0xc4, 0xff, 0x04, 0x51, 0xc5, 0xff, 0x04, 0x4f, 0xc0, 0xff, 0x03, 0x47, 0xb2, 0xff, 0x04, 0x45,
  0xae, 0xff, 0x04, 0x45, 0xae, 0xff, 0x04, 0x45, 0xae, 0xff, 0x04, 0x45, 0xae, 0xff, 0x04, 0x45,
  0xae, 0xff, 0x04, 0x45, 0xae, 0xff, 0x04, 0x45, 0xae, 0xff, 0x04, 0x45, 0xae, 0xff, 0x04, 0x45,
  0xae, 0xff, 0x04, 0x45, 0xae, 0xff, 0x04, 0x45, 0xae, 0xff, 0x04, 0x45, 0xae, 0xff, 0x04, 0x45,
  0xae, 0xff, 0x04, 0x45, 0xae, 0xff, 0x04, 0x45, 0xae, 0xcf, 0x04, 0x4d, 0xbf, 0xcf, 0x04, 0x4d,
  0xbf, 0xff, 0x04, 0x4d, 0xbf, 0xff, 0x04, 0x4e, 0xbf, 0xff, 0x04, 0x51, 0xc3, 0xff, 0x04, 0x51,
  0xc5, 0xff, 0x04, 0x51, 0xc4, 0xff, 0x04, 0x53, 0xcb, 0xff, 0x04, 0x55, 0xd9, 0xff, 0x04, 0x56,
  0xdb, 0xff, 0x04, 0x56, 0xdb, 0xff, 0x0f, 0x5d, 0xcf, 0xff, 0x1d, 0x65, 0xc2, 0xff, 0x1e, 0x65,
  0xc1, 0xff, 0x1d, 0x65, 0xc1, 0xff, 0x1e, 0x5f, 0xb9, 0xff, 0x20, 0x4e, 0xa2, 0xff, 0x21, 0x4a,
  0x9b, 0xff, 0x21, 0x4a, 0x9b, 0xff, 0x15, 0x44, 0x9c, 0xff, 0x04, 0x3b, 0x9d, 0xff, 0x03, 0x3a,
  0x9d, 0xff, 0x03, 0x3a, 0x9d, 0xff, 0x03, 0x3c, 0xa0, 0xff, 0x03, 0x45, 0xae, 0xff, 0x04, 0x48,
  0xb5, 0xff, 0x04, 0x48, 0xb5, 0xff, 0x04, 0x4b, 0xbc, 0xff, 0x04, 0x50, 0xd0, 0xff, 0x04, 0x51,
  0xd4, 0xff, 0x04, 0x51, 0xd4, 0xff, 0x04, 0x51, 0xd4, 0xff, 0x04, 0x51, 0xd4, 0xff, 0x04, 0x51,
  0xd4, 0xff, 0x04, 0x51, 0xd4, 0xff, 0x08, 0x56, 0xd6, 0xff, 0x1e, 0x68, 0xdd, 0xff, 0x26, 0x6d,
  0xe0, 0xff, 0x26, 0x6d, 0xe1, 0xff, 0x23, 0x6b, 0xd7, 0xff, 0x1e, 0x66, 0xc5, 0xff, 0x1e, 0x65,
  0xc1, 0xff, 0x1e, 0x65, 0xc2, 0xff, 0x1b, 0x63, 0xc1, 0xff, 0x0c, 0x56, 0xbe, 0xff, 0x06, 0x4f,
  0xbc, 0xff, 0x04, 0x4d, 0xbe, 0xff, 0x06, 0x4e, 0xbd, 0xff, 0x0c, 0x51, 0xb8, 0xff, 0x0e, 0x52,
  0xb6, 0xff, 0x0e, 0x52, 0xb6, 0xff, 0x0a, 0x4f, 0xb6, 0xff, 0x04, 0x49, 0xb5, 0xff, 0x04, 0x48,
  0xb5, 0xff, 0x04, 0x48, 0xb5, 0xff, 0x04, 0x48, 0xb5, 0xff, 0x04, 0x48, 0xb5, 0xff, 0x04, 0x48,
  0xb5, 0xff, 0x04, 0x48, 0xb5, 0xff, 0x04, 0x48, 0xb5, 0xff, 0x04, 0x48, 0xb5, 0xff, 0x04, 0x49,
  0xb5, 0xff, 0x04, 0x48, 0xb5, 0xff, 0x04, 0x48, 0xb5, 0xcf, 0x04, 0x46, 0xb1, 0xcf, 0x04, 0x46,
  0xb0, 0xff, 0x04, 0x46, 0xb0, 0xff, 0x04, 0x48, 0xb4, 0xff, 0x04, 0x4f, 0xc1, 0xff, 0x04, 0x51,
  0xc5, 0xff, 0x04, 0x51, 0xc4, 0xff, 0x04, 0x51, 0xc5, 0xff, 0x04, 0x52, 0xc7, 0xff, 0x04, 0x52,
  0xc8, 0xff, 0x04, 0x52, 0xc8, 0xff, 0x05, 0x4e, 0xbe, 0xff, 0x07, 0x4a, 0xb2, 0xff, 0x07, 0x49,
  0xb1, 0xff, 0x07, 0x49, 0xb2, 0xff, 0x07, 0x48, 0xb0, 0xff, 0x07, 0x46, 0xad, 0xff, 0x07, 0x45,
  0xab, 0xff, 0x07, 0x45, 0xab, 0xff, 0x06, 0x48, 0xb2, 0xff, 0x04, 0x4d, 0xbd, 0xff, 0x04, 0x4e,
  0xbf, 0xff, 0x04, 0x4e, 0xbf, 0xff, 0x04, 0x4e, 0xbf, 0xff, 0x04, 0x4f, 0xc1, 0xff, 0x04, 0x50,
  0xc2, 0xff, 0x04, 0x50, 0xc2, 0xff, 0x04, 0x4e, 0xbf, 0xff, 0x04, 0x48, 0xb6, 0xff, 0x04, 0x46,
  0xb3, 0xff, 0x03, 0x46, 0xb4, 0xff, 0x03, 0x46, 0xb4, 0xff, 0x03, 0x46, 0xb4, 0xff, 0x03, 0x46,
  0xb4, 0xff, 0x03, 0x46, 0xb4, 0xff, 0x04, 0x49, 0xb7, 0xff, 0x07, 0x52, 0xc4, 0xff, 0x08, 0x55,
  0xc9, 0xff, 0x08, 0x55, 0xc9, 0xff, 0x08, 0x51, 0xc2, 0xff, 0x07, 0x4b, 0xb4, 0xff, 0x07, 0x49,
  0xb1, 0xff, 0x07, 0x4a, 0xb1, 0xff, 0x07, 0x49, 0xb1, 0xff, 0x06, 0x48, 0xaf, 0xff, 0x06, 0x47,
  0xaf, 0xff, 0x04, 0x46, 0xb0, 0xff, 0x0a, 0x4e, 0xb5, 0xff, 0x1f, 0x66, 0xc2, 0xff, 0x24, 0x6d,
  0xc6, 0xff, 0x24, 0x6d, 0xc5, 0xff, 0x18, 0x63, 0xc4, 0xff, 0x06, 0x51, 0xc2, 0xff, 0x04, 0x4f,
  0xc2, 0xff, 0x04, 0x4f, 0xc2, 0xff, 0x04, 0x4f, 0xc2, 0xff, 0x04, 0x4f, 0xc2, 0xff, 0x04, 0x4f,
  0xc2, 0xff, 0x04, 0x4f, 0xc2, 0xff, 0x04, 0x4f, 0xc2, 0xff, 0x04, 0x4f, 0xc2, 0xff, 0x04, 0x4f,
  0xc2, 0xff, 0x04, 0x4f, 0xc2, 0xff, 0x04, 0x4f, 0xc2, 0xcf, 0x04, 0x45, 0xae, 0xcf, 0x04, 0x45,
  0xae, 0xff, 0x04, 0x45, 0xae, 0xff, 0x04, 0x47, 0xb1, 0xff, 0x04, 0x4f, 0xc0, 0xff, 0x04, 0x51,
  0xc5, 0xff, 0x04, 0x51, 0xc4, 0xff, 0x04, 0x51, 0xc4, 0xff, 0x04, 0x51, 0xc4, 0xff, 0x04, 0x51,
  0xc4, 0xff, 0x04, 0x51, 0xc4, 0xff, 0x03, 0x4b, 0xbb, 0xff, 0x03, 0x45, 0xaf, 0xff, 0x03, 0x44,
  0xae, 0xff, 0x03, 0x44, 0xae, 0xff, 0x04, 0x45, 0xae, 0xff, 0x03, 0x44, 0xae, 0xff, 0x04, 0x45,
  0xae, 0xff, 0x04, 0x45, 0xae, 0xff, 0x04, 0x49, 0xb6, 0xff, 0x04, 0x51, 0xc3, 0xff, 0x04, 0x51,
  0xc5, 0xff, 0x04, 0x51, 0xc5, 0xff, 0x04, 0x51, 0xc5, 0xff, 0x04, 0x51, 0xc5, 0xff, 0x04, 0x51,
  0xc4, 0xff, 0x04, 0x51, 0xc4, 0xff, 0x04, 0x4e, 0xbf, 0xff, 0x04, 0x46, 0xb1, 0xff, 0x04, 0x44,
  0xae, 0xff, 0x03, 0x44, 0xae, 0xff, 0x03, 0x44, 0xae, 0xff, 0x03, 0x44, 0xae, 0xff, 0x03, 0x44,
  0xae, 0xff, 0x03, 0x44, 0xae, 0xff, 0x03, 0x46, 0xb2, 0xff, 0x04, 0x4e, 0xc0, 0xff, 0x04, 0x50,
  0xc4, 0xff, 0x04, 0x50, 0xc4, 0xff, 0x04, 0x4d, 0xbe, 0xff, 0x04, 0x46, 0xb0, 0xff, 0x04, 0x45,
  0xae, 0xff, 0x04, 0x45, 0xad, 0xff, 0x04, 0x45, 0xae, 0xff, 0x04, 0x44, 0xae, 0xff, 0x05, 0x45,
  0xad, 0xff, 0x04, 0x45, 0xae, 0xff, 0x0b, 0x4e, 0xb4, 0xff, 0x22, 0x6a, 0xc5, 0xff, 0x29, 0x72,
  0xc9, 0xff, 0x29, 0x72, 0xc9, 0xff, 0x1b, 0x67, 0xc7, 0xff, 0x06, 0x53, 0xc5, 0xff, 0x04, 0x50,
  0xc4, 0xff, 0x04, 0x50, 0xc4, 0xff, 0x04, 0x50, 0xc4, 0xff, 0x04, 0x50, 0xc4, 0xff, 0x04, 0x50,
  0xc4, 0xff, 0x04, 0x50, 0xc4, 0xff, 0x04, 0x50, 0xc4, 0xff, 0x04, 0x50, 0xc4, 0xff, 0x04, 0x51,
  0xc4, 0xff, 0x04, 0x50, 0xc4, 0xff, 0x04, 0x50, 0xc4, 0xcf, 0x04, 0x46, 0xaf, 0xcf, 0x04, 0x45,
  0xaf, 0xff, 0x04, 0x45, 0xaf, 0xff, 0x04, 0x47, 0xb3, 0xff, 0x04, 0x4f, 0xc0, 0xff, 0x04, 0x52,
  0xc5, 0xff, 0x04, 0x52, 0xc5, 0xff, 0x04, 0x52, 0xc5, 0xff, 0x04, 0x52, 0xc5, 0xff, 0x04, 0x52,
  0xc5, 0xff, 0x04, 0x52, 0xc5, 0xff, 0x04, 0x4c, 0xbb, 0xff, 0x04, 0x45, 0xb0, 0xff, 0x04, 0x45,
  0xaf, 0xff, 0x04, 0x45, 0xaf, 0xff, 0x04, 0x45, 0xaf, 0xff, 0x04, 0x45, 0xaf, 0xff, 0x04, 0x45,
  0xaf, 0xff, 0x04, 0x45, 0xaf, 0xff, 0x04, 0x4a, 0xb7, 0xff, 0x04, 0x51, 0xc4, 0xff, 0x04, 0x52,
  0xc5, 0xff, 0x04, 0x52, 0xc5, 0xff, 0x04, 0x52, 0xc5, 0xff, 0x04, 0x52, 0xc5, 0xff, 0x04, 0x52,
  0xc5, 0xff, 0x04, 0x52, 0xc5, 0xff, 0x04, 0x4f, 0xc0, 0xff, 0x04, 0x47, 0xb2, 0xff, 0x04, 0x44,
  0xaf, 0xff, 0x04, 0x45, 0xaf, 0xff, 0x04, 0x45, 0xaf, 0xff, 0x04, 0x44, 0xaf, 0xff, 0x04, 0x44,
  0xaf, 0xff, 0x04, 0x45, 0xaf, 0xff, 0x04, 0x47, 0xb3, 0xff, 0x04, 0x4f, 0xc0, 0xff, 0x04, 0x50,
  0xc4, 0xff, 0x04, 0x50, 0xc4, 0xff, 0x04, 0x4d, 0xbe, 0xff, 0x04, 0x46, 0xb1, 0xff, 0x05, 0x46,
  0xad, 0xff, 0x06, 0x46, 0xad, 0xff, 0x05, 0x45, 0xad, 0xff, 0x04, 0x45, 0xae, 0xff, 0x04, 0x45,
  0xae, 0xff, 0x04, 0x45, 0xae, 0xff, 0x0b, 0x4e, 0xb4, 0xff, 0x22, 0x6a, 0xc4, 0xff, 0x28, 0x72,
  0xc9, 0xff, 0x28, 0x72, 0xc8, 0xff, 0x1b, 0x66, 0xc7, 0xff, 0x06, 0x53, 0xc5, 0xff, 0x04, 0x50,
  0xc4, 0xff, 0x04, 0x50, 0xc4, 0xff, 0x04, 0x50, 0xc4, 0xff, 0x04, 0x50, 0xc4, 0xff, 0x04, 0x50,
  0xc4, 0xff, 0x04, 0x50, 0xc4, 0xff, 0x04, 0x50, 0xc4, 0xff, 0x04, 0x51, 0xc4, 0xff, 0x04, 0x51,
  0xc5, 0xff, 0x04, 0x51, 0xc4, 0xff, 0x04, 0x51, 0xc4, 0xcf, 0x05, 0x56, 0xcd, 0xcf, 0x05, 0x56,
  0xcd, 0xff, 0x05, 0x56, 0xcc, 0xff, 0x07, 0x59, 0xcf, 0xff, 0x10, 0x65, 0xd9, 0xff, 0x14, 0x68,
  0xdc, 0xff, 0x14, 0x68, 0xdc, 0xff, 0x14, 0x68, 0xdc, 0xff, 0x14, 0x68, 0xdc, 0xff, 0x14, 0x68,
  0xdc, 0xff, 0x13, 0x68, 0xdc, 0xff, 0x16, 0x63, 0xd4, 0xff, 0x19, 0x5d, 0xcb, 0xff, 0x19, 0x5b,
  0xca, 0xff, 0x19, 0x5c, 0xca, 0xff, 0x15, 0x5b, 0xcb, 0xff, 0x08, 0x57, 0xcc, 0xff, 0x05, 0x56,
  0xcc, 0xff, 0x05, 0x56, 0xcc, 0xff, 0x0a, 0x5c, 0xd2, 0xff, 0x12, 0x67, 0xdb, 0xff, 0x13, 0x68,
  0xdc, 0xff, 0x13, 0x68, 0xdc, 0xff, 0x13, 0x68, 0xdc, 0xff, 0x13, 0x68, 0xdc, 0xff, 0x14, 0x68,
  0xdc, 0xff, 0x13, 0x69, 0xdc, 0xff, 0x14, 0x65, 0xd8, 0xff, 0x18, 0x5d, 0xcc, 0xff, 0x19, 0x5b,
  0xca, 0xff, 0x19, 0x5b, 0xca, 0xff, 0x19, 0x5b, 0xca, 0xff, 0x19, 0x5b, 0xca, 0xff, 0x19, 0x5b,
  0xca, 0xff, 0x19, 0x5b, 0xcb, 0xff, 0x15, 0x59, 0xc9, 0xff, 0x08, 0x53, 0xc6, 0xff, 0x04, 0x50,
  0xc4, 0xff, 0x04, 0x50, 0xc4, 0xff, 0x08, 0x53, 0xc1, 0xff, 0x12, 0x58, 0xbb, 0xff, 0x17, 0x59,
  0xb8, 0xff, 0x1a, 0x59, 0xb7, 0xff, 0x1b, 0x58, 0xb6, 0xff, 0x0d, 0x50, 0xb5, 0xff, 0x04, 0x4b,
  0xb7, 0xff, 0x04, 0x4a, 0xb8, 0xff, 0x07, 0x4f, 0xbc, 0xff, 0x14, 0x5e, 0xc5, 0xff, 0x17, 0x63,
  0xc7, 0xff, 0x17, 0x63, 0xc7, 0xff, 0x10, 0x5c, 0xc7, 0xff, 0x05, 0x52, 0xc5, 0xff, 0x04, 0x50,
  0xc4, 0xff, 0x04, 0x50, 0xc4, 0xff, 0x04, 0x50, 0xc4, 0xff, 0x04, 0x50, 0xc4, 0xff, 0x04, 0x50,
  0xc4, 0xff, 0x04, 0x50, 0xc4, 0xff, 0x07, 0x54, 0xc5, 0xff, 0x11, 0x5e, 0xc6, 0xff, 0x14, 0x60,
  0xc6, 0xff, 0x13, 0x60, 0xc6, 0xff, 0x14, 0x60, 0xc6, 0xcf, 0x08, 0x6b, 0xef, 0xcf, 0x08, 0x6b,
  0xef, 0xff, 0x08, 0x6a, 0xef, 0xff, 0x0c, 0x6e, 0xf1, 0xff, 0x1f, 0x7e, 0xf5, 0xff, 0x25, 0x83,
  0xf6, 0xff, 0x25, 0x83, 0xf6, 0xff, 0x25, 0x83, 0xf6, 0xff, 0x25, 0x83, 0xf6, 0xff, 0x25, 0x83,
  0xf6, 0xff, 0x25, 0x83, 0xf6, 0xff, 0x2b, 0x7d, 0xf0, 0xff, 0x32, 0x77, 0xea, 0xff, 0x33, 0x77,
  0xe9, 0xff, 0x33, 0x77, 0xe9, 0xff, 0x29, 0x74, 0xeb, 0xff, 0x0e, 0x6c, 0xef, 0xff, 0x07, 0x6a,
  0xef, 0xff, 0x07, 0x6a, 0xef, 0xff, 0x11, 0x72, 0xf2, 0xff, 0x22, 0x81, 0xf6, 0xff, 0x25, 0x83,
  0xf6, 0xff, 0x25, 0x82, 0xf6, 0xff, 0x25, 0x83, 0xf6, 0xff, 0x25, 0x83, 0xf6, 0xff, 0x25, 0x83,
  0xf6, 0xff, 0x25, 0x83, 0xf6, 0xff, 0x28, 0x7f, 0xf3, 0xff, 0x30, 0x78, 0xeb, 0xff, 0x33, 0x76,
  0xe9, 0xff, 0x33, 0x77, 0xea, 0xff, 0x33, 0x77, 0xea, 0xff, 0x32, 0x76, 0xe9, 0xff, 0x33, 0x77,
  0xe9, 0xff, 0x33, 0x77, 0xea, 0xff, 0x2a, 0x70, 0xe4, 0xff, 0x0d, 0x58, 0xcd, 0xff, 0x04, 0x51,
  0xc4, 0xff, 0x04, 0x50, 0xc4, 0xff, 0x0e, 0x5a, 0xc6, 0xff, 0x23, 0x6c, 0xc7, 0xff, 0x2a, 0x6f,
  0xc9, 0xff, 0x2c, 0x6e, 0xc7, 0xff, 0x2a, 0x6c, 0xc5, 0xff, 0x14, 0x5c, 0xc1, 0xff, 0x04, 0x51,
  0xc3, 0xff, 0x04, 0x50, 0xc4, 0xff, 0x04, 0x50, 0xc4, 0xff, 0x05, 0x51, 0xc4, 0xff, 0x05, 0x51,
  0xc4, 0xff, 0x05, 0x51, 0xc4, 0xff, 0x04, 0x51, 0xc4, 0xff, 0x04, 0x50, 0xc4, 0xff, 0x04, 0x50,
  0xc4, 0xff, 0x04, 0x50, 0xc4, 0xff, 0x04, 0x50, 0xc4, 0xff, 0x04, 0x50, 0xc4, 0xff, 0x04, 0x50,
  0xc4, 0xff, 0x04, 0x50, 0xc4, 0xff, 0x0c, 0x58, 0xc5, 0xff, 0x22, 0x6d, 0xc8, 0xff, 0x28, 0x71,
  0xc8, 0xff, 0x27, 0x71, 0xc8, 0xff, 0x27, 0x71, 0xc8, 0xcf, 0x08, 0x6d, 0xf2, 0xcf, 0x08, 0x6c,
  0xf2, 0xff, 0x08, 0x6c, 0xf2, 0xff, 0x0c, 0x70, 0xf3, 0xff, 0x20, 0x7f, 0xf7, 0xff, 0x27, 0x85,
  0xf8, 0xff, 0x26, 0x84, 0xf8, 0xff, 0x26, 0x85, 0xf8, 0xff, 0x27, 0x85, 0xf8, 0xff, 0x27, 0x85,
  0xf8, 0xff, 0x27, 0x85, 0xf8, 0xff, 0x2d, 0x7f, 0xf3, 0xff, 0x34, 0x79, 0xec, 0xff, 0x35, 0x79,
  0xec, 0xff, 0x35, 0x79, 0xec, 0xff, 0x2b, 0x76, 0xed, 0xff, 0x0e, 0x6e, 0xf2, 0xff, 0x08, 0x6c,
  0xf2, 0xff, 0x08, 0x6c, 0xf2, 0xff, 0x12, 0x74, 0xf4, 0xff, 0x24, 0x83, 0xf8, 0xff, 0x26, 0x84,
  0xf8, 0xff, 0x26, 0x84, 0xf8, 0xff, 0x27, 0x85, 0xf8, 0xff, 0x27, 0x85, 0xf8, 0xff, 0x26, 0x84,
  0xf8, 0xff, 0x26, 0x85, 0xf8, 0xff, 0x2a, 0x81, 0xf5, 0xff, 0x33, 0x7a, 0xee, 0xff, 0x35, 0x79,
  0xec, 0xff, 0x35, 0x79, 0xec, 0xff, 0x35, 0x79, 0xec, 0xff, 0x35, 0x79, 0xec, 0xff, 0x35, 0x79,
  0xec, 0xff, 0x35, 0x79, 0xec, 0xff, 0x2c, 0x72, 0xe6, 0xff, 0x0d, 0x59, 0xcd, 0xff, 0x04, 0x51,
  0xc5, 0xff, 0x04, 0x50, 0xc4, 0xff, 0x0e, 0x5a, 0xc6, 0xff, 0x25, 0x6e, 0xc9, 0xff, 0x2d, 0x71,
  0xcb, 0xff, 0x2e, 0x71, 0xca, 0xff, 0x2b, 0x6e, 0xc7, 0xff, 0x13, 0x5d, 0xc2, 0xff, 0x04, 0x51,
  0xc5, 0xff, 0x04, 0x51, 0xc4, 0xff, 0x04, 0x50, 0xc4, 0xff, 0x04, 0x50, 0xc4, 0xff, 0x04, 0x50,
  0xc4, 0xff, 0x04, 0x51, 0xc4, 0xff, 0x04, 0x50, 0xc4, 0xff, 0x04, 0x50, 0xc4, 0xff, 0x04, 0x50,
  0xc4, 0xff, 0x04, 0x50, 0xc4, 0xff, 0x04, 0x50, 0xc4, 0xff, 0x04, 0x50, 0xc4, 0xff, 0x04, 0x50,
  0xc4, 0xff, 0x04, 0x50, 0xc4, 0xff, 0x0c, 0x58, 0xc5, 0xff, 0x24, 0x6e, 0xc8, 0xff, 0x29, 0x72,
  0xc8, 0xff, 0x29, 0x72, 0xc8, 0xff, 0x29, 0x72, 0xc8, 0xcf, 0x08, 0x6d, 0xf3, 0xcf, 0x08, 0x6c,
  0xf2, 0xff, 0x08, 0x6c, 0xf2, 0xff, 0x0c, 0x70, 0xf4, 0xff, 0x20, 0x80, 0xf8, 0xff, 0x27, 0x85,
  0xf9, 0xff, 0x27, 0x85, 0xf9, 0xff, 0x27, 0x85, 0xf9, 0xff, 0x27, 0x85, 0xf9, 0xff, 0x27, 0x85,
  0xf9, 0xff, 0x27, 0x85, 0xf9, 0xff, 0x2d, 0x80, 0xf3, 0xff, 0x34, 0x7a, 0xed, 0xff, 0x35, 0x79,
  0xed, 0xff, 0x35, 0x79, 0xed, 0xff, 0x2b, 0x77, 0xed, 0xff, 0x0f, 0x6e, 0xf2, 0xff, 0x08, 0x6c,
  0xf2, 0xff, 0x08, 0x6c, 0xf2, 0xff, 0x12, 0x74, 0xf5, 0xff, 0x24, 0x83, 0xf8, 0xff, 0x27, 0x85,
  0xf9, 0xff, 0x27, 0x85, 0xf9, 0xff, 0x27, 0x85, 0xf9, 0xff, 0x27, 0x85, 0xf9, 0xff, 0x27, 0x85,
  0xf9, 0xff, 0x27, 0x85, 0xf9, 0xff, 0x2a, 0x81, 0xf6, 0xff, 0x33, 0x7a, 0xee, 0xff, 0x35, 0x79,
  0xec, 0xff, 0x35, 0x79, 0xec, 0xff, 0x35, 0x79, 0xec, 0xff, 0x35, 0x79, 0xec, 0xff, 0x35, 0x79,
  0xec, 0xff, 0x35, 0x79, 0xed, 0xff, 0x2c, 0x72, 0xe6, 0xff, 0x0d, 0x59, 0xcd, 0xff, 0x03, 0x51,
  0xc4, 0xff, 0x03, 0x50, 0xc4, 0xff, 0x0e, 0x5b, 0xc6, 0xff, 0x25, 0x6d, 0xc9, 0xff, 0x2c, 0x70,
  0xcb, 0xff, 0x2d, 0x70, 0xcb, 0xff, 0x29, 0x6e, 0xc9, 0xff, 0x10, 0x5c, 0xc3, 0xff, 0x04, 0x51,
  0xc5, 0xff, 0x04, 0x51, 0xc4, 0xff, 0x04, 0x50, 0xc4, 0xff, 0x04, 0x50, 0xc4, 0xff, 0x04, 0x51,
  0xc4, 0xff, 0x04, 0x51, 0xc4, 0xff, 0x04, 0x51, 0xc4, 0xff, 0x04, 0x50, 0xc4, 0xff, 0x04, 0x50,
  0xc4, 0xff, 0x04, 0x50, 0xc4, 0xff, 0x04, 0x50, 0xc4, 0xff, 0x04, 0x50, 0xc4, 0xff, 0x04, 0x50,
  0xc4, 0xff, 0x04, 0x50, 0xc4, 0xff, 0x0c, 0x59, 0xc5, 0xff, 0x24, 0x6e, 0xc8, 0xff, 0x29, 0x73,
  0xc9, 0xff, 0x29, 0x72, 0xc9, 0xff, 0x29, 0x73, 0xc9, 0xcf, 0x07, 0x64, 0xe5, 0xcf, 0x07, 0x64,
  0xe4, 0xff, 0x07, 0x64, 0xe4, 0xff, 0x0a, 0x66, 0xe4, 0xff, 0x1a, 0x71, 0xe3, 0xff, 0x1f, 0x74,
  0xe2, 0xff, 0x1e, 0x74, 0xe2, 0xff, 0x1f, 0x74, 0xe2, 0xff, 0x1f, 0x74, 0xe2, 0xff, 0x1f, 0x73,
  0xe2, 0xff, 0x1f, 0x73, 0xe2, 0xff, 0x24, 0x6f, 0xde, 0xff, 0x29, 0x6b, 0xd9, 0xff, 0x2a, 0x6a,
  0xd8, 0xff, 0x2a, 0x6a, 0xd8, 0xff, 0x22, 0x69, 0xdc, 0xff, 0x0c, 0x67, 0xe6, 0xff, 0x07, 0x66,
  0xe9, 0xff, 0x07, 0x66, 0xe9, 0xff, 0x0f, 0x6c, 0xe9, 0xff, 0x1d, 0x76, 0xe9, 0xff, 0x1f, 0x78,
  0xea, 0xff, 0x1f, 0x78, 0xe9, 0xff, 0x1f, 0x78, 0xea, 0xff, 0x1f, 0x79, 0xed, 0xff, 0x20, 0x7a,
  0xee, 0xff, 0x1f, 0x7a, 0xee, 0xff, 0x24, 0x79, 0xed, 0xff, 0x32, 0x79, 0xec, 0xff, 0x35, 0x79,
  0xec, 0xff, 0x35, 0x79, 0xec, 0xff, 0x34, 0x78, 0xe9, 0xff, 0x32, 0x78, 0xe6, 0xff, 0x32, 0x78,
  0xe5, 0xff, 0x32, 0x78, 0xe5, 0xff, 0x2a, 0x74, 0xde, 0xff, 0x13, 0x61, 0xc9, 0xff, 0x0b, 0x59,
  0xc3, 0xff, 0x0b, 0x59, 0xc4, 0xff, 0x15, 0x61, 0xc4, 0xff, 0x26, 0x6e, 0xca, 0xff, 0x29, 0x70,
  0xcd, 0xff, 0x29, 0x70, 0xcd, 0xff, 0x24, 0x6e, 0xcb, 0xff, 0x0d, 0x5b, 0xc5, 0xff, 0x04, 0x51,
  0xc5, 0xff, 0x04, 0x51, 0xc4, 0xff, 0x04, 0x50, 0xc5, 0xff, 0x04, 0x51, 0xca, 0xff, 0x04, 0x51,
  0xcb, 0xff, 0x04, 0x51, 0xcb, 0xff, 0x04, 0x51, 0xc9, 0xff, 0x04, 0x50, 0xc5, 0xff, 0x04, 0x50,
  0xc4, 0xff, 0x04, 0x50, 0xc4, 0xff, 0x04, 0x50, 0xc4, 0xff, 0x04, 0x50, 0xc4, 0xff, 0x04, 0x50,
  0xc4, 0xff, 0x04, 0x50, 0xc4, 0xff, 0x0a, 0x56, 0xc4, 0xff, 0x1d, 0x66, 0xc4, 0xff, 0x21, 0x69,
  0xc3, 0xff, 0x21, 0x69, 0xc3, 0xff, 0x21, 0x69, 0xc3, 0xcf, 0x04, 0x4b, 0xba, 0xcf, 0x04, 0x4b,
  0xb9, 0xff, 0x04, 0x4b, 0xba, 0xff, 0x04, 0x49, 0xb5, 0xff, 0x06, 0x41, 0xa4, 0xff, 0x08, 0x3f,
  0x9e, 0xff, 0x07, 0x3f, 0x9e, 0xff, 0x07, 0x3f, 0x9e, 0xff, 0x08, 0x3f, 0x9e, 0xff, 0x08, 0x3f,
  0x9e, 0xff, 0x08, 0x3f, 0x9e, 0xff, 0x09, 0x3e, 0x9d, 0xff, 0x0a, 0x3d, 0x9c, 0xff, 0x0a, 0x3d,
  0x9c, 0xff, 0x0a, 0x3c, 0x9b, 0xff, 0x08, 0x42, 0xa6, 0xff, 0x05, 0x51, 0xc4, 0xff, 0x05, 0x55,
  0xcd, 0xff, 0x05, 0x55, 0xcc, 0xff, 0x06, 0x53, 0xc6, 0xff, 0x08, 0x50, 0xbc, 0xff, 0x09, 0x4f,
  0xba, 0xff, 0x09, 0x50, 0xbb, 0xff, 0x09, 0x51, 0xbd, 0xff, 0x09, 0x57, 0xc9, 0xff, 0x09, 0x59,
  0xcd, 0xff, 0x09, 0x59, 0xcd, 0xff, 0x14, 0x61, 0xd5, 0xff, 0x2f, 0x74, 0xe8, 0xff, 0x35, 0x79,
  0xec, 0xff, 0x35, 0x78, 0xec, 0xff, 0x30, 0x76, 0xe1, 0xff, 0x2b, 0x74, 0xd0, 0xff, 0x2b, 0x74,
  0xce, 0xff, 0x2a, 0x74, 0xce, 0xff, 0x2a, 0x72, 0xcd, 0xff, 0x25, 0x6d, 0xc9, 0xff, 0x22, 0x6c,
  0xc7, 0xff, 0x21, 0x6c, 0xc8, 0xff, 0x25, 0x6c, 0xca, 0xff, 0x22, 0x6e, 0xcc, 0xff, 0x20, 0x6f,
  0xcc, 0xff, 0x21, 0x6f, 0xcc, 0xff, 0x1c, 0x6d, 0xcb, 0xff, 0x0a, 0x5b, 0xc6, 0xff, 0x04, 0x51,
  0xc4, 0xff, 0x04, 0x51, 0xc4, 0xff, 0x04, 0x51, 0xca, 0xff, 0x04, 0x54, 0xdb, 0xff, 0x04, 0x55,
  0xdf, 0xff, 0x04, 0x55, 0xdf, 0xff, 0x04, 0x53, 0xd6, 0xff, 0x04, 0x51, 0xc6, 0xff, 0x04, 0x50,
  0xc4, 0xff, 0x04, 0x50, 0xc4, 0xff, 0x04, 0x50, 0xc4, 0xff, 0x04, 0x50, 0xc4, 0xff, 0x04, 0x50,
  0xc4, 0xff, 0x04, 0x50, 0xc4, 0xff, 0x05, 0x4f, 0xc0, 0xff, 0x08, 0x4d, 0xb5, 0xff, 0x09, 0x4c,
  0xb2, 0xff, 0x09, 0x4c, 0xb3, 0xff, 0x09, 0x4c, 0xb3, 0xcf, 0x04, 0x45, 0xae, 0xcf, 0x04, 0x45,
  0xae, 0xff, 0x04, 0x45, 0xae, 0xff, 0x03, 0x41, 0xa8, 0xff, 0x02, 0x34, 0x92, 0xff, 0x02, 0x2f,
  0x8b, 0xff, 0x02, 0x2f, 0x8c, 0xff, 0x02, 0x2f, 0x8c, 0xff, 0x02, 0x2f, 0x8c, 0xff, 0x02, 0x2f,
  0x8c, 0xff, 0x02, 0x2f, 0x8c, 0xff, 0x02, 0x2f, 0x8c, 0xff, 0x02, 0x2f, 0x8c, 0xff, 0x02, 0x2f,
  0x8c, 0xff, 0x02, 0x2f, 0x8b, 0xff, 0x02, 0x36, 0x97, 0xff, 0x04, 0x4b, 0xbb, 0xff, 0x04, 0x50,
  0xc4, 0xff, 0x04, 0x50, 0xc4, 0xff, 0x04, 0x4c, 0xbd, 0xff, 0x04, 0x45, 0xaf, 0xff, 0x04, 0x45,
  0xad, 0xff, 0x04, 0x44, 0xad, 0xff, 0x04, 0x46, 0xb1, 0xff, 0x04, 0x4e, 0xbe, 0xff, 0x04, 0x50,
  0xc4, 0xff, 0x03, 0x4f, 0xc3, 0xff, 0x0f, 0x5a, 0xce, 0xff, 0x2e, 0x73, 0xe6, 0xff, 0x35, 0x79,
  0xec, 0xff, 0x34, 0x78, 0xec, 0xff, 0x30, 0x76, 0xde, 0xff, 0x2a, 0x73, 0xca, 0xff, 0x29, 0x72,
  0xc8, 0xff, 0x28, 0x71, 0xc9, 0xff, 0x29, 0x70, 0xca, 0xff, 0x29, 0x71, 0xc9, 0xff, 0x29, 0x72,
  0xc9, 0xff, 0x29, 0x71, 0xca, 0xff, 0x25, 0x6f, 0xcb, 0xff, 0x16, 0x6c, 0xcc, 0xff, 0x18, 0x6c,
  0xcd, 0xff, 0x1c, 0x6e, 0xcd, 0xff, 0x18, 0x6b, 0xcc, 0xff, 0x09, 0x5a, 0xc6, 0xff, 0x04, 0x51,
  0xc4, 0xff, 0x04, 0x51, 0xc4, 0xff, 0x04, 0x51, 0xcb, 0xff, 0x04, 0x56, 0xdf, 0xff, 0x04, 0x57,
  0xe4, 0xff, 0x04, 0x57, 0xe4, 0xff, 0x04, 0x54, 0xd9, 0xff, 0x04, 0x51, 0xc7, 0xff, 0x04, 0x50,
  0xc4, 0xff, 0x04, 0x50, 0xc4, 0xff, 0x04, 0x50, 0xc4, 0xff, 0x04, 0x50, 0xc4, 0xff, 0x04, 0x50,
  0xc4, 0xff, 0x04, 0x51, 0xc4, 0xff, 0x04, 0x4e, 0xbf, 0xff, 0x03, 0x46, 0xb1, 0xff, 0x04, 0x45,
  0xae, 0xff, 0x04, 0x45, 0xae, 0xff, 0x04, 0x45, 0xae, 0xcf, 0x04, 0x45, 0xae, 0xcf, 0x04, 0x45,
  0xae, 0xff, 0x04, 0x45, 0xae, 0xff, 0x03, 0x41, 0xa9, 0xff, 0x02, 0x34, 0x93, 0xff, 0x02, 0x30,
  0x8c, 0xff, 0x02, 0x30, 0x8c, 0xff, 0x02, 0x30, 0x8c, 0xff, 0x02, 0x30, 0x8c, 0xff, 0x02, 0x30,
  0x8d, 0xff, 0x02, 0x30, 0x8d, 0xff, 0x02, 0x30, 0x8c, 0xff, 0x02, 0x30, 0x8c, 0xff, 0x02, 0x30,
  0x8d, 0xff, 0x02, 0x30, 0x8c, 0xff, 0x03, 0x37, 0x97, 0xff, 0x04, 0x4c, 0xbb, 0xff, 0x04, 0x51,
  0xc5, 0xff, 0x04, 0x50, 0xc4, 0xff, 0x04, 0x4c, 0xbd, 0xff, 0x03, 0x46, 0xb0, 0xff, 0x04, 0x45,
  0xae, 0xff, 0x04, 0x45, 0xae, 0xff, 0x03, 0x46, 0xb1, 0xff, 0x04, 0x4e, 0xbf, 0xff, 0x04, 0x50,
  0xc4, 0xff, 0x04, 0x50, 0xc4, 0xff, 0x0f, 0x5a, 0xce, 0xff, 0x2e, 0x73, 0xe7, 0xff, 0x35, 0x79,
  0xec, 0xff, 0x35, 0x79, 0xec, 0xff, 0x30, 0x76, 0xde, 0xff, 0x29, 0x73, 0xca, 0xff, 0x28, 0x72,
  0xc9, 0xff, 0x29, 0x71, 0xc9, 0xff, 0x28, 0x71, 0xc9, 0xff, 0x29, 0x72, 0xc9, 0xff, 0x29, 0x71,
  0xc9, 0xff, 0x29, 0x71, 0xc9, 0xff, 0x22, 0x70, 0xca, 0xff, 0x13, 0x6d, 0xcc, 0xff, 0x12, 0x6b,
  0xcd, 0xff, 0x13, 0x6c, 0xcd, 0xff, 0x12, 0x69, 0xcc, 0xff, 0x08, 0x59, 0xc7, 0xff, 0x04, 0x51,
  0xc4, 0xff, 0x04, 0x51, 0xc4, 0xff, 0x04, 0x52, 0xcb, 0xff, 0x04, 0x56, 0xdf, 0xff, 0x04, 0x57,
  0xe4, 0xff, 0x04, 0x57, 0xe4, 0xff, 0x04, 0x54, 0xd9, 0xff, 0x04, 0x51, 0xc7, 0xff, 0x04, 0x50,
  0xc4, 0xff, 0x04, 0x50, 0xc4, 0xff, 0x04, 0x50, 0xc4, 0xff, 0x04, 0x50, 0xc4, 0xff, 0x04, 0x51,
  0xc4, 0xff, 0x04, 0x52, 0xc5, 0xff, 0x04, 0x4e, 0xbf, 0xff, 0x04, 0x46, 0xb1, 0xff, 0x04, 0x45,
  0xae, 0xff, 0x04, 0x45, 0xae, 0xff, 0x04, 0x45, 0xae, 0xcf, 0x03, 0x3e, 0xa3, 0xcf, 0x03, 0x3e,
  0xa2, 0xff, 0x03, 0x3e, 0xa2, 0xff, 0x03, 0x3c, 0x9e, 0xff, 0x02, 0x33, 0x91, 0xff, 0x02, 0x30,
  0x8c, 0xff, 0x02, 0x30, 0x8c, 0xff, 0x02, 0x30, 0x8d, 0xff, 0x02, 0x30, 0x8d, 0xff, 0x02, 0x30,
  0x8d, 0xff, 0x02, 0x30, 0x8c, 0xff, 0x02, 0x30, 0x8c, 0xff, 0x02, 0x30, 0x8d, 0xff, 0x02, 0x30,
  0x8d, 0xff, 0x02, 0x30, 0x8c, 0xff, 0x03, 0x32, 0x91, 0xff, 0x03, 0x39, 0xa2, 0xff, 0x03, 0x3a,
  0xa7, 0xff, 0x03, 0x3a, 0xa6, 0xff, 0x0e, 0x4b, 0xb3, 0xff, 0x23, 0x68, 0xc7, 0xff, 0x26, 0x6c,
  0xca, 0xff, 0x26, 0x6c, 0xc9, 0xff, 0x21, 0x69, 0xc9, 0xff, 0x0c, 0x57, 0xc6, 0xff, 0x04, 0x51,
  0xc4, 0xff, 0x04, 0x50, 0xc4, 0xff, 0x0b, 0x56, 0xc9, 0xff, 0x1e, 0x64, 0xd4, 0xff, 0x23, 0x67,
  0xd7, 0xff, 0x23, 0x67, 0xd7, 0xff, 0x20, 0x62, 0xc9, 0xff, 0x1b, 0x5c, 0xb6, 0xff, 0x1b, 0x5b,
  0xb4, 0xff, 0x1b, 0x5b, 0xb4, 0xff, 0x1b, 0x5b, 0xb5, 0xff, 0x1b, 0x5b, 0xb4, 0xff, 0x1b, 0x5b,
  0xb4, 0xff, 0x1b, 0x5b, 0xb4, 0xff, 0x16, 0x57, 0xb2, 0xff, 0x0c, 0x4e, 0xad, 0xff, 0x0b, 0x4c,
  0xac, 0xff, 0x0b, 0x4c, 0xac, 0xff, 0x0d, 0x50, 0xb0, 0xff, 0x1e, 0x68, 0xcb, 0xff, 0x26, 0x74,
  0xd8, 0xff, 0x26, 0x74, 0xd8, 0xff, 0x1e, 0x6d, 0xd6, 0xff, 0x09, 0x56, 0xd3, 0xff, 0x04, 0x51,
  0xd2, 0xff, 0x04, 0x51, 0xd2, 0xff, 0x04, 0x4c, 0xc6, 0xff, 0x03, 0x46, 0xb4, 0xff, 0x03, 0x46,
  0xb1, 0xff, 0x03, 0x46, 0xb1, 0xff, 0x03, 0x46, 0xb1, 0xff, 0x03, 0x46, 0xb1, 0xff, 0x03, 0x46,
  0xb1, 0xff, 0x03, 0x46, 0xb1, 0xff, 0x03, 0x46, 0xb0, 0xff, 0x04, 0x45, 0xaf, 0xff, 0x04, 0x45,
  0xae, 0xff, 0x04, 0x45, 0xae, 0xff, 0x04, 0x45, 0xae, 0xcf, 0x02, 0x32, 0x8f, 0xcf, 0x02, 0x32,
  0x8e, 0xff, 0x02, 0x32, 0x8e, 0xff, 0x02, 0x31, 0x8e, 0xff, 0x02, 0x30, 0x8d, 0xff, 0x02, 0x30,
  0x8c, 0xff, 0x02, 0x30, 0x8d, 0xff, 0x02, 0x30, 0x8c, 0xff, 0x02, 0x30, 0x8c, 0xff, 0x02, 0x30,
  0x8c, 0xff, 0x02, 0x30, 0x8d, 0xff, 0x02, 0x30, 0x8d, 0xff, 0x02, 0x30, 0x8d, 0xff, 0x02, 0x30,
  0x8d, 0xff, 0x02, 0x30, 0x8d, 0xff, 0x03, 0x2a, 0x87, 0xff, 0x02, 0x19, 0x79, 0xff, 0x00, 0x14,
  0x75, 0xff, 0x00, 0x14, 0x75, 0xff, 0x21, 0x49, 0xa2, 0xff, 0x59, 0xa2, 0xed, 0xff, 0x62, 0xae,
  0xf8, 0xff, 0x62, 0xae, 0xf8, 0xff, 0x55, 0xa1, 0xf0, 0xff, 0x1a, 0x68, 0xd1, 0xff, 0x03, 0x51,
  0xc4, 0xff, 0x04, 0x50, 0xc4, 0xff, 0x04, 0x4f, 0xc0, 0xff, 0x06, 0x4a, 0xb6, 0xff, 0x07, 0x49,
  0xb3, 0xff, 0x07, 0x49, 0xb3, 0xff, 0x06, 0x41, 0xa6, 0xff, 0x05, 0x36, 0x93, 0xff, 0x05, 0x35,
  0x91, 0xff, 0x05, 0x35, 0x91, 0xff, 0x05, 0x35, 0x91, 0xff, 0x05, 0x35, 0x91, 0xff, 0x05, 0x35,
  0x91, 0xff, 0x05, 0x35, 0x91, 0xff, 0x05, 0x2c, 0x89, 0xff, 0x02, 0x19, 0x78, 0xff, 0x01, 0x16,
  0x76, 0xff, 0x01, 0x15, 0x75, 0xff, 0x0a, 0x25, 0x82, 0xff, 0x44, 0x81, 0xd2, 0xff, 0x61, 0xaf,
  0xf9, 0xff, 0x62, 0xaf, 0xf9, 0xff, 0x4d, 0x99, 0xea, 0xff, 0x12, 0x58, 0xbe, 0xff, 0x03, 0x46,
  0xb2, 0xff, 0x04, 0x46, 0xb2, 0xff, 0x03, 0x40, 0xa7, 0xff, 0x02, 0x34, 0x93, 0xff, 0x02, 0x33,
  0x90, 0xff, 0x02, 0x33, 0x90, 0xff, 0x02, 0x33, 0x90, 0xff, 0x02, 0x33, 0x90, 0xff, 0x02, 0x33,
  0x90, 0xff, 0x02, 0x33, 0x90, 0xff, 0x02, 0x37, 0x98, 0xff, 0x03, 0x42, 0xaa, 0xff, 0x04, 0x45,
  0xae, 0xff, 0x04, 0x45, 0xae, 0xff, 0x04, 0x45, 0xae, 0xcf, 0x02, 0x30, 0x8d, 0xcf, 0x02, 0x30,
  0x8c, 0xff, 0x02, 0x30, 0x8c, 0xff, 0x02, 0x30, 0x8c, 0xff, 0x02, 0x30, 0x8c, 0xff, 0x02, 0x30,
  0x8d, 0xff, 0x02, 0x30, 0x8c, 0xff, 0x02, 0x30, 0x8c, 0xff, 0x02, 0x30, 0x8d, 0xff, 0x02, 0x30,
  0x8d, 0xff, 0x02, 0x30, 0x8d, 0xff, 0x02, 0x30, 0x8d, 0xff, 0x02, 0x30, 0x8d, 0xff, 0x02, 0x30,
  0x8c, 0xff, 0x02, 0x30, 0x8d, 0xff, 0x04, 0x29, 0x86, 0xff, 0x02, 0x14, 0x74, 0xff, 0x00, 0x0f,
  0x6f, 0xff, 0x00, 0x0f, 0x6f, 0xff, 0x23, 0x48, 0xa0, 0xff, 0x61, 0xaa, 0xf3, 0xff, 0x6a, 0xb7,
  0xff, 0xff, 0x6a, 0xb7, 0xff, 0xff, 0x5c, 0xaa, 0xf6, 0xff, 0x1c, 0x6a, 0xd3, 0xff, 0x03, 0x51,
  0xc4, 0xff, 0x04, 0x51, 0xc4, 0xff, 0x04, 0x4e, 0xbf, 0xff, 0x03, 0x46, 0xb2, 0xff, 0x03, 0x44,
  0xae, 0xff, 0x03, 0x44, 0xae, 0xff, 0x03, 0x3c, 0xa0, 0xff, 0x02, 0x31, 0x8e, 0xff, 0x02, 0x30,
  0x8c, 0xff, 0x02, 0x30, 0x8c, 0xff, 0x02, 0x30, 0x8c, 0xff, 0x02, 0x30, 0x8c, 0xff, 0x02, 0x30,
  0x8c, 0xff, 0x02, 0x30, 0x8c, 0xff, 0x03, 0x25, 0x83, 0xff, 0x01, 0x12, 0x72, 0xff, 0x00, 0x0f,
  0x6f, 0xff, 0x00, 0x0f, 0x6f, 0xff, 0x0a, 0x1f, 0x7d, 0xff, 0x4a, 0x85, 0xd3, 0xff, 0x6a, 0xb7,
  0xff, 0xff, 0x6a, 0xb7, 0xff, 0xff, 0x54, 0x9f, 0xed, 0xff, 0x14, 0x58, 0xbb, 0xff, 0x03, 0x44,
  0xad, 0xff, 0x04, 0x45, 0xae, 0xff, 0x03, 0x3e, 0xa2, 0xff, 0x02, 0x32, 0x8f, 0xff, 0x02, 0x30,
  0x8c, 0xff, 0x02, 0x30, 0x8c, 0xff, 0x02, 0x30, 0x8c, 0xff, 0x02, 0x30, 0x8c, 0xff, 0x02, 0x30,
  0x8c, 0xff, 0x02, 0x30, 0x8c, 0xff, 0x02, 0x35, 0x94, 0xff, 0x03, 0x42, 0xaa, 0xff, 0x04, 0x45,
  0xae, 0xff, 0x04, 0x45, 0xae, 0xff, 0x04, 0x45, 0xae, 0xcf, 0x02, 0x31, 0x8d, 0xcf, 0x02, 0x30,
  0x8d, 0xff, 0x02, 0x30, 0x8d, 0xff, 0x02, 0x30, 0x8d, 0xff, 0x02, 0x30, 0x8d, 0xff, 0x02, 0x30,
  0x8d, 0xff, 0x02, 0x30, 0x8d, 0xff, 0x02, 0x30, 0x8d, 0xff, 0x02, 0x30, 0x8d, 0xff, 0x02, 0x30,
  0x8c, 0xff, 0x02, 0x30, 0x8c, 0xff, 0x02, 0x30, 0x8d, 0xff, 0x02, 0x30, 0x8d, 0xff, 0x02, 0x30,
  0x8d, 0xff, 0x02, 0x31, 0x8d, 0xff, 0x03, 0x29, 0x86, 0xff, 0x02, 0x15, 0x74, 0xff, 0x00, 0x10,
  0x70, 0xff, 0x00, 0x0f, 0x6f, 0xff, 0x23, 0x48, 0xa0, 0xff, 0x61, 0xa9, 0xf3, 0xff, 0x69, 0xb7,
  0xff, 0xff, 0x6a, 0xb7, 0xfe, 0xff, 0x5c, 0xa9, 0xf6, 0xff, 0x1c, 0x6a, 0xd3, 0xff, 0x03, 0x51,
  0xc4, 0xff, 0x04, 0x51, 0xc4, 0xff, 0x04, 0x4e, 0xbf, 0xff, 0x04, 0x47, 0xb2, 0xff, 0x03, 0x45,
  0xaf, 0xff, 0x03, 0x44, 0xaf, 0xff, 0x03, 0x3c, 0xa1, 0xff, 0x02, 0x31, 0x8d, 0xff, 0x02, 0x2f,
  0x8c, 0xff, 0x02, 0x2f, 0x8c, 0xff, 0x02, 0x2f, 0x8c, 0xff, 0x02, 0x30, 0x8c, 0xff, 0x02, 0x30,
  0x8c, 0xff, 0x02, 0x30, 0x8c, 0xff, 0x03, 0x25, 0x83, 0xff, 0x01, 0x13, 0x72, 0xff, 0x00, 0x10,
  0x70, 0xff, 0x00, 0x0f, 0x6f, 0xff, 0x0a, 0x1f, 0x7d, 0xff, 0x49, 0x84, 0xd3, 0xff, 0x69, 0xb7,
  0xfe, 0xff, 0x6a, 0xb7, 0xff, 0xff, 0x54, 0x9f, 0xed, 0xff, 0x14, 0x58, 0xbb, 0xff, 0x03, 0x44,
  0xae, 0xff, 0x04, 0x45, 0xae, 0xff, 0x03, 0x3e, 0xa2, 0xff, 0x02, 0x32, 0x8f, 0xff, 0x02, 0x30,
  0x8c, 0xff, 0x02, 0x30, 0x8c, 0xff, 0x02, 0x30, 0x8c, 0xff, 0x02, 0x30, 0x8c, 0xff, 0x02, 0x30,
  0x8c, 0xff, 0x02, 0x30, 0x8c, 0xff, 0x02, 0x35, 0x94, 0xff, 0x03, 0x42, 0xa9, 0xff, 0x04, 0x45,
  0xae, 0xff, 0x04, 0x45, 0xae, 0xff, 0x04, 0x45, 0xae, 0xcf, 0x03, 0x2c, 0x89, 0xcf, 0x03, 0x2b,
  0x89, 0xff, 0x03, 0x2b, 0x89, 0xff, 0x03, 0x2c, 0x8a, 0xff, 0x02, 0x2f, 0x8c, 0xff, 0x02, 0x30,
  0x8d, 0xff, 0x02, 0x30, 0x8c, 0xff, 0x02, 0x30, 0x8c, 0xff, 0x02, 0x30, 0x8c, 0xff, 0x02, 0x30,
  0x8c, 0xff, 0x02, 0x30, 0x8c, 0xff, 0x03, 0x2e, 0x8b, 0xff, 0x03, 0x2c, 0x89, 0xff, 0x03, 0x2b,
  0x89, 0xff, 0x03, 0x2c, 0x89, 0xff, 0x03, 0x25, 0x83, 0xff, 0x01, 0x14, 0x73, 0xff, 0x00, 0x10,
  0x70, 0xff, 0x00, 0x0f, 0x6f, 0xff, 0x23, 0x48, 0xa0, 0xff, 0x61, 0xa9, 0xf3, 0xff, 0x6a, 0xb7,
  0xff, 0xff, 0x6a, 0xb7, 0xfe, 0xff, 0x5c, 0xa9, 0xf6, 0xff, 0x1c, 0x6a, 0xd2, 0xff, 0x03, 0x51,
  0xc4, 0xff, 0x04, 0x51, 0xc5, 0xff, 0x04, 0x4b, 0xbd, 0xff, 0x03, 0x40, 0xaa, 0xff, 0x03, 0x3d,
  0xa6, 0xff, 0x03, 0x3d, 0xa6, 0xff, 0x07, 0x3f, 0xa2, 0xff, 0x0e, 0x41, 0x9c, 0xff, 0x0e, 0x41,
  0x9b, 0xff, 0x0e, 0x41, 0x9b, 0xff, 0x0c, 0x3f, 0x9a, 0xff, 0x05, 0x37, 0x95, 0xff, 0x02, 0x35,
  0x94, 0xff, 0x02, 0x35, 0x94, 0xff, 0x03, 0x29, 0x89, 0xff, 0x01, 0x13, 0x73, 0xff, 0x00, 0x10,
  0x70, 0xff, 0x00, 0x0f, 0x6f, 0xff, 0x0a, 0x1f, 0x7d, 0xff, 0x49, 0x84, 0xd3, 0xff, 0x69, 0xb7,
  0xfe, 0xff, 0x6a, 0xb7, 0xff, 0xff, 0x54, 0x9f, 0xed, 0xff, 0x14, 0x58, 0xbb, 0xff, 0x03, 0x44,
  0xad, 0xff, 0x04, 0x45, 0xae, 0xff, 0x03, 0x3f, 0xa4, 0xff, 0x02, 0x35, 0x94, 0xff, 0x02, 0x34,
  0x91, 0xff, 0x02, 0x34, 0x92, 0xff, 0x02, 0x34, 0x92, 0xff, 0x02, 0x35, 0x93, 0xff, 0x02, 0x35,
  0x94, 0xff, 0x02, 0x35, 0x94, 0xff, 0x03, 0x3a, 0x9b, 0xff, 0x07, 0x48, 0xae, 0xff, 0x08, 0x4b,
  0xb2, 0xff, 0x08, 0x4b, 0xb2, 0xff, 0x08, 0x4b, 0xb2, 0xcf, 0x01, 0x16, 0x76, 0xcf, 0x01, 0x16,
  0x76, 0xff, 0x01, 0x16, 0x76, 0xff, 0x02, 0x1a, 0x7a, 0xff, 0x03, 0x2a, 0x89, 0xff, 0x02, 0x30,
  0x8d, 0xff, 0x02, 0x30, 0x8c, 0xff, 0x02, 0x30, 0x8c, 0xff, 0x02, 0x30, 0x8c, 0xff, 0x02, 0x30,
  0x8d, 0xff, 0x02, 0x30, 0x8c, 0xff, 0x03, 0x24, 0x83, 0xff, 0x02, 0x18, 0x77, 0xff, 0x02, 0x16,
  0x76, 0xff, 0x02, 0x16, 0x76, 0xff, 0x01, 0x15, 0x74, 0xff, 0x00, 0x11, 0x71, 0xff, 0x00, 0x10,
  0x70, 0xff, 0x00, 0x0f, 0x6f, 0xff, 0x23, 0x48, 0xa0, 0xff, 0x61, 0xa9, 0xf3, 0xff, 0x69, 0xb7,
  0xff, 0xff, 0x6a, 0xb7, 0xfe, 0xff, 0x5c, 0xa9, 0xf6, 0xff, 0x1c, 0x6a, 0xd3, 0xff, 0x03, 0x51,
  0xc4, 0xff, 0x04, 0x51, 0xc5, 0xff, 0x04, 0x43, 0xb3, 0xff, 0x02, 0x23, 0x87, 0xff, 0x01, 0x1b,
  0x7d, 0xff, 0x01, 0x1c, 0x7e, 0xff, 0x1f, 0x4c, 0xa6, 0xff, 0x4a, 0x8d, 0xdc, 0xff, 0x4f, 0x94,
  0xe1, 0xff, 0x4f, 0x94, 0xe2, 0xff, 0x42, 0x88, 0xda, 0xff, 0x12, 0x58, 0xbf, 0xff, 0x03, 0x48,
  0xb6, 0xff, 0x04, 0x49, 0xb7, 0xff, 0x03, 0x37, 0xa1, 0xff, 0x01, 0x15, 0x76, 0xff, 0x00, 0x10,
  0x70, 0xff, 0x00, 0x0f, 0x6f, 0xff, 0x0a, 0x1f, 0x7d, 0xff, 0x49, 0x84, 0xd3, 0xff, 0x69, 0xb7,
  0xfe, 0xff, 0x6a, 0xb7, 0xff, 0xff, 0x54, 0x9f, 0xed, 0xff, 0x14, 0x58, 0xbb, 0xff, 0x03, 0x44,
  0xae, 0xff, 0x04, 0x45, 0xae, 0xff, 0x04, 0x43, 0xab, 0xff, 0x03, 0x40, 0xa7, 0xff, 0x03, 0x40,
  0xa6, 0xff, 0x03, 0x40, 0xa6, 0xff, 0x03, 0x41, 0xa8, 0xff, 0x03, 0x47, 0xb2, 0xff, 0x04, 0x49,
  0xb7, 0xff, 0x03, 0x48, 0xb7, 0xff, 0x0a, 0x50, 0xb9, 0xff, 0x1b, 0x63, 0xc1, 0xff, 0x20, 0x67,
  0xc2, 0xff, 0x1f, 0x66, 0xc2, 0xff, 0x1f, 0x67, 0xc2, 0xcf, 0x00, 0x10, 0x70, 0xcf, 0x00, 0x10,
  0x70, 0xff, 0x00, 0x10, 0x6f, 0xff, 0x01, 0x14, 0x74, 0xff, 0x03, 0x29, 0x87, 0xff, 0x02, 0x30,
  0x8d, 0xff, 0x02, 0x30, 0x8c, 0xff, 0x02, 0x30, 0x8c, 0xff, 0x02, 0x30, 0x8c, 0xff, 0x02, 0x30,
  0x8d, 0xff, 0x02, 0x30, 0x8c, 0xff, 0x03, 0x20, 0x7f, 0xff, 0x00, 0x11, 0x70, 0xff, 0x00, 0x10,
  0x70, 0xff, 0x00, 0x10, 0x70, 0xff, 0x00, 0x10, 0x70, 0xff, 0x00, 0x10, 0x70, 0xff, 0x00, 0x10,
  0x70, 0xff, 0x00, 0x0f, 0x6f, 0xff, 0x23, 0x48, 0xa0, 0xff, 0x61, 0xa9, 0xf3, 0xff, 0x69, 0xb7,
  0xff, 0xff, 0x6a, 0xb7, 0xfe, 0xff, 0x5c, 0xa9, 0xf6, 0xff, 0x1c, 0x6a, 0xd3, 0xff, 0x03, 0x51,
  0xc4, 0xff, 0x04, 0x52, 0xc5, 0xff, 0x03, 0x40, 0xaf, 0xff, 0x01, 0x18, 0x79, 0xff, 0x00, 0x0f,
  0x6f, 0xff, 0x00, 0x0f, 0x6f, 0xff, 0x29, 0x51, 0xa7, 0xff, 0x64, 0xae, 0xf7, 0xff, 0x6a, 0xb7,
  0xff, 0xff, 0x6a, 0xb7, 0xff, 0xff, 0x58, 0xa6, 0xf4, 0xff, 0x18, 0x66, 0xd1, 0xff, 0x03, 0x50,
  0xc4, 0xff, 0x04, 0x51, 0xc5, 0xff, 0x03, 0x3d, 0xab, 0xff, 0x01, 0x16, 0x77, 0xff, 0x00, 0x10,
  0x70, 0xff, 0x00, 0x0f, 0x6f, 0xff, 0x0a, 0x1f, 0x7d, 0xff, 0x49, 0x84, 0xd3, 0xff, 0x69, 0xb7,
  0xfe, 0xff, 0x6a, 0xb7, 0xff, 0xff, 0x54, 0x9f, 0xed, 0xff, 0x14, 0x58, 0xbc, 0xff, 0x03, 0x44,
  0xae, 0xff, 0x04, 0x45, 0xae, 0xff, 0x04, 0x45, 0xae, 0xff, 0x04, 0x45, 0xae, 0xff, 0x04, 0x45,
  0xae, 0xff, 0x04, 0x45, 0xae, 0xff, 0x04, 0x46, 0xb1, 0xff, 0x04, 0x4e, 0xbf, 0xff, 0x04, 0x51,
  0xc4, 0xff, 0x04, 0x50, 0xc4, 0xff, 0x0c, 0x59, 0xc6, 0xff, 0x24, 0x6e, 0xc8, 0xff, 0x2a, 0x73,
  0xc9, 0xff, 0x2a, 0x72, 0xc8, 0xff, 0x2a, 0x72, 0xc8, 0xcf, 0x00, 0x0f, 0x6f, 0xcf, 0x00, 0x0f,
  0x6f, 0xff, 0x00, 0x0f, 0x6f, 0xff, 0x01, 0x14, 0x74, 0xff, 0x03, 0x28, 0x87, 0xff, 0x02, 0x30,
  0x8d, 0xff, 0x02, 0x30, 0x8c, 0xff, 0x02, 0x30, 0x8c, 0xff, 0x02, 0x30, 0x8c, 0xff, 0x02, 0x30,
  0x8c, 0xff, 0x02, 0x2f, 0x8c, 0xff, 0x03, 0x20, 0x7e, 0xff, 0x00, 0x10, 0x70, 0xff, 0x00, 0x0f,
  0x6f, 0xff, 0x00, 0x0f, 0x6f, 0xff, 0x00, 0x0f, 0x6f, 0xff, 0x00, 0x10, 0x70, 0xff, 0x00, 0x10,
  0x70, 0xff, 0x00, 0x0f, 0x6f, 0xff, 0x23, 0x49, 0xa0, 0xff, 0x61, 0xa9, 0xf3, 0xff, 0x69, 0xb7,
  0xff, 0xff, 0x6a, 0xb7, 0xfe, 0xff, 0x5c, 0xa9, 0xf6, 0xff, 0x1c, 0x6a, 0xd3, 0xff, 0x03, 0x51,
  0xc4, 0xff, 0x04, 0x52, 0xc5, 0xff, 0x03, 0x40, 0xae, 0xff, 0x01, 0x17, 0x79, 0xff, 0x00, 0x0e,
  0x6e, 0xff, 0x00, 0x0f, 0x6f, 0xff, 0x29, 0x51, 0xa7, 0xff, 0x64, 0xae, 0xf7, 0xff, 0x6a, 0xb8,
  0xff, 0xff, 0x6a, 0xb8, 0xff, 0xff, 0x59, 0xa7, 0xf5, 0xff, 0x17, 0x65, 0xd0, 0xff, 0x02, 0x4f,
  0xc3, 0xff, 0x03, 0x50, 0xc4, 0xff, 0x03, 0x3d, 0xaa, 0xff, 0x01, 0x16, 0x77, 0xff, 0x00, 0x10,
  0x70, 0xff, 0x00, 0x0f, 0x6f, 0xff, 0x0a, 0x1f, 0x7d, 0xff, 0x49, 0x84, 0xd3, 0xff, 0x69, 0xb7,
  0xfe, 0xff, 0x6a, 0xb7, 0xff, 0xff, 0x54, 0x9f, 0xed, 0xff, 0x14, 0x58, 0xbc, 0xff, 0x03, 0x44,
  0xae, 0xff, 0x04, 0x45, 0xae, 0xff, 0x04, 0x45, 0xae, 0xff, 0x04, 0x45, 0xae, 0xff, 0x04, 0x45,
  0xae, 0xff, 0x04, 0x45, 0xae, 0xff, 0x04, 0x46, 0xb1, 0xff, 0x04, 0x4e, 0xbf, 0xff, 0x04, 0x51,
  0xc4, 0xff, 0x04, 0x50, 0xc4, 0xff, 0x0c, 0x59, 0xc5, 0xff, 0x24, 0x6e, 0xc8, 0xff, 0x2a, 0x73,
  0xc8, 0xff, 0x29, 0x72, 0xc8, 0xff, 0x29, 0x72, 0xc8, 0xcf, 0x02, 0x1f, 0x83, 0xcf, 0x01, 0x1f,
  0x83, 0xff, 0x01, 0x1f, 0x83, 0xff, 0x02, 0x22, 0x86, 0xff, 0x03, 0x30, 0x92, 0xff, 0x02, 0x36,
  0x95, 0xff, 0x02, 0x36, 0x95, 0xff, 0x05, 0x39, 0x9a, 0xff, 0x0d, 0x40, 0xa3, 0xff, 0x0e, 0x42,
  0xa4, 0xff, 0x0e, 0x41, 0xa4, 0xff, 0x0c, 0x35, 0x96, 0xff, 0x0a, 0x28, 0x86, 0xff, 0x09, 0x27,
  0x85, 0xff, 0x09, 0x28, 0x85, 0xff, 0x07, 0x22, 0x80, 0xff, 0x01, 0x14, 0x73, 0xff, 0x00, 0x10,
  0x70, 0xff, 0x00, 0x0f, 0x6f, 0xff, 0x23, 0x48, 0xa0, 0xff, 0x61, 0xa9, 0xf3, 0xff, 0x69, 0xb7,
  0xff, 0xff, 0x6a, 0xb7, 0xfe, 0xff, 0x5c, 0xa9, 0xf5, 0xff, 0x1c, 0x67, 0xce, 0xff, 0x03, 0x4d,
  0xbf, 0xff, 0x04, 0x4e, 0xbf, 0xff, 0x09, 0x49, 0xb3, 0xff, 0x16, 0x3b, 0x97, 0xff, 0x18, 0x38,
  0x91, 0xff, 0x19, 0x39, 0x92, 0xff, 0x2e, 0x5a, 0xae, 0xff, 0x4c, 0x88, 0xd6, 0xff, 0x4f, 0x8d,
  0xdb, 0xff, 0x4f, 0x8d, 0xda, 0xff, 0x46, 0x87, 0xd9, 0xff, 0x26, 0x71, 0xd4, 0xff, 0x1c, 0x69,
  0xd2, 0xff, 0x1c, 0x6a, 0xd3, 0xff, 0x13, 0x4f, 0xb4, 0xff, 0x03, 0x19, 0x79, 0xff, 0x00, 0x10,
  0x6f, 0xff, 0x00, 0x0f, 0x6f, 0xff, 0x0a, 0x1f, 0x7d, 0xff, 0x49, 0x84, 0xd3, 0xff, 0x69, 0xb7,
  0xfe, 0xff, 0x6a, 0xb7, 0xff, 0xff, 0x54, 0x9f, 0xed, 0xff, 0x14, 0x58, 0xbc, 0xff, 0x03, 0x44,
  0xad, 0xff, 0x04, 0x45, 0xae, 0xff, 0x04, 0x45, 0xae, 0xff, 0x04, 0x45, 0xae, 0xff, 0x04, 0x45,
  0xae, 0xff, 0x04, 0x45, 0xae, 0xff, 0x04, 0x46, 0xb1, 0xff, 0x04, 0x4e, 0xbf, 0xff, 0x04, 0x51,
  0xc4, 0xff, 0x04, 0x50, 0xc4, 0xff, 0x0c, 0x58, 0xc5, 0xff, 0x24, 0x6e, 0xc8, 0xff, 0x2a, 0x72,
  0xc8, 0xff, 0x29, 0x72, 0xc8, 0xff, 0x29, 0x72, 0xc8, 0xcf, 0x04, 0x49, 0xb9, 0xcf, 0x04, 0x49,
  0xb9, 0xff, 0x04, 0x49, 0xb9, 0xff, 0x04, 0x48, 0xb6, 0xff, 0x03, 0x43, 0xad, 0xff, 0x03, 0x42,
  0xa9, 0xff, 0x03, 0x42, 0xa9, 0xff, 0x0f, 0x4f, 0xb9, 0xff, 0x29, 0x6a, 0xda, 0xff, 0x2d, 0x6f,
  0xe0, 0xff, 0x2d, 0x6f, 0xdf, 0xff, 0x28, 0x6a, 0xcf, 0xff, 0x23, 0x65, 0xbe, 0xff, 0x22, 0x65,
  0xbc, 0xff, 0x23, 0x65, 0xbd, 0xff, 0x1b, 0x53, 0xac, 0xff, 0x05, 0x1d, 0x7c, 0xff, 0x00, 0x0f,
  0x6f, 0xff, 0x00, 0x0f, 0x6f, 0xff, 0x23, 0x48, 0xa0, 0xff, 0x61, 0xa9, 0xf3, 0xff, 0x69, 0xb7,
  0xff, 0xff, 0x6a, 0xb7, 0xff, 0xff, 0x5b, 0xa8, 0xf4, 0xff, 0x1c, 0x62, 0xc4, 0xff, 0x03, 0x46,
  0xb1, 0xff, 0x03, 0x46, 0xb1, 0xff, 0x18, 0x5d, 0xc0, 0xff, 0x4e, 0x94, 0xe3, 0xff, 0x5b, 0xa0,
  0xeb, 0xff, 0x5a, 0x9f, 0xea, 0xff, 0x3b, 0x6f, 0xc0, 0xff, 0x11, 0x2b, 0x87, 0xff, 0x0d, 0x24,
  0x81, 0xff, 0x0c, 0x24, 0x80, 0xff, 0x19, 0x3a, 0x94, 0xff, 0x4b, 0x8e, 0xde, 0xff, 0x5c, 0xa9,
  0xf6, 0xff, 0x5c, 0xa9, 0xf6, 0xff, 0x3f, 0x7b, 0xcd, 0xff, 0x08, 0x1f, 0x7d, 0xff, 0x00, 0x0f,
  0x6f, 0xff, 0x00, 0x0f, 0x6f, 0xff, 0x0a, 0x1f, 0x7d, 0xff, 0x49, 0x84, 0xd3, 0xff, 0x69, 0xb7,
  0xfe, 0xff, 0x6a, 0xb7, 0xff, 0xff, 0x54, 0x9f, 0xed, 0xff, 0x14, 0x57, 0xbc, 0xff, 0x03, 0x44,
  0xad, 0xff, 0x04, 0x45, 0xae, 0xff, 0x04, 0x45, 0xae, 0xff, 0x04, 0x45, 0xae, 0xff, 0x04, 0x45,
  0xae, 0xff, 0x04, 0x45, 0xae, 0xff, 0x04, 0x46, 0xb1, 0xff, 0x04, 0x4e, 0xbf, 0xff, 0x04, 0x51,
  0xc5, 0xff, 0x04, 0x50, 0xc4, 0xff, 0x0c, 0x58, 0xc5, 0xff, 0x24, 0x6e, 0xc8, 0xff, 0x2a, 0x72,
  0xc8, 0xff, 0x29, 0x72, 0xc8, 0xff, 0x29, 0x72, 0xc8, 0xcf, 0x04, 0x52, 0xc7, 0xcf, 0x04, 0x52,
  0xc6, 0xff, 0x04, 0x52, 0xc6, 0xff, 0x04, 0x50, 0xc2, 0xff, 0x04, 0x47, 0xb3, 0xff, 0x04, 0x45,
  0xae, 0xff, 0x04, 0x45, 0xae, 0xff, 0x11, 0x54, 0xc1, 0xff, 0x30, 0x74, 0xe6, 0xff, 0x35, 0x79,
  0xed, 0xff, 0x35, 0x79, 0xec, 0xff, 0x2f, 0x76, 0xdd, 0xff, 0x29, 0x73, 0xca, 0xff, 0x29, 0x72,
  0xc9, 0xff, 0x29, 0x73, 0xca, 0xff, 0x20, 0x5e, 0xb6, 0xff, 0x06, 0x20, 0x7e, 0xff, 0x00, 0x0f,
  0x6f, 0xff, 0x00, 0x0f, 0x6f, 0xff, 0x23, 0x48, 0xa0, 0xff, 0x61, 0xa9, 0xf3, 0xff, 0x69, 0xb7,
  0xff, 0xff, 0x6a, 0xb7, 0xff, 0xff, 0x5b, 0xa7, 0xf3, 0xff, 0x1c, 0x61, 0xc2, 0xff, 0x03, 0x44,
  0xae, 0xff, 0x03, 0x44, 0xae, 0xff, 0x1c, 0x61, 0xc2, 0xff, 0x5c, 0xa8, 0xf4, 0xff, 0x6a, 0xb8,
  0xff, 0xff, 0x69, 0xb7, 0xff, 0xff, 0x3f, 0x73, 0xc4, 0xff, 0x05, 0x17, 0x76, 0xff, 0x00, 0x0e,
  0x6f, 0xff, 0x00, 0x0e, 0x6e, 0xff, 0x10, 0x29, 0x85, 0xff, 0x53, 0x94, 0xe1, 0xff, 0x6a, 0xb8,
  0xff, 0xff, 0x6a, 0xb8, 0xff, 0xff, 0x49, 0x85, 0xd3, 0xff, 0x0a, 0x20, 0x7e, 0xff, 0x00, 0x0f,
  0x6f, 0xff, 0x00, 0x0f, 0x6f, 0xff, 0x0a, 0x1f, 0x7d, 0xff, 0x49, 0x84, 0xd3, 0xff, 0x69, 0xb7,
  0xfe, 0xff, 0x6a, 0xb7, 0xff, 0xff, 0x54, 0x9f, 0xed, 0xff, 0x14, 0x58, 0xbb, 0xff, 0x03, 0x44,
  0xad, 0xff, 0x04, 0x45, 0xae, 0xff, 0x04, 0x45, 0xae, 0xff, 0x04, 0x45, 0xae, 0xff, 0x04, 0x45,
  0xae, 0xff, 0x04, 0x45, 0xae, 0xff, 0x04, 0x46, 0xb1, 0xff, 0x04, 0x4e, 0xbf, 0xff, 0x04, 0x51,
  0xc5, 0xff, 0x04, 0x50, 0xc4, 0xff, 0x0c, 0x58, 0xc5, 0xff, 0x24, 0x6e, 0xc8, 0xff, 0x29, 0x73,
  0xc8, 0xff, 0x29, 0x72, 0xc8, 0xff, 0x29, 0x73, 0xc9, 0xcf, 0x04, 0x52, 0xc6, 0xcf, 0x04, 0x52,
  0xc6, 0xff, 0x04, 0x52, 0xc6, 0xff, 0x04, 0x4f, 0xc1, 0xff, 0x04, 0x47, 0xb3, 0xff, 0x04, 0x45,
  0xae, 0xff, 0x04, 0x45, 0xae, 0xff, 0x11, 0x54, 0xc0, 0xff, 0x2f, 0x73, 0xe6, 0xff, 0x35, 0x79,
  0xec, 0xff, 0x34, 0x78, 0xeb, 0xff, 0x2f, 0x76, 0xdc, 0xff, 0x29, 0x72, 0xca, 0xff, 0x28, 0x72,
  0xc8, 0xff, 0x28, 0x72, 0xc9, 0xff, 0x1f, 0x5d, 0xb6, 0xff, 0x06, 0x20, 0x7e, 0xff, 0x00, 0x0f,
  0x6f, 0xff, 0x00, 0x0f, 0x6f, 0xff, 0x23, 0x48, 0x9f, 0xff, 0x61, 0xa9, 0xf3, 0xff, 0x6a, 0xb7,
  0xff, 0xff, 0x6a, 0xb7, 0xff, 0xff, 0x5c, 0xa7, 0xf3, 0xff, 0x1c, 0x61, 0xc2, 0xff, 0x03, 0x44,
  0xae, 0xff, 0x03, 0x43, 0xae, 0xff, 0x1c, 0x61, 0xc2, 0xff, 0x5b, 0xa7, 0xf3, 0xff, 0x6a, 0xb7,
  0xff, 0xff, 0x69, 0xb6, 0xfe, 0xff, 0x3e, 0x73, 0xc4, 0xff, 0x05, 0x18, 0x77, 0xff, 0x00, 0x0f,
  0x70, 0xff, 0x00, 0x0f, 0x6f, 0xff, 0x10, 0x2a, 0x86, 0xff, 0x53, 0x94, 0xe0, 0xff, 0x6a, 0xb7,
  0xff, 0xff, 0x6a, 0xb7, 0xff, 0xff, 0x49, 0x84, 0xd3, 0xff, 0x0a, 0x20, 0x7e, 0xff, 0x00, 0x0f,
  0x6f, 0xff, 0x00, 0x0f, 0x6f, 0xff, 0x0a, 0x1f, 0x7d, 0xff, 0x49, 0x84, 0xd3, 0xff, 0x69, 0xb7,
  0xfe, 0xff, 0x6a, 0xb7, 0xff, 0xff, 0x54, 0x9f, 0xed, 0xff, 0x14, 0x58, 0xbb, 0xff, 0x03, 0x44,
  0xad, 0xff, 0x04, 0x45, 0xae, 0xff, 0x04, 0x45, 0xae, 0xff, 0x04, 0x45, 0xae, 0xff, 0x04, 0x45,
  0xae, 0xff, 0x04, 0x45, 0xae, 0xff, 0x04, 0x47, 0xb1, 0xff, 0x04, 0x4e, 0xbf, 0xff, 0x04, 0x51,
  0xc5, 0xff, 0x04, 0x50, 0xc4, 0xff, 0x0c, 0x59, 0xc6, 0xff, 0x23, 0x6e, 0xc8, 0xff, 0x29, 0x73,
  0xc9, 0xff, 0x29, 0x72, 0xc8, 0xff, 0x29, 0x72, 0xc9, 0xcf, 0x04, 0x4d, 0xbd, 0xcf, 0x04, 0x4d,
  0xbc, 0xff, 0x04, 0x4d, 0xbd, 0xff, 0x04, 0x4b, 0xba, 0xff, 0x04, 0x46, 0xb1, 0xff, 0x04, 0x45,
  0xae, 0xff, 0x04, 0x45, 0xae, 0xff, 0x0b, 0x4e, 0xb9, 0xff, 0x1d, 0x61, 0xd0, 0xff, 0x20, 0x65,
  0xd4, 0xff, 0x20, 0x64, 0xd3, 0xff, 0x1d, 0x62, 0xca, 0xff, 0x1a, 0x60, 0xbf, 0xff, 0x1a, 0x60,
  0xbf, 0xff, 0x1a, 0x61, 0xbf, 0xff, 0x14, 0x4f, 0xae, 0xff, 0x04, 0x1c, 0x7c, 0xff, 0x00, 0x0f,
  0x6f, 0xff, 0x00, 0x0f, 0x6f, 0xff, 0x23, 0x48, 0xa0, 0xff, 0x60, 0xa9, 0xf3, 0xff, 0x69, 0xb7,
  0xff, 0xff, 0x6a, 0xb7, 0xff, 0xff, 0x5b, 0xa5, 0xf0, 0xff, 0x1b, 0x50, 0xaf, 0xff, 0x02, 0x2e,
  0x94, 0xff, 0x02, 0x2d, 0x94, 0xff, 0x1b, 0x50, 0xaf, 0xff, 0x5b, 0xa4, 0xf0, 0xff, 0x6a, 0xb7,
  0xff, 0xff, 0x69, 0xb6, 0xfe, 0xff, 0x3f, 0x73, 0xc4, 0xff, 0x05, 0x18, 0x77, 0xff, 0x00, 0x0f,
  0x6f, 0xff, 0x00, 0x0f, 0x6f, 0xff, 0x10, 0x2a, 0x86, 0xff, 0x53, 0x94, 0xe0, 0xff, 0x6a, 0xb7,
  0xff, 0xff, 0x6a, 0xb7, 0xff, 0xff, 0x49, 0x84, 0xd3, 0xff, 0x0a, 0x20, 0x7e, 0xff, 0x00, 0x0f,
  0x6f, 0xff, 0x00, 0x0f, 0x6f, 0xff, 0x0a, 0x1f, 0x7d, 0xff, 0x49, 0x84, 0xd3, 0xff, 0x69, 0xb7,
  0xfe, 0xff, 0x6a, 0xb7, 0xff, 0xff, 0x55, 0xa2, 0xf0, 0xff, 0x1a, 0x67, 0xc5, 0xff, 0x0c, 0x57,
  0xb9, 0xff, 0x0d, 0x58, 0xb9, 0xff, 0x0d, 0x5b, 0xbf, 0xff, 0x10, 0x5e, 0xca, 0xff, 0x11, 0x5e,
  0xcc, 0xff, 0x11, 0x5e, 0xcc, 0xff, 0x0f, 0x5c, 0xcb, 0xff, 0x07, 0x54, 0xc6, 0xff, 0x04, 0x51,
  0xc4, 0xff, 0x04, 0x51, 0xc4, 0xff, 0x09, 0x55, 0xc5, 0xff, 0x16, 0x62, 0xc7, 0xff, 0x1a, 0x65,
  0xc7, 0xff, 0x1a, 0x65, 0xc7, 0xff, 0x1a, 0x65, 0xc7, 0xcf, 0x04, 0x46, 0xaf, 0xcf, 0x04, 0x46,
  0xaf, 0xff, 0x04, 0x46, 0xaf, 0xff, 0x04, 0x45, 0xaf, 0xff, 0x04, 0x45, 0xae, 0xff, 0x04, 0x45,
  0xae, 0xff, 0x04, 0x45, 0xae, 0xff, 0x04, 0x46, 0xaf, 0xff, 0x06, 0x48, 0xb1, 0xff, 0x06, 0x47,
  0xb2, 0xff, 0x06, 0x47, 0xb2, 0xff, 0x05, 0x47, 0xb1, 0xff, 0x05, 0x47, 0xb0, 0xff, 0x05, 0x47,
  0xb0, 0xff, 0x05, 0x47, 0xb1, 0xff, 0x04, 0x3c, 0xa2, 0xff, 0x01, 0x18, 0x79, 0xff, 0x00, 0x10,
  0x70, 0xff, 0x00, 0x0f, 0x6f, 0xff, 0x23, 0x48, 0xa0, 0xff, 0x61, 0xa9, 0xf3, 0xff, 0x69, 0xb7,
  0xff, 0xff, 0x6a, 0xb7, 0xff, 0xff, 0x5b, 0xa1, 0xeb, 0xff, 0x19, 0x3b, 0x94, 0xff, 0x00, 0x11,
  0x71, 0xff, 0x00, 0x11, 0x71, 0xff, 0x19, 0x3a, 0x94, 0xff, 0x5b, 0xa1, 0xeb, 0xff, 0x6a, 0xb7,
  0xff, 0xff, 0x68, 0xb6, 0xfe, 0xff, 0x3e, 0x73, 0xc4, 0xff, 0x05, 0x18, 0x77, 0xff, 0x00, 0x0f,
  0x6f, 0xff, 0x00, 0x0f, 0x6f, 0xff, 0x10, 0x2a, 0x86, 0xff, 0x53, 0x94, 0xe0, 0xff, 0x6a, 0xb7,
  0xff, 0xff, 0x6a, 0xb7, 0xff, 0xff, 0x49, 0x84, 0xd3, 0xff, 0x0a, 0x20, 0x7e, 0xff, 0x00, 0x0f,
  0x6f, 0xff, 0x00, 0x0f, 0x6f, 0xff, 0x0a, 0x1f, 0x7d, 0xff, 0x49, 0x84, 0xd3, 0xff, 0x69, 0xb7,
  0xfe, 0xff, 0x6a, 0xb7, 0xfe, 0xff, 0x57, 0xa5, 0xf4, 0xff, 0x26, 0x77, 0xd3, 0xff, 0x1b, 0x6c,
  0xca, 0xff, 0x1b, 0x6c, 0xca, 0xff, 0x1d, 0x74, 0xd8, 0xff, 0x22, 0x80, 0xf1, 0xff, 0x24, 0x81,
  0xf4, 0xff, 0x25, 0x81, 0xf5, 0xff, 0x20, 0x7b, 0xee, 0xff, 0x0c, 0x5d, 0xd1, 0xff, 0x04, 0x51,
  0xc4, 0xff, 0x04, 0x51, 0xc4, 0xff, 0x04, 0x51, 0xc4, 0xff, 0x05, 0x52, 0xc5, 0xff, 0x06, 0x52,
  0xc5, 0xff, 0x05, 0x52, 0xc5, 0xff, 0x06, 0x52, 0xc5, 0xcf, 0x04, 0x45, 0xae, 0xcf, 0x04, 0x45,
  0xae, 0xff, 0x04, 0x45, 0xae, 0xff, 0x04, 0x45, 0xae, 0xff, 0x04, 0x45, 0xae, 0xff, 0x04, 0x45,
  0xae, 0xff, 0x04, 0x45, 0xae, 0xff, 0x04, 0x45, 0xae, 0xff, 0x04, 0x45, 0xae, 0xff, 0x03, 0x44,
  0xae, 0xff, 0x03, 0x44, 0xae, 0xff, 0x03, 0x44, 0xae, 0xff, 0x03, 0x44, 0xae, 0xff, 0x03, 0x44,
  0xae, 0xff, 0x04, 0x45, 0xaf, 0xff, 0x03, 0x3a, 0xa1, 0xff, 0x01, 0x18, 0x79, 0xff, 0x00, 0x10,
  0x70, 0xff, 0x00, 0x0f, 0x6f, 0xff, 0x23, 0x48, 0xa0, 0xff, 0x61, 0xa9, 0xf3, 0xff, 0x69, 0xb7,
  0xff, 0xff, 0x6a, 0xb7, 0xff, 0xff, 0x5b, 0xa0, 0xeb, 0xff, 0x19, 0x38, 0x92, 0xff, 0x00, 0x0f,
  0x6f, 0xff, 0x00, 0x0e, 0x6f, 0xff, 0x19, 0x38, 0x92, 0xff, 0x5b, 0xa0, 0xeb, 0xff, 0x69, 0xb7,
  0xff, 0xff, 0x68, 0xb6, 0xfd, 0xff, 0x3e, 0x73, 0xc4, 0xff, 0x05, 0x18, 0x77, 0xff, 0x00, 0x0f,
  0x6f, 0xff, 0x00, 0x0f, 0x6f, 0xff, 0x10, 0x2a, 0x86, 0xff, 0x52, 0x94, 0xe0, 0xff, 0x6a, 0xb7,
  0xff, 0xff, 0x6a, 0xb8, 0xff, 0xff, 0x49, 0x84, 0xd3, 0xff, 0x0a, 0x20, 0x7e, 0xff, 0x00, 0x0f,
  0x6f, 0xff, 0x00, 0x0f, 0x6f, 0xff, 0x0a, 0x1f, 0x7d, 0xff, 0x49, 0x84, 0xd3, 0xff, 0x69, 0xb7,
  0xfe, 0xff, 0x6a, 0xb7, 0xfe, 0xff, 0x58, 0xa6, 0xf4, 0xff, 0x29, 0x78, 0xd5, 0xff, 0x1e, 0x6e,
  0xcc, 0xff, 0x1e, 0x6e, 0xcc, 0xff, 0x20, 0x76, 0xdc, 0xff, 0x25, 0x83, 0xf5, 0xff, 0x26, 0x85,
  0xf9, 0xff, 0x27, 0x85, 0xf9, 0xff, 0x22, 0x7e, 0xf2, 0xff, 0x0c, 0x5e, 0xd2, 0xff, 0x04, 0x51,
  0xc4, 0xff, 0x04, 0x51, 0xc4, 0xff, 0x04, 0x50, 0xc4, 0xff, 0x04, 0x50, 0xc4, 0xff, 0x04, 0x50,
  0xc4, 0xff, 0x04, 0x50, 0xc4, 0xff, 0x04, 0x51, 0xc4, 0xcf, 0x04, 0x45, 0xae, 0xcf, 0x04, 0x45,
  0xae, 0xff, 0x04, 0x45, 0xae, 0xff, 0x04, 0x45, 0xae, 0xff, 0x04, 0x45, 0xae, 0xff, 0x04, 0x45,
  0xae, 0xff, 0x04, 0x45, 0xae, 0xff, 0x04, 0x45, 0xae, 0xff, 0x04, 0x45, 0xaf, 0xff, 0x03, 0x44,
  0xae, 0xff, 0x03, 0x44, 0xae, 0xff, 0x03, 0x44, 0xae, 0xff, 0x03, 0x44, 0xae, 0xff, 0x03, 0x44,
  0xae, 0xff, 0x04, 0x45, 0xae, 0xff, 0x03, 0x39, 0xa1, 0xff, 0x01, 0x18, 0x79, 0xff, 0x00, 0x10,
  0x70, 0xff, 0x00, 0x0f, 0x6f, 0xff, 0x23, 0x48, 0xa0, 0xff, 0x61, 0xa9, 0xf3, 0xff, 0x69, 0xb7,
  0xff, 0xff, 0x6a, 0xb7, 0xff, 0xff, 0x5b, 0xa0, 0xeb, 0xff, 0x19, 0x38, 0x91, 0xff, 0x00, 0x0e,
  0x6e, 0xff, 0x00, 0x0d, 0x6e, 0xff, 0x19, 0x37, 0x91, 0xff, 0x5b, 0xa0, 0xeb, 0xff, 0x6a, 0xb8,
  0xff, 0xff, 0x68, 0xb6, 0xfd, 0xff, 0x3f, 0x73, 0xc4, 0xff, 0x05, 0x18, 0x76, 0xff, 0x00, 0x0e,
  0x6e, 0xff, 0x00, 0x0e, 0x6e, 0xff, 0x10, 0x2a, 0x85, 0xff, 0x53, 0x95, 0xe1, 0xff, 0x6b, 0xb9,
  0xff, 0xff, 0x6b, 0xb9, 0xff, 0xff, 0x49, 0x85, 0xd4, 0xff, 0x09, 0x1f, 0x7d, 0xff, 0x00, 0x0e,
  0x6e, 0xff, 0x00, 0x0e, 0x6e, 0xff, 0x09, 0x1e, 0x7c, 0xff, 0x49, 0x84, 0xd3, 0xff, 0x69, 0xb7,
  0xfe, 0xff, 0x6a, 0xb7, 0xfe, 0xff, 0x58, 0xa6, 0xf4, 0xff, 0x25, 0x78, 0xd6, 0xff, 0x1b, 0x6d,
  0xcd, 0xff, 0x1d, 0x6e, 0xcd, 0xff, 0x1f, 0x76, 0xdc, 0xff, 0x25, 0x83, 0xf6, 0xff, 0x27, 0x85,
  0xf9, 0xff, 0x27, 0x85, 0xf9, 0xff, 0x22, 0x7e, 0xf2, 0xff, 0x0c, 0x5e, 0xd2, 0xff, 0x04, 0x51,
  0xc5, 0xff, 0x04, 0x51, 0xc5, 0xff, 0x04, 0x50, 0xc4, 0xff, 0x04, 0x50, 0xc4, 0xff, 0x04, 0x51,
  0xc4, 0xff, 0x04, 0x51, 0xc5, 0xff, 0x04, 0x51, 0xc5, 0xcf, 0x04, 0x47, 0xb2, 0xcf, 0x04, 0x47,
  0xb2, 0xff, 0x04, 0x47, 0xb2, 0xff, 0x04, 0x47, 0xb1, 0xff, 0x04, 0x45, 0xaf, 0xff, 0x04, 0x45,
  0xae, 0xff, 0x04, 0x45, 0xae, 0xff, 0x04, 0x44, 0xaf, 0xff, 0x04, 0x44, 0xaf, 0xff, 0x03, 0x44,
  0xae, 0xff, 0x04, 0x44, 0xaf, 0xff, 0x06, 0x48, 0xb0, 0xff, 0x09, 0x4c, 0xb2, 0xff, 0x09, 0x4c,
  0xb2, 0xff, 0x09, 0x4d, 0xb3, 0xff, 0x07, 0x40, 0xa4, 0xff, 0x02, 0x19, 0x7a, 0xff, 0x00, 0x10,
  0x70, 0xff, 0x00, 0x0f, 0x6f, 0xff, 0x23, 0x48, 0xa0, 0xff, 0x61, 0xa9, 0xf3, 0xff, 0x69, 0xb7,
  0xff, 0xff, 0x6a, 0xb7, 0xff, 0xff, 0x5d, 0xa4, 0xee, 0xff, 0x26, 0x4d, 0xa3, 0xff, 0x0f, 0x2a,
  0x86, 0xff, 0x0f, 0x2a, 0x85, 0xff, 0x21, 0x4a, 0xa3, 0xff, 0x4f, 0x99, 0xec, 0xff, 0x59, 0xab,
  0xfd, 0xff, 0x58, 0xa9, 0xfc, 0xff, 0x37, 0x74, 0xcc, 0xff, 0x0a, 0x2a, 0x8c, 0xff, 0x05, 0x22,
  0x85, 0xff, 0x05, 0x22, 0x85, 0xff, 0x12, 0x36, 0x95, 0xff, 0x46, 0x82, 0xd2, 0xff, 0x58, 0x9c,
  0xe7, 0xff, 0x58, 0x9c, 0xe7, 0xff, 0x42, 0x79, 0xc9, 0xff, 0x17, 0x36, 0x90, 0xff, 0x10, 0x2a,
  0x86, 0xff, 0x10, 0x2a, 0x86, 0xff, 0x18, 0x38, 0x92, 0xff, 0x4e, 0x8d, 0xda, 0xff, 0x69, 0xb7,
  0xfe, 0xff, 0x6a, 0xb7, 0xfe, 0xff, 0x57, 0xa4, 0xf1, 0xff, 0x1e, 0x6f, 0xcc, 0xff, 0x10, 0x60,
  0xc2, 0xff, 0x11, 0x61, 0xc3, 0xff, 0x16, 0x6b, 0xd1, 0xff, 0x1f, 0x78, 0xe9, 0xff, 0x20, 0x7a,
  0xed, 0xff, 0x21, 0x7a, 0xed, 0xff, 0x1c, 0x74, 0xe7, 0xff, 0x0a, 0x5a, 0xcc, 0xff, 0x04, 0x4f,
  0xc1, 0xff, 0x04, 0x4f, 0xc1, 0xff, 0x04, 0x4f, 0xc2, 0xff, 0x04, 0x51, 0xc4, 0xff, 0x04, 0x51,
  0xc5, 0xff, 0x04, 0x51, 0xc5, 0xff, 0x04, 0x51, 0xc5, 0xcf, 0x04, 0x4f, 0xc0, 0xcf, 0x04, 0x4f,
  0xc0, 0xff, 0x04, 0x4f, 0xc0, 0xff, 0x04, 0x4d, 0xbd, 0xff, 0x04, 0x47, 0xb2, 0xff, 0x04, 0x45,
  0xae, 0xff, 0x04, 0x45, 0xae, 0xff, 0x03, 0x44, 0xae, 0xff, 0x03, 0x44, 0xae, 0xff, 0x04, 0x45,
  0xae, 0xff, 0x04, 0x45, 0xaf, 0xff, 0x10, 0x55, 0xb8, 0xff, 0x1f, 0x67, 0xc2, 0xff, 0x21, 0x68,
  0xc3, 0xff, 0x21, 0x69, 0xc3, 0xff, 0x1a, 0x56, 0xb1, 0xff, 0x05, 0x1e, 0x7d, 0xff, 0x00, 0x0f,
  0x6f, 0xff, 0x00, 0x0f, 0x6f, 0xff, 0x23, 0x48, 0xa0, 0xff, 0x61, 0xa9, 0xf3, 0xff, 0x69, 0xb7,
  0xff, 0xff, 0x69, 0xb6, 0xfe, 0xff, 0x66, 0xb1, 0xfa, 0xff, 0x58, 0x9c, 0xe7, 0xff, 0x52, 0x93,
  0xe0, 0xff, 0x53, 0x93, 0xe0, 0xff, 0x45, 0x8e, 0xe4, 0xff, 0x22, 0x7e, 0xf2, 0xff, 0x1b, 0x7b,
  0xf5, 0xff, 0x1b, 0x7b, 0xf5, 0xff, 0x1c, 0x75, 0xea, 0xff, 0x1e, 0x6d, 0xdd, 0xff, 0x1e, 0x6c,
  0xdb, 0xff, 0x1e, 0x6d, 0xdc, 0xff, 0x1c, 0x63, 0xce, 0xff, 0x16, 0x3d, 0x9c, 0xff, 0x14, 0x30,
  0x8b, 0xff, 0x14, 0x30, 0x89, 0xff, 0x27, 0x4e, 0xa3, 0xff, 0x4c, 0x89, 0xd7, 0xff, 0x52, 0x94,
  0xe0, 0xff, 0x52, 0x93, 0xe0, 0xff, 0x55, 0x97, 0xe3, 0xff, 0x62, 0xac, 0xf5, 0xff, 0x69, 0xb6,
  0xfe, 0xff, 0x6a, 0xb7, 0xff, 0xff, 0x54, 0x9d, 0xe9, 0xff, 0x15, 0x50, 0xab, 0xff, 0x05, 0x3b,
  0x99, 0xff, 0x05, 0x3c, 0x9a, 0xff, 0x07, 0x44, 0xa6, 0xff, 0x0a, 0x50, 0xbb, 0xff, 0x0a, 0x52,
  0xbe, 0xff, 0x0a, 0x52, 0xbe, 0xff, 0x09, 0x51, 0xbc, 0xff, 0x05, 0x4a, 0xb5, 0xff, 0x04, 0x47,
  0xb2, 0xff, 0x04, 0x47, 0xb2, 0xff, 0x04, 0x4a, 0xb7, 0xff, 0x04, 0x50, 0xc2, 0xff, 0x04, 0x51,
  0xc5, 0xff, 0x04, 0x51, 0xc4, 0xff, 0x04, 0x51, 0xc4, 0xcf, 0x04, 0x51, 0xc5, 0xcf, 0x04, 0x51,
  0xc5, 0xff, 0x04, 0x51, 0xc5, 0xff, 0x04, 0x4f, 0xc1, 0xff, 0x04, 0x47, 0xb3, 0xff, 0x04, 0x45,
  0xae, 0xff, 0x04, 0x44, 0xae, 0xff, 0x04, 0x44, 0xae, 0xff, 0x04, 0x45, 0xae, 0xff, 0x04, 0x45,
  0xae, 0xff, 0x04, 0x45, 0xae, 0xff, 0x14, 0x59, 0xbb, 0xff, 0x27, 0x71, 0xc8, 0xff, 0x2a, 0x73,
  0xc8, 0xff, 0x2a, 0x73, 0xc9, 0xff, 0x20, 0x5e, 0xb6, 0xff, 0x06, 0x20, 0x7e, 0xff, 0x00, 0x0f,
  0x6f, 0xff, 0x00, 0x0f, 0x6f, 0xff, 0x23, 0x48, 0xa0, 0xff, 0x61, 0xa9, 0xf3, 0xff, 0x69, 0xb7,
  0xff, 0xff, 0x69, 0xb6, 0xfe, 0xff, 0x69, 0xb6, 0xfe, 0xff, 0x69, 0xb7, 0xff, 0xff, 0x69, 0xb7,
  0xff, 0xff, 0x6a, 0xb8, 0xff, 0xff, 0x51, 0xa4, 0xfc, 0xff, 0x14, 0x75, 0xf4, 0xff, 0x06, 0x6b,
  0xf2, 0xff, 0x07, 0x6c, 0xf2, 0xff, 0x13, 0x75, 0xf5, 0xff, 0x25, 0x84, 0xf8, 0xff, 0x26, 0x85,
  0xf9, 0xff, 0x27, 0x86, 0xfa, 0xff, 0x1f, 0x72, 0xe2, 0xff, 0x07, 0x27, 0x8a, 0xff, 0x00, 0x0e,
  0x6e, 0xff, 0x00, 0x0d, 0x6e, 0xff, 0x1e, 0x3f, 0x97, 0xff, 0x5e, 0xa6, 0xf0, 0xff, 0x69, 0xb8,
  0xff, 0xff, 0x69, 0xb7, 0xff, 0xff, 0x69, 0xb7, 0xff, 0xff, 0x69, 0xb6, 0xfe, 0xff, 0x69, 0xb6,
  0xfe, 0xff, 0x6a, 0xb7, 0xff, 0xff, 0x53, 0x9a, 0xe6, 0xff, 0x12, 0x46, 0x9f, 0xff, 0x01, 0x2f,
  0x8b, 0xff, 0x02, 0x30, 0x8c, 0xff, 0x02, 0x37, 0x97, 0xff, 0x03, 0x43, 0xab, 0xff, 0x04, 0x45,
  0xae, 0xff, 0x04, 0x45, 0xad, 0xff, 0x04, 0x45, 0xae, 0xff, 0x04, 0x45, 0xae, 0xff, 0x04, 0x45,
  0xae, 0xff, 0x04, 0x45, 0xae, 0xff, 0x04, 0x48, 0xb4, 0xff, 0x04, 0x4f, 0xc1, 0xff, 0x04, 0x51,
  0xc5, 0xff, 0x04, 0x51, 0xc5, 0xff, 0x04, 0x51, 0xc4, 0xcf, 0x04, 0x51, 0xc5, 0xcf, 0x04, 0x51,
  0xc4, 0xff, 0x04, 0x51, 0xc4, 0xff, 0x04, 0x4f, 0xc1, 0xff, 0x03, 0x47, 0xb2, 0xff, 0x03, 0x44,
  0xae, 0xff, 0x03, 0x44, 0xae, 0xff, 0x03, 0x44, 0xae, 0xff, 0x03, 0x44, 0xae, 0xff, 0x04, 0x45,
  0xae, 0xff, 0x04, 0x45, 0xae, 0xff, 0x13, 0x59, 0xba, 0xff, 0x28, 0x71, 0xc7, 0xff, 0x29, 0x72,
  0xc8, 0xff, 0x29, 0x73, 0xc9, 0xff, 0x20, 0x5d, 0xb6, 0xff, 0x06, 0x1f, 0x7e, 0xff, 0x00, 0x0f,
  0x6f, 0xff, 0x00, 0x0f, 0x6f, 0xff, 0x23, 0x48, 0xa0, 0xff, 0x61, 0xa9, 0xf3, 0xff, 0x69, 0xb7,
  0xff, 0xff, 0x69, 0xb6, 0xfe, 0xff, 0x69, 0xb6, 0xfe, 0xff, 0x68, 0xb6, 0xfe, 0xff, 0x68, 0xb6,
  0xfe, 0xff, 0x69, 0xb7, 0xfe, 0xff, 0x50, 0xa3, 0xfb, 0xff, 0x14, 0x76, 0xf4, 0xff, 0x07, 0x6c,
  0xf2, 0xff, 0x08, 0x6c, 0xf2, 0xff, 0x14, 0x76, 0xf5, 0xff, 0x24, 0x83, 0xf8, 0xff, 0x26, 0x84,
  0xf8, 0xff, 0x26, 0x85, 0xf9, 0xff, 0x1f, 0x71, 0xe1, 0xff, 0x07, 0x27, 0x8a, 0xff, 0x00, 0x0f,
  0x6e, 0xff, 0x00, 0x0e, 0x6e, 0xff, 0x1e, 0x40, 0x98, 0xff, 0x5e, 0xa6, 0xf0, 0xff, 0x6a, 0xb8,
  0xff, 0xff, 0x6a, 0xb7, 0xff, 0xff, 0x6a, 0xb7, 0xff, 0xff, 0x69, 0xb6, 0xfe, 0xff, 0x69, 0xb6,
  0xfe, 0xff, 0x6a, 0xb7, 0xff, 0xff, 0x53, 0x9a, 0xe6, 0xff, 0x12, 0x46, 0x9f, 0xff, 0x01, 0x2f,
  0x8c, 0xff, 0x02, 0x30, 0x8c, 0xff, 0x02, 0x37, 0x98, 0xff, 0x04, 0x43, 0xac, 0xff, 0x04, 0x45,
  0xaf, 0xff, 0x04, 0x45, 0xae, 0xff, 0x04, 0x45, 0xae, 0xff, 0x04, 0x45, 0xae, 0xff, 0x04, 0x45,
  0xae, 0xff, 0x04, 0x45, 0xae, 0xff, 0x04, 0x48, 0xb4, 0xff, 0x04, 0x4f, 0xc1, 0xff, 0x04, 0x51,
  0xc5, 0xff, 0x04, 0x51, 0xc5, 0xff, 0x04, 0x51, 0xc4, 0xcf, 0x04, 0x51, 0xc5, 0xcf, 0x04, 0x51,
  0xc5, 0xff, 0x04, 0x51, 0xc4, 0xff, 0x06, 0x51, 0xc4, 0xff, 0x0e, 0x53, 0xc1, 0xff, 0x11, 0x53,
  0xc1, 0xff, 0x11, 0x53, 0xc1, 0xff, 0x10, 0x54, 0xc2, 0xff, 0x0e, 0x57, 0xc4, 0xff, 0x0e, 0x57,
  0xc4, 0xff, 0x0e, 0x57, 0xc4, 0xff, 0x1b, 0x64, 0xcb, 0xff, 0x2b, 0x73, 0xd2, 0xff, 0x2c, 0x74,
  0xd3, 0xff, 0x2d, 0x75, 0xd4, 0xff, 0x23, 0x5e, 0xbe, 0xff, 0x07, 0x1f, 0x80, 0xff, 0x00, 0x0f,
  0x6f, 0xff, 0x00, 0x0f, 0x6f, 0xff, 0x23, 0x48, 0xa0, 0xff, 0x61, 0xa9, 0xf3, 0xff, 0x69, 0xb7,
  0xff, 0xff, 0x69, 0xb6, 0xfe, 0xff, 0x66, 0xb4, 0xfd, 0xff, 0x5a, 0xab, 0xfc, 0xff, 0x55, 0xa7,
  0xfc, 0xff, 0x56, 0xa8, 0xfc, 0xff, 0x42, 0x96, 0xf7, 0xff, 0x11, 0x6d, 0xe8, 0xff, 0x07, 0x64,
  0xe5, 0xff, 0x07, 0x64, 0xe5, 0xff, 0x0f, 0x6e, 0xec, 0xff, 0x1b, 0x7c, 0xf6, 0xff, 0x1d, 0x7d,
  0xf7, 0xff, 0x1d, 0x7e, 0xf8, 0xff, 0x18, 0x70, 0xe5, 0xff, 0x09, 0x3c, 0xa0, 0xff, 0x05, 0x2b,
  0x8a, 0xff, 0x06, 0x2c, 0x8a, 0xff, 0x19, 0x47, 0xa0, 0xff, 0x42, 0x7c, 0xcb, 0xff, 0x4a, 0x86,
  0xd3, 0xff, 0x49, 0x85, 0xd3, 0xff, 0x4d, 0x8a, 0xd7, 0xff, 0x60, 0xa8, 0xf1, 0xff, 0x69, 0xb6,
  0xfe, 0xff, 0x6a, 0xb7, 0xff, 0xff, 0x53, 0x9b, 0xe8, 0xff, 0x12, 0x4c, 0xa8, 0xff, 0x02, 0x36,
  0x96, 0xff, 0x02, 0x37, 0x97, 0xff, 0x03, 0x39, 0x9b, 0xff, 0x03, 0x3e, 0xa3, 0xff, 0x03, 0x3f,
  0xa5, 0xff, 0x03, 0x3f, 0xa5, 0xff, 0x03, 0x3f, 0xa5, 0xff, 0x03, 0x3f, 0xa4, 0xff, 0x03, 0x3f,
  0xa4, 0xff, 0x03, 0x3e, 0xa4, 0xff, 0x03, 0x43, 0xac, 0xff, 0x04, 0x4f, 0xc0, 0xff, 0x04, 0x51,
  0xc5, 0xff, 0x04, 0x51, 0xc5, 0xff, 0x04, 0x51, 0xc4, 0xcf, 0x04, 0x51, 0xc5, 0xcf, 0x04, 0x51,
  0xc5, 0xff, 0x04, 0x51, 0xc4, 0xff, 0x0a, 0x57, 0xca, 0xff, 0x26, 0x6c, 0xdf, 0xff, 0x2f, 0x73,
  0xe6, 0xff, 0x2f, 0x73, 0xe5, 0xff, 0x2b, 0x76, 0xe9, 0xff, 0x24, 0x7c, 0xf0, 0xff, 0x23, 0x7e,
  0xf1, 0xff, 0x23, 0x7e, 0xf1, 0xff, 0x2a, 0x7b, 0xed, 0xff, 0x32, 0x78, 0xe9, 0xff, 0x33, 0x77,
  0xe9, 0xff, 0x34, 0x78, 0xea, 0xff, 0x28, 0x63, 0xcf, 0xff, 0x08, 0x22, 0x83, 0xff, 0x00, 0x0f,
  0x6f, 0xff, 0x00, 0x0f, 0x6f, 0xff, 0x23, 0x48, 0xa0, 0xff, 0x61, 0xa9, 0xf3, 0xff, 0x69, 0xb7,
  0xff, 0xff, 0x69, 0xb6, 0xfe, 0xff, 0x61, 0xb0, 0xfd, 0xff, 0x3c, 0x94, 0xfa, 0xff, 0x2d, 0x89,
  0xf9, 0xff, 0x2e, 0x8a, 0xf9, 0xff, 0x23, 0x7c, 0xed, 0xff, 0x09, 0x5b, 0xcf, 0xff, 0x04, 0x53,
  0xc9, 0xff, 0x04, 0x54, 0xc9, 0xff, 0x07, 0x5e, 0xda, 0xff, 0x0a, 0x6d, 0xf1, 0xff, 0x0a, 0x6e,
  0xf3, 0xff, 0x0a, 0x6e, 0xf3, 0xff, 0x0b, 0x6d, 0xeb, 0xff, 0x0f, 0x66, 0xcd, 0xff, 0x16, 0x64,
  0xc3, 0xff, 0x19, 0x65, 0xc2, 0xff, 0x13, 0x51, 0xae, 0xff, 0x0b, 0x28, 0x83, 0xff, 0x0a, 0x1f,
  0x7c, 0xff, 0x09, 0x1f, 0x7c, 0xff, 0x13, 0x2e, 0x89, 0xff, 0x4d, 0x8a, 0xd8, 0xff, 0x69, 0xb7,
  0xfe, 0xff, 0x6a, 0xb7, 0xff, 0xff, 0x54, 0x9e, 0xec, 0xff, 0x14, 0x56, 0xb9, 0xff, 0x03, 0x41,
  0xaa, 0xff, 0x03, 0x42, 0xab, 0xff, 0x03, 0x3d, 0xa1, 0xff, 0x02, 0x34, 0x92, 0xff, 0x02, 0x32,
  0x90, 0xff, 0x02, 0x32, 0x90, 0xff, 0x02, 0x32, 0x90, 0xff, 0x02, 0x32, 0x90, 0xff, 0x02, 0x32,
  0x8f, 0xff, 0x02, 0x32, 0x8f, 0xff, 0x03, 0x3a, 0x9d, 0xff, 0x04, 0x4d, 0xbe, 0xff, 0x04, 0x52,
  0xc5, 0xff, 0x04, 0x51, 0xc5, 0xff, 0x04, 0x51, 0xc5, 0xcf, 0x04, 0x52, 0xc5, 0xcf, 0x04, 0x51,
  0xc5, 0xff, 0x04, 0x51, 0xc4, 0xff, 0x0b, 0x58, 0xcb, 0xff, 0x2a, 0x71, 0xe4, 0xff, 0x35, 0x79,
  0xed, 0xff, 0x35, 0x79, 0xec, 0xff, 0x31, 0x7c, 0xf0, 0xff, 0x28, 0x83, 0xf8, 0xff, 0x27, 0x85,
  0xf8, 0xff, 0x27, 0x85, 0xf8, 0xff, 0x2d, 0x7f, 0xf3, 0xff, 0x34, 0x79, 0xec, 0xff, 0x35, 0x79,
  0xec, 0xff, 0x35, 0x7a, 0xed, 0xff, 0x29, 0x64, 0xd1, 0xff, 0x08, 0x22, 0x83, 0xff, 0x00, 0x0f,
  0x6f, 0xff, 0x00, 0x0f, 0x6f, 0xff, 0x23, 0x48, 0xa0, 0xff, 0x61, 0xa9, 0xf3, 0xff, 0x69, 0xb7,
  0xfe, 0xff, 0x69, 0xb6, 0xfe, 0xff, 0x60, 0xaf, 0xfd, 0xff, 0x36, 0x90, 0xf9, 0xff, 0x26, 0x84,
  0xf8, 0xff, 0x27, 0x84, 0xf9, 0xff, 0x1d, 0x77, 0xec, 0xff, 0x08, 0x58, 0xcb, 0xff, 0x04, 0x51,
  0xc4, 0xff, 0x04, 0x51, 0xc4, 0xff, 0x06, 0x5b, 0xd7, 0xff, 0x08, 0x6b, 0xf0, 0xff, 0x08, 0x6c,
  0xf2, 0xff, 0x08, 0x6c, 0xf2, 0xff, 0x09, 0x6c, 0xec, 0xff, 0x10, 0x6d, 0xd5, 0xff, 0x1a, 0x6d,
  0xcd, 0xff, 0x1f, 0x6f, 0xcd, 0xff, 0x11, 0x52, 0xb1, 0xff, 0x02, 0x19, 0x78, 0xff, 0x00, 0x0e,
  0x6f, 0xff, 0x00, 0x0e, 0x6e, 0xff, 0x09, 0x1e, 0x7c, 0xff, 0x49, 0x84, 0xd3, 0xff, 0x69, 0xb7,
  0xff, 0xff, 0x6a, 0xb7, 0xff, 0xff, 0x54, 0x9f, 0xee, 0xff, 0x14, 0x57, 0xbc, 0xff, 0x03, 0x44,
  0xae, 0xff, 0x04, 0x45, 0xaf, 0xff, 0x03, 0x3e, 0xa2, 0xff, 0x02, 0x32, 0x8f, 0xff, 0x02, 0x30,
  0x8c, 0xff, 0x02, 0x30, 0x8c, 0xff, 0x02, 0x30, 0x8c, 0xff, 0x02, 0x30, 0x8c, 0xff, 0x02, 0x30,
  0x8c, 0xff, 0x02, 0x30, 0x8c, 0xff, 0x03, 0x38, 0x9a, 0xff, 0x04, 0x4d, 0xbd, 0xff, 0x04, 0x52,
  0xc5, 0xff, 0x04, 0x51, 0xc5, 0xff, 0x04, 0x52, 0xc5, 0xcf, 0x04, 0x52, 0xc6, 0xcf, 0x04, 0x52,
  0xc6, 0xff, 0x04, 0x51, 0xc5, 0xff, 0x0b, 0x58, 0xcb, 0xff, 0x2a, 0x71, 0xe4, 0xff, 0x35, 0x79,
  0xec, 0xff, 0x35, 0x79, 0xec, 0xff, 0x31, 0x7c, 0xf0, 0xff, 0x28, 0x84, 0xf8, 0xff, 0x26, 0x85,
  0xf9, 0xff, 0x27, 0x85, 0xf8, 0xff, 0x2d, 0x7f, 0xf3, 0xff, 0x34, 0x79, 0xec, 0xff, 0x34, 0x79,
  0xec, 0xff, 0x35, 0x7a, 0xed, 0xff, 0x29, 0x64, 0xd1, 0xff, 0x08, 0x21, 0x83, 0xff, 0x00, 0x0f,
  0x6e, 0xff, 0x00, 0x0f, 0x6f, 0xff, 0x23, 0x48, 0xa0, 0xff, 0x61, 0xa9, 0xf3, 0xff, 0x69, 0xb7,
  0xfe, 0xff, 0x69, 0xb6, 0xfe, 0xff, 0x60, 0xaf, 0xfd, 0xff, 0x37, 0x90, 0xfa, 0xff, 0x26, 0x84,
  0xf8, 0xff, 0x27, 0x85, 0xf9, 0xff, 0x1d, 0x77, 0xec, 0xff, 0x08, 0x57, 0xcb, 0xff, 0x04, 0x51,
  0xc4, 0xff, 0x04, 0x51, 0xc4, 0xff, 0x06, 0x5b, 0xd7, 0xff, 0x08, 0x6b, 0xf0, 0xff, 0x08, 0x6c,
  0xf2, 0xff, 0x08, 0x6c, 0xf2, 0xff, 0x09, 0x6c, 0xec, 0xff, 0x10, 0x6c, 0xd4, 0xff, 0x18, 0x6c,
  0xcd, 0xff, 0x1c, 0x6e, 0xcd, 0xff, 0x10, 0x52, 0xb0, 0xff, 0x02, 0x19, 0x78, 0xff, 0x00, 0x0f,
  0x6f, 0xff, 0x00, 0x0f, 0x6e, 0xff, 0x0a, 0x1f, 0x7d, 0xff, 0x4a, 0x85, 0xd3, 0xff, 0x6a, 0xb7,
  0xff, 0xff, 0x6a, 0xb8, 0xff, 0xff, 0x54, 0x9f, 0xee, 0xff, 0x14, 0x57, 0xbc, 0xff, 0x03, 0x44,
  0xae, 0xff, 0x04, 0x45, 0xae, 0xff, 0x03, 0x3e, 0xa2, 0xff, 0x02, 0x32, 0x8f, 0xff, 0x02, 0x30,
  0x8c, 0xff, 0x02, 0x30, 0x8c, 0xff, 0x02, 0x30, 0x8c, 0xff, 0x02, 0x30, 0x8d, 0xff, 0x02, 0x30,
  0x8d, 0xff, 0x02, 0x30, 0x8c, 0xff, 0x03, 0x38, 0x9a, 0xff, 0x04, 0x4d, 0xbe, 0xff, 0x04, 0x52,
  0xc5, 0xff, 0x04, 0x51, 0xc5, 0xff, 0x04, 0x51, 0xc5, 0xcf, 0x04, 0x50, 0xc3, 0xcf, 0x04, 0x50,
  0xc3, 0xff, 0x04, 0x50, 0xc3, 0xff, 0x0a, 0x56, 0xc8, 0xff, 0x26, 0x6c, 0xde, 0xff, 0x30, 0x74,
  0xe6, 0xff, 0x30, 0x74, 0xe6, 0xff, 0x2c, 0x76, 0xea, 0xff, 0x24, 0x7d, 0xf0, 0xff, 0x23, 0x7e,
  0xf1, 0xff, 0x23, 0x7e, 0xf1, 0xff, 0x29, 0x7a, 0xed, 0xff, 0x2f, 0x75, 0xe8, 0xff, 0x2f, 0x75,
  0xe8, 0xff, 0x30, 0x75, 0xe9, 0xff, 0x25, 0x63, 0xd1, 0xff, 0x0a, 0x2b, 0x8e, 0xff, 0x02, 0x1b,
  0x7c, 0xff, 0x03, 0x1b, 0x7c, 0xff, 0x23, 0x4f, 0xa9, 0xff, 0x5b, 0xa6, 0xf3, 0xff, 0x62, 0xb2,
  0xfd, 0xff, 0x62, 0xb1, 0xfd, 0xff, 0x5a, 0xab, 0xfc, 0xff, 0x36, 0x8e, 0xf8, 0xff, 0x28, 0x83,
  0xf7, 0xff, 0x28, 0x83, 0xf7, 0xff, 0x1f, 0x78, 0xec, 0xff, 0x0b, 0x5c, 0xd0, 0xff, 0x06, 0x56,
  0xc9, 0xff, 0x06, 0x57, 0xca, 0xff, 0x08, 0x60, 0xda, 0xff, 0x0a, 0x6d, 0xf1, 0xff, 0x0b, 0x6f,
  0xf3, 0xff, 0x0a, 0x6f, 0xf3, 0xff, 0x0c, 0x6e, 0xee, 0xff, 0x12, 0x6f, 0xd8, 0xff, 0x16, 0x6d,
  0xd2, 0xff, 0x16, 0x6e, 0xd3, 0xff, 0x0d, 0x55, 0xb8, 0xff, 0x02, 0x22, 0x84, 0xff, 0x01, 0x19,
  0x7b, 0xff, 0x00, 0x18, 0x7b, 0xff, 0x0a, 0x27, 0x88, 0xff, 0x46, 0x83, 0xd6, 0xff, 0x64, 0xb1,
  0xfc, 0xff, 0x65, 0xb2, 0xfc, 0xff, 0x50, 0x9a, 0xec, 0xff, 0x13, 0x57, 0xbd, 0xff, 0x03, 0x45,
  0xb0, 0xff, 0x04, 0x46, 0xb1, 0xff, 0x03, 0x40, 0xa6, 0xff, 0x02, 0x35, 0x94, 0xff, 0x02, 0x33,
  0x92, 0xff, 0x02, 0x33, 0x92, 0xff, 0x02, 0x33, 0x91, 0xff, 0x02, 0x31, 0x8e, 0xff, 0x02, 0x30,
  0x8d, 0xff, 0x02, 0x30, 0x8c, 0xff, 0x03, 0x38, 0x99, 0xff, 0x04, 0x4c, 0xbb, 0xff, 0x04, 0x50,
  0xc2, 0xff, 0x04, 0x50, 0xc2, 0xff, 0x04, 0x50, 0xc2, 0xcf, 0x04, 0x48, 0xb5, 0xcf, 0x04, 0x48,
  0xb5, 0xff, 0x04, 0x48, 0xb5, 0xff, 0x05, 0x4a, 0xb7, 0xff, 0x0e, 0x52, 0xbe, 0xff, 0x11, 0x55,
  0xc1, 0xff, 0x11, 0x55, 0xc1, 0xff, 0x10, 0x55, 0xc2, 0xff, 0x0e, 0x57, 0xc4, 0xff, 0x0e, 0x58,
  0xc4, 0xff, 0x0e, 0x58, 0xc5, 0xff, 0x0f, 0x5a, 0xca, 0xff, 0x11, 0x5d, 0xd0, 0xff, 0x11, 0x5d,
  0xd0, 0xff, 0x11, 0x5d, 0xd0, 0xff, 0x12, 0x5e, 0xd1, 0xff, 0x16, 0x62, 0xd2, 0xff, 0x17, 0x63,
  0xd2, 0xff, 0x17, 0x63, 0xd2, 0xff, 0x23, 0x74, 0xe0, 0xff, 0x37, 0x8f, 0xf7, 0xff, 0x3a, 0x93,
  0xfa, 0xff, 0x3a, 0x93, 0xfa, 0xff, 0x39, 0x90, 0xf9, 0xff, 0x32, 0x81, 0xf2, 0xff, 0x30, 0x7b,
  0xf0, 0xff, 0x30, 0x7b, 0xf0, 0xff, 0x2a, 0x7a, 0xef, 0xff, 0x1c, 0x77, 0xed, 0xff, 0x19, 0x76,
  0xec, 0xff, 0x19, 0x76, 0xec, 0xff, 0x1a, 0x79, 0xf0, 0xff, 0x1d, 0x7d, 0xf6, 0xff, 0x1d, 0x7e,
  0xf6, 0xff, 0x1d, 0x7d, 0xf7, 0xff, 0x1d, 0x7d, 0xf6, 0xff, 0x1e, 0x7d, 0xf0, 0xff, 0x1e, 0x7d,
  0xef, 0xff, 0x1e, 0x7d, 0xef, 0xff, 0x15, 0x71, 0xe4, 0xff, 0x07, 0x56, 0xce, 0xff, 0x05, 0x51,
  0xca, 0xff, 0x05, 0x51, 0xca, 0xff, 0x0b, 0x57, 0xce, 0xff, 0x31, 0x7a, 0xe6, 0xff, 0x43, 0x8b,
  0xf1, 0xff, 0x44, 0x8b, 0xf2, 0xff, 0x36, 0x7e, 0xe7, 0xff, 0x0e, 0x57, 0xc7, 0xff, 0x03, 0x4d,
  0xbe, 0xff, 0x04, 0x4d, 0xbe, 0xff, 0x04, 0x4b, 0xbb, 0xff, 0x04, 0x47, 0xb5, 0xff, 0x04, 0x47,
  0xb4, 0xff, 0x04, 0x47, 0xb4, 0xff, 0x03, 0x44, 0xaf, 0xff, 0x02, 0x36, 0x97, 0xff, 0x02, 0x30,
  0x8c, 0xff, 0x02, 0x30, 0x8c, 0xff, 0x02, 0x36, 0x96, 0xff, 0x03, 0x45, 0xaf, 0xff, 0x04, 0x48,
  0xb5, 0xff, 0x04, 0x48, 0xb4, 0xff, 0x04, 0x48, 0xb4, 0xcf, 0x04, 0x45, 0xae, 0xcf, 0x04, 0x45,
  0xae, 0xff, 0x04, 0x45, 0xae, 0xff, 0x04, 0x45, 0xae, 0xff, 0x04, 0x45, 0xae, 0xff, 0x04, 0x45,
  0xae, 0xff, 0x04, 0x45, 0xae, 0xff, 0x04, 0x45, 0xae, 0xff, 0x04, 0x45, 0xae, 0xff, 0x04, 0x45,
  0xae, 0xff, 0x04, 0x45, 0xae, 0xff, 0x04, 0x4a, 0xb8, 0xff, 0x04, 0x51, 0xc3, 0xff, 0x04, 0x51,
  0xc4, 0xff, 0x03, 0x50, 0xc4, 0xff, 0x09, 0x5b, 0xd0, 0xff, 0x1d, 0x7d, 0xf4, 0xff, 0x23, 0x87,
  0xfe, 0xff, 0x23, 0x86, 0xfd, 0xff, 0x23, 0x86, 0xfc, 0xff, 0x25, 0x84, 0xf9, 0xff, 0x26, 0x84,
  0xf8, 0xff, 0x26, 0x84, 0xf8, 0xff, 0x28, 0x83, 0xf7, 0xff, 0x31, 0x7b, 0xef, 0xff, 0x34, 0x78,
  0xec, 0xff, 0x34, 0x78, 0xeb, 0xff, 0x30, 0x7c, 0xf0, 0xff, 0x25, 0x85, 0xfb, 0xff, 0x22, 0x86,
  0xfd, 0xff, 0x22, 0x86, 0xfd, 0xff, 0x24, 0x85, 0xfb, 0xff, 0x26, 0x84, 0xf8, 0xff, 0x26, 0x84,
  0xf8, 0xff, 0x26, 0x84, 0xf8, 0xff, 0x26, 0x85, 0xf9, 0xff, 0x23, 0x86, 0xfc, 0xff, 0x23, 0x86,
  0xfd, 0xff, 0x23, 0x86, 0xfd, 0xff, 0x1a, 0x7e, 0xf9, 0xff, 0x0a, 0x6f, 0xf4, 0xff, 0x08, 0x6c,
  0xf2, 0xff, 0x08, 0x6c, 0xf2, 0xff, 0x0b, 0x6e, 0xf2, 0xff, 0x26, 0x76, 0xee, 0xff, 0x34, 0x79,
  0xec, 0xff, 0x35, 0x79, 0xed, 0xff, 0x2a, 0x70, 0xe4, 0xff, 0x0b, 0x57, 0xcb, 0xff, 0x04, 0x50,
  0xc4, 0xff, 0x04, 0x50, 0xc4, 0xff, 0x04, 0x50, 0xc4, 0xff, 0x04, 0x50, 0xc4, 0xff, 0x04, 0x50,
  0xc4, 0xff, 0x04, 0x50, 0xc4, 0xff, 0x04, 0x4c, 0xbd, 0xff, 0x03, 0x38, 0x9b, 0xff, 0x02, 0x30,
  0x8c, 0xff, 0x02, 0x30, 0x8c, 0xff, 0x02, 0x35, 0x94, 0xff, 0x03, 0x42, 0xa9, 0xff, 0x04, 0x45,
  0xae, 0xff, 0x04, 0x45, 0xae, 0xff, 0x04, 0x45, 0xae, 0xcf, 0x04, 0x45, 0xae, 0xcf, 0x04, 0x45,
  0xae, 0xff, 0x04, 0x45, 0xae, 0xff, 0x04, 0x45, 0xae, 0xff, 0x04, 0x45, 0xae, 0xff, 0x04, 0x45,
  0xae, 0xff, 0x04, 0x45, 0xad, 0xff, 0x04, 0x45, 0xae, 0xff, 0x04, 0x45, 0xad, 0xff, 0x04, 0x45,
  0xae, 0xff, 0x04, 0x45, 0xae, 0xff, 0x04, 0x4a, 0xb8, 0xff, 0x04, 0x50, 0xc3, 0xff, 0x04, 0x51,
  0xc4, 0xff, 0x03, 0x50, 0xc4, 0xff, 0x09, 0x5b, 0xd0, 0xff, 0x1e, 0x7d, 0xf4, 0xff, 0x23, 0x87,
  0xfe, 0xff, 0x23, 0x87, 0xfe, 0xff, 0x24, 0x86, 0xfc, 0xff, 0x26, 0x84, 0xf8, 0xff, 0x26, 0x84,
  0xf8, 0xff, 0x26, 0x84, 0xf8, 0xff, 0x28, 0x83, 0xf7, 0xff, 0x31, 0x7b, 0xef, 0xff, 0x34, 0x78,
  0xeb, 0xff, 0x34, 0x78, 0xeb, 0xff, 0x30, 0x7c, 0xf0, 0xff, 0x25, 0x85, 0xfb, 0xff, 0x22, 0x86,
  0xfd, 0xff, 0x22, 0x86, 0xfd, 0xff, 0x24, 0x85, 0xfb, 0xff, 0x26, 0x85, 0xf8, 0xff, 0x26, 0x84,
  0xf8, 0xff, 0x27, 0x85, 0xf8, 0xff, 0x26, 0x85, 0xf9, 0xff, 0x24, 0x86, 0xfc, 0xff, 0x23, 0x86,
  0xfd, 0xff, 0x23, 0x87, 0xfd, 0xff, 0x1a, 0x7e, 0xf9, 0xff, 0x0a, 0x6f, 0xf4, 0xff, 0x07, 0x6c,
  0xf2, 0xff, 0x07, 0x6c, 0xf2, 0xff, 0x0b, 0x6e, 0xf2, 0xff, 0x27, 0x76, 0xee, 0xff, 0x35, 0x79,
  0xec, 0xff, 0x35, 0x79, 0xec, 0xff, 0x2a, 0x70, 0xe4, 0xff, 0x0b, 0x57, 0xcb, 0xff, 0x04, 0x50,
  0xc4, 0xff, 0x04, 0x50, 0xc4, 0xff, 0x04, 0x50, 0xc4, 0xff, 0x04, 0x50, 0xc4, 0xff, 0x04, 0x50,
  0xc4, 0xff, 0x04, 0x51, 0xc5, 0xff, 0x04, 0x4c, 0xbe, 0xff, 0x03, 0x38, 0x9b, 0xff, 0x02, 0x30,
  0x8c, 0xff, 0x02, 0x30, 0x8c, 0xff, 0x02, 0x35, 0x94, 0xff, 0x03, 0x42, 0xa9, 0xff, 0x04, 0x45,
  0xae, 0xff, 0x04, 0x45, 0xae, 0xff, 0x04, 0x45, 0xae, 0xcf, 0x04, 0x48, 0xb4, 0xcf, 0x04, 0x48,
  0xb3, 0xff, 0x04, 0x47, 0xb3, 0xff, 0x04, 0x49, 0xb5, 0xff, 0x08, 0x50, 0xbc, 0xff, 0x0a, 0x52,
  0xbf, 0xff, 0x0a, 0x52, 0xbf, 0xff, 0x0a, 0x52, 0xbe, 0xff, 0x0a, 0x52, 0xbd, 0xff, 0x0b, 0x52,
  0xbd, 0xff, 0x0b, 0x52, 0xbe, 0xff, 0x0a, 0x54, 0xc1, 0xff, 0x0b, 0x58, 0xc5, 0xff, 0x0b, 0x58,
  0xc5, 0xff, 0x0b, 0x57, 0xc5, 0xff, 0x0e, 0x5f, 0xce, 0xff, 0x19, 0x75, 0xea, 0xff, 0x1c, 0x7b,
  0xf2, 0xff, 0x1c, 0x7b, 0xf2, 0xff, 0x1f, 0x7e, 0xf5, 0xff, 0x25, 0x84, 0xf9, 0xff, 0x25, 0x85,
  0xf9, 0xff, 0x25, 0x85, 0xf9, 0xff, 0x27, 0x84, 0xf8, 0xff, 0x2f, 0x7e, 0xf1, 0xff, 0x31, 0x7b,
  0xee, 0xff, 0x31, 0x7b, 0xef, 0xff, 0x2e, 0x7d, 0xf0, 0xff, 0x25, 0x81, 0xf2, 0xff, 0x24, 0x82,
  0xf3, 0xff, 0x24, 0x81, 0xf3, 0xff, 0x22, 0x80, 0xf4, 0xff, 0x20, 0x7f, 0xf7, 0xff, 0x20, 0x7f,
  0xf7, 0xff, 0x20, 0x80, 0xf8, 0xff, 0x1f, 0x7f, 0xf8, 0xff, 0x1d, 0x7d, 0xf8, 0xff, 0x1c, 0x7d,
  0xf8, 0xff, 0x1c, 0x7c, 0xf8, 0xff, 0x18, 0x77, 0xf3, 0xff, 0x0f, 0x6f, 0xeb, 0xff, 0x0e, 0x6d,
  0xea, 0xff, 0x0e, 0x6d, 0xea, 0xff, 0x11, 0x6f, 0xea, 0xff, 0x29, 0x76, 0xeb, 0xff, 0x35, 0x79,
  0xec, 0xff, 0x35, 0x79, 0xec, 0xff, 0x2a, 0x70, 0xe4, 0xff, 0x0b, 0x57, 0xcb, 0xff, 0x04, 0x50,
  0xc4, 0xff, 0x04, 0x50, 0xc4, 0xff, 0x04, 0x4f, 0xc3, 0xff, 0x04, 0x4e, 0xc0, 0xff, 0x04, 0x4e,
  0xc0, 0xff, 0x04, 0x4f, 0xc0, 0xff, 0x04, 0x4b, 0xbb, 0xff, 0x03, 0x3d, 0xa2, 0xff, 0x03, 0x37,
  0x98, 0xff, 0x03, 0x37, 0x98, 0xff, 0x03, 0x3b, 0x9d, 0xff, 0x04, 0x43, 0xab, 0xff, 0x04, 0x45,
  0xae, 0xff, 0x04, 0x45, 0xae, 0xff, 0x04, 0x45, 0xae, 0xcf, 0x04, 0x4f, 0xc1, 0xcf, 0x04, 0x4f,
  0xc1, 0xff, 0x04, 0x4f, 0xc0, 0xff, 0x07, 0x56, 0xc9, 0xff, 0x18, 0x72, 0xe6, 0xff, 0x1d, 0x7b,
  0xf0, 0xff, 0x1d, 0x7b, 0xf0, 0xff, 0x1d, 0x7b, 0xef, 0xff, 0x20, 0x7a, 0xec, 0xff, 0x20, 0x7a,
  0xec, 0xff, 0x20, 0x79, 0xeb, 0xff, 0x21, 0x73, 0xdb, 0xff, 0x22, 0x6d, 0xc9, 0xff, 0x22, 0x6c,
  0xc7, 0xff, 0x23, 0x6d, 0xc7, 0xff, 0x1d, 0x69, 0xc9, 0xff, 0x0d, 0x5d, 0xcd, 0xff, 0x08, 0x5a,
  0xce, 0xff, 0x08, 0x5a, 0xce, 0xff, 0x11, 0x69, 0xde, 0xff, 0x21, 0x82, 0xf9, 0xff, 0x23, 0x86,
  0xfd, 0xff, 0x23, 0x86, 0xfd, 0xff, 0x23, 0x85, 0xfc, 0xff, 0x27, 0x84, 0xf8, 0xff, 0x29, 0x83,
  0xf6, 0xff, 0x29, 0x82, 0xf6, 0xff, 0x28, 0x7f, 0xed, 0xff, 0x28, 0x77, 0xd6, 0xff, 0x28, 0x75,
  0xd1, 0xff, 0x28, 0x75, 0xd2, 0xff, 0x1d, 0x73, 0xdf, 0xff, 0x0e, 0x70, 0xf2, 0xff, 0x0c, 0x70,
  0xf3, 0xff, 0x0c, 0x70, 0xf3, 0xff, 0x0b, 0x6d, 0xf1, 0xff, 0x09, 0x62, 0xeb, 0xff, 0x08, 0x5e,
  0xe8, 0xff, 0x07, 0x5e, 0xe9, 0xff, 0x10, 0x64, 0xe1, 0xff, 0x20, 0x6f, 0xd2, 0xff, 0x23, 0x71,
  0xcf, 0xff, 0x22, 0x71, 0xcf, 0xff, 0x24, 0x72, 0xd2, 0xff, 0x2f, 0x76, 0xe4, 0xff, 0x35, 0x79,
  0xec, 0xff, 0x35, 0x79, 0xec, 0xff, 0x2a, 0x70, 0xe4, 0xff, 0x0b, 0x57, 0xcb, 0xff, 0x04, 0x50,
  0xc4, 0xff, 0x04, 0x50, 0xc4, 0xff, 0x04, 0x4d, 0xbe, 0xff, 0x04, 0x47, 0xb3, 0xff, 0x04, 0x47,
  0xb2, 0xff, 0x04, 0x47, 0xb2, 0xff, 0x04, 0x47, 0xb3, 0xff, 0x04, 0x4a, 0xb9, 0xff, 0x04, 0x4b,
  0xbb, 0xff, 0x04, 0x4b, 0xbb, 0xff, 0x04, 0x4a, 0xb8, 0xff, 0x04, 0x46, 0xb0, 0xff, 0x04, 0x45,
  0xae, 0xff, 0x04, 0x45, 0xae, 0xff, 0x04, 0x45, 0xae, 0xcf, 0x04, 0x51, 0xc5, 0xcf, 0x04, 0x51,
  0xc5, 0xff, 0x04, 0x51, 0xc4, 0xff, 0x09, 0x5a, 0xce, 0xff, 0x1c, 0x7b, 0xf2, 0xff, 0x23, 0x87,
  0xfe, 0xff, 0x22, 0x86, 0xfd, 0xff, 0x23, 0x86, 0xfc, 0xff, 0x26, 0x85, 0xf9, 0xff, 0x27, 0x85,
  0xf9, 0xff, 0x27, 0x84, 0xf8, 0xff, 0x28, 0x7c, 0xe3, 0xff, 0x29, 0x73, 0xca, 0xff, 0x2a, 0x72,
  0xc8, 0xff, 0x2a, 0x73, 0xc8, 0xff, 0x21, 0x6c, 0xc8, 0xff, 0x09, 0x56, 0xc5, 0xff, 0x04, 0x51,
  0xc4, 0xff, 0x04, 0x51, 0xc4, 0xff, 0x0e, 0x62, 0xd8, 0xff, 0x20, 0x82, 0xf9, 0xff, 0x23, 0x86,
  0xfd, 0xff, 0x22, 0x86, 0xfd, 0xff, 0x23, 0x86, 0xfd, 0xff, 0x25, 0x85, 0xfa, 0xff, 0x26, 0x84,
  0xf8, 0xff, 0x26, 0x84, 0xf9, 0xff, 0x27, 0x80, 0xec, 0xff, 0x28, 0x75, 0xcf, 0xff, 0x29, 0x73,
  0xc8, 0xff, 0x29, 0x72, 0xc8, 0xff, 0x1b, 0x70, 0xd9, 0xff, 0x09, 0x6c, 0xf0, 0xff, 0x07, 0x6c,
  0xf2, 0xff, 0x08, 0x6c, 0xf2, 0xff, 0x07, 0x68, 0xef, 0xff, 0x05, 0x5b, 0xe7, 0xff, 0x04, 0x56,
  0xe4, 0xff, 0x03, 0x56, 0xe4, 0xff, 0x0e, 0x5e, 0xdc, 0xff, 0x25, 0x70, 0xcb, 0xff, 0x29, 0x72,
  0xc8, 0xff, 0x28, 0x72, 0xc8, 0xff, 0x2a, 0x73, 0xcb, 0xff, 0x31, 0x77, 0xe1, 0xff, 0x35, 0x79,
  0xec, 0xff, 0x35, 0x79, 0xec, 0xff, 0x2a, 0x70, 0xe4, 0xff, 0x0b, 0x57, 0xcb, 0xff, 0x04, 0x50,
  0xc4, 0xff, 0x04, 0x50, 0xc4, 0xff, 0x04, 0x4c, 0xbd, 0xff, 0x04, 0x46, 0xb0, 0xff, 0x04, 0x45,
  0xae, 0xff, 0x04, 0x45, 0xae, 0xff, 0x04, 0x46, 0xb1, 0xff, 0x04, 0x4e, 0xbf, 0xff, 0x04, 0x51,
  0xc5, 0xff, 0x04, 0x50, 0xc4, 0xff, 0x04, 0x4e, 0xc0, 0xff, 0x04, 0x47, 0xb2, 0xff, 0x04, 0x45,
  0xae, 0xff, 0x04, 0x45, 0xae, 0xff, 0x04, 0x45, 0xae, 0xcf, 0x04, 0x52, 0xc5, 0xcf, 0x04, 0x51,
  0xc5, 0xff, 0x04, 0x51, 0xc4, 0xff, 0x09, 0x5a, 0xce, 0xff, 0x1c, 0x7b, 0xf2, 0xff, 0x23, 0x86,
  0xfd, 0xff, 0x22, 0x86, 0xfd, 0xff, 0x24, 0x85, 0xfc, 0xff, 0x26, 0x84, 0xf9, 0xff, 0x27, 0x84,
  0xf8, 0xff, 0x27, 0x84, 0xf8, 0xff, 0x28, 0x7c, 0xe3, 0xff, 0x29, 0x73, 0xca, 0xff, 0x29, 0x72,
  0xc8, 0xff, 0x29, 0x73, 0xc8, 0xff, 0x21, 0x6c, 0xc8, 0xff, 0x09, 0x57, 0xc5, 0xff, 0x04, 0x51,
  0xc4, 0xff, 0x04, 0x51, 0xc4, 0xff, 0x0e, 0x63, 0xd8, 0xff, 0x20, 0x82, 0xf9, 0xff, 0x23, 0x86,
  0xfd, 0xff, 0x23, 0x86, 0xfd, 0xff, 0x23, 0x86, 0xfd, 0xff, 0x25, 0x85, 0xfa, 0xff, 0x27, 0x84,
  0xf8, 0xff, 0x27, 0x84, 0xf9, 0xff, 0x27, 0x80, 0xec, 0xff, 0x28, 0x75, 0xcf, 0xff, 0x29, 0x73,
  0xc8, 0xff, 0x29, 0x72, 0xc8, 0xff, 0x1b, 0x70, 0xda, 0xff, 0x09, 0x6d, 0xf0, 0xff, 0x08, 0x6c,
  0xf2, 0xff, 0x08, 0x6c, 0xf2, 0xff, 0x08, 0x69, 0xf0, 0xff, 0x05, 0x5b, 0xe7, 0xff, 0x04, 0x57,
  0xe4, 0xff, 0x04, 0x57, 0xe4, 0xff, 0x0e, 0x5f, 0xdc, 0xff, 0x25, 0x70, 0xcb, 0xff, 0x29, 0x72,
  0xc8, 0xff, 0x28, 0x72, 0xc8, 0xff, 0x29, 0x73, 0xcc, 0xff, 0x31, 0x77, 0xe2, 0xff, 0x35, 0x79,
  0xec, 0xff, 0x35, 0x79, 0xec, 0xff, 0x2a, 0x70, 0xe4, 0xff, 0x0b, 0x57, 0xcb, 0xff, 0x04, 0x50,
  0xc4, 0xff, 0x04, 0x50, 0xc4, 0xff, 0x04, 0x4c, 0xbd, 0xff, 0x04, 0x46, 0xb0, 0xff, 0x04, 0x45,
  0xae, 0xff, 0x04, 0x45, 0xae, 0xff, 0x04, 0x46, 0xb1, 0xff, 0x04, 0x4e, 0xbf, 0xff, 0x04, 0x51,
  0xc5, 0xff, 0x04, 0x50, 0xc4, 0xff, 0x04, 0x4e, 0xbf, 0xff, 0x04, 0x46, 0xb2, 0xff, 0x04, 0x45,
  0xae, 0xff, 0x04, 0x45, 0xae, 0xff, 0x04, 0x45, 0xae, 0xcf, 0x04, 0x51, 0xc5, 0xcf, 0x04, 0x51,
  0xc5, 0xff, 0x04, 0x51, 0xc4, 0xff, 0x07, 0x57, 0xca, 0xff, 0x13, 0x6c, 0xe2, 0xff, 0x18, 0x74,
  0xeb, 0xff, 0x18, 0x74, 0xea, 0xff, 0x18, 0x74, 0xec, 0xff, 0x19, 0x75, 0xf1, 0xff, 0x19, 0x75,
  0xf2, 0xff, 0x19, 0x74, 0xf1, 0xff, 0x1b, 0x6f, 0xe3, 0xff, 0x1c, 0x69, 0xd3, 0xff, 0x1b, 0x69,
  0xd2, 0xff, 0x1b, 0x69, 0xd2, 0xff, 0x16, 0x64, 0xcf, 0xff, 0x07, 0x55, 0xc7, 0xff, 0x04, 0x51,
  0xc5, 0xff, 0x04, 0x51, 0xc4, 0xff, 0x0a, 0x5d, 0xd1, 0xff, 0x16, 0x71, 0xe7, 0xff, 0x18, 0x74,
  0xeb, 0xff, 0x17, 0x73, 0xea, 0xff, 0x18, 0x74, 0xeb, 0xff, 0x19, 0x74, 0xf0, 0xff, 0x1a, 0x75,
  0xf2, 0xff, 0x1a, 0x75, 0xf2, 0xff, 0x1a, 0x71, 0xea, 0xff, 0x1c, 0x6a, 0xd6, 0xff, 0x1c, 0x68,
  0xd2, 0xff, 0x1c, 0x68, 0xd2, 0xff, 0x13, 0x66, 0xd9, 0xff, 0x08, 0x63, 0xe2, 0xff, 0x07, 0x63,
  0xe3, 0xff, 0x07, 0x63, 0xe3, 0xff, 0x06, 0x60, 0xe0, 0xff, 0x05, 0x54, 0xd5, 0xff, 0x04, 0x51,
  0xd2, 0xff, 0x04, 0x51, 0xd2, 0xff, 0x0a, 0x56, 0xcc, 0xff, 0x19, 0x61, 0xc2, 0xff, 0x1c, 0x62,
  0xc0, 0xff, 0x1c, 0x62, 0xc0, 0xff, 0x1c, 0x62, 0xc1, 0xff, 0x20, 0x61, 0xc8, 0xff, 0x22, 0x60,
  0xcb, 0xff, 0x22, 0x61, 0xcc, 0xff, 0x1b, 0x5b, 0xc6, 0xff, 0x08, 0x4a, 0xb6, 0xff, 0x03, 0x45,
  0xb1, 0xff, 0x03, 0x45, 0xb1, 0xff, 0x03, 0x43, 0xac, 0xff, 0x03, 0x3f, 0xa4, 0xff, 0x03, 0x3e,
  0xa3, 0xff, 0x03, 0x3e, 0xa3, 0xff, 0x03, 0x3f, 0xa5, 0xff, 0x03, 0x44, 0xad, 0xff, 0x03, 0x46,
  0xb1, 0xff, 0x03, 0x46, 0xb1, 0xff, 0x03, 0x45, 0xb0, 0xff, 0x04, 0x45, 0xaf, 0xff, 0x04, 0x45,
  0xae, 0xff, 0x04, 0x45, 0xae, 0xff, 0x04, 0x45, 0xae, 0xcf, 0x04, 0x52, 0xc5, 0xcf, 0x04, 0x51,
  0xc5, 0xff, 0x04, 0x51, 0xc5, 0xff, 0x04, 0x52, 0xc5, 0xff, 0x05, 0x54, 0xc8, 0xff, 0x06, 0x55,
  0xc9, 0xff, 0x06, 0x55, 0xc9, 0xff, 0x06, 0x57, 0xd2, 0xff, 0x06, 0x59, 0xe3, 0xff, 0x06, 0x5a,
  0xe6, 0xff, 0x06, 0x5a, 0xe6, 0xff, 0x06, 0x59, 0xe4, 0xff, 0x06, 0x58, 0xe2, 0xff, 0x06, 0x58,
  0xe2, 0xff, 0x06, 0x58, 0xe2, 0xff, 0x06, 0x57, 0xdc, 0xff, 0x04, 0x52, 0xc9, 0xff, 0x04, 0x51,
  0xc4, 0xff, 0x04, 0x51, 0xc4, 0xff, 0x04, 0x52, 0xc6, 0xff, 0x06, 0x54, 0xc8, 0xff, 0x06, 0x54,
  0xc9, 0xff, 0x06, 0x54, 0xc8, 0xff, 0x06, 0x55, 0xcd, 0xff, 0x06, 0x59, 0xdf, 0xff, 0x06, 0x5a,
  0xe6, 0xff, 0x06, 0x5a, 0xe6, 0xff, 0x06, 0x59, 0xe5, 0xff, 0x06, 0x58, 0xe2, 0xff, 0x06, 0x58,
  0xe2, 0xff, 0x06, 0x58, 0xe2, 0xff, 0x05, 0x55, 0xd8, 0xff, 0x04, 0x53, 0xca, 0xff, 0x04, 0x52,
  0xc8, 0xff, 0x04, 0x52, 0xc8, 0xff, 0x04, 0x50, 0xc5, 0xff, 0x04, 0x49, 0xb7, 0xff, 0x04, 0x47,
  0xb2, 0xff, 0x04, 0x47, 0xb2, 0xff, 0x04, 0x47, 0xb2, 0xff, 0x06, 0x48, 0xb0, 0xff, 0x06, 0x48,
  0xb0, 0xff, 0x06, 0x48, 0xb0, 0xff, 0x06, 0x46, 0xae, 0xff, 0x05, 0x3b, 0x9c, 0xff, 0x05, 0x36,
  0x93, 0xff, 0x05, 0x36, 0x93, 0xff, 0x04, 0x35, 0x93, 0xff, 0x03, 0x33, 0x92, 0xff, 0x02, 0x33,
  0x91, 0xff, 0x02, 0x33, 0x90, 0xff, 0x02, 0x32, 0x90, 0xff, 0x02, 0x32, 0x8f, 0xff, 0x02, 0x32,
  0x8f, 0xff, 0x02, 0x32, 0x8f, 0xff, 0x02, 0x32, 0x8f, 0xff, 0x02, 0x32, 0x90, 0xff, 0x02, 0x33,
  0x90, 0xff, 0x02, 0x33, 0x90, 0xff, 0x02, 0x37, 0x98, 0xff, 0x03, 0x42, 0xaa, 0xff, 0x04, 0x45,
  0xae, 0xff, 0x04, 0x45, 0xae, 0xff, 0x04, 0x45, 0xae, 0xcf, 0x04, 0x52, 0xc5, 0xcf, 0x04, 0x51,
  0xc5, 0xff, 0x04, 0x51, 0xc4, 0xff, 0x04, 0x51, 0xc5, 0xff, 0x04, 0x51, 0xc4, 0xff, 0x04, 0x51,
  0xc4, 0xff, 0x04, 0x51, 0xc4, 0xff, 0x04, 0x53, 0xce, 0xff, 0x04, 0x56, 0xe1, 0xff, 0x04, 0x57,
  0xe4, 0xff, 0x04, 0x57, 0xe4, 0xff, 0x04, 0x57, 0xe4, 0xff, 0x04, 0x57, 0xe4, 0xff, 0x04, 0x57,
  0xe4, 0xff, 0x04, 0x57, 0xe5, 0xff, 0x04, 0x56, 0xde, 0xff, 0x04, 0x52, 0xca, 0xff, 0x04, 0x51,
  0xc4, 0xff, 0x04, 0x51, 0xc4, 0xff, 0x04, 0x51, 0xc4, 0xff, 0x04, 0x50, 0xc4, 0xff, 0x04, 0x50,
  0xc4, 0xff, 0x04, 0x50, 0xc3, 0xff, 0x04, 0x51, 0xc8, 0xff, 0x04, 0x56, 0xdc, 0xff, 0x04, 0x57,
  0xe4, 0xff, 0x04, 0x57, 0xe4, 0xff, 0x04, 0x57, 0xe4, 0xff, 0x04, 0x57, 0xe4, 0xff, 0x04, 0x57,
  0xe4, 0xff, 0x04, 0x57, 0xe4, 0xff, 0x04, 0x53, 0xd8, 0xff, 0x04, 0x51, 0xc6, 0xff, 0x04, 0x50,
  0xc3, 0xff, 0x04, 0x50, 0xc4, 0xff, 0x04, 0x4e, 0xc1, 0xff, 0x04, 0x47, 0xb3, 0xff, 0x04, 0x45,
  0xae, 0xff, 0x04, 0x45, 0xae, 0xff, 0x04, 0x45, 0xae, 0xff, 0x04, 0x45, 0xae, 0xff, 0x04, 0x45,
  0xae, 0xff, 0x04, 0x45, 0xae, 0xff, 0x03, 0x43, 0xab, 0xff, 0x02, 0x36, 0x96, 0xff, 0x02, 0x30,
  0x8c, 0xff, 0x02, 0x30, 0x8c, 0xff, 0x02, 0x30, 0x8c, 0xff, 0x02, 0x30, 0x8c, 0xff, 0x02, 0x30,
  0x8c, 0xff, 0x02, 0x30, 0x8c, 0xff, 0x02, 0x30, 0x8c, 0xff, 0x02, 0x30, 0x8c, 0xff, 0x02, 0x30,
  0x8c, 0xff, 0x02, 0x30, 0x8c, 0xff, 0x02, 0x30, 0x8c, 0xff, 0x02, 0x30, 0x8c, 0xff, 0x02, 0x30,
  0x8c, 0xff, 0x02, 0x30, 0x8c, 0xff, 0x02, 0x35, 0x94, 0xff, 0x03, 0x42, 0xaa, 0xff, 0x04, 0x45,
  0xae, 0xff, 0x04, 0x45, 0xae, 0xff, 0x04, 0x45, 0xae, 0xcf, 0x04, 0x52, 0xc5, 0xcf, 0x04, 0x51,
  0xc5, 0xff, 0x04, 0x51, 0xc5, 0xff, 0x04, 0x51, 0xc5, 0xff, 0x04, 0x51, 0xc4, 0xff, 0x04, 0x51,
  0xc4, 0xff, 0x04, 0x51, 0xc4, 0xff, 0x04, 0x53, 0xce, 0xff, 0x04, 0x56, 0xe1, 0xff, 0x04, 0x57,
  0xe5, 0xff, 0x04, 0x57, 0xe4, 0xff, 0x04, 0x57, 0xe4, 0xff, 0x04, 0x57, 0xe4, 0xff, 0x04, 0x57,
  0xe5, 0xff, 0x04, 0x57, 0xe5, 0xff, 0x04, 0x56, 0xde, 0xff, 0x04, 0x52, 0xca, 0xff, 0x04, 0x51,
  0xc4, 0xff, 0x04, 0x51, 0xc4, 0xff, 0x04, 0x51, 0xc5, 0xff, 0x04, 0x51, 0xc5, 0xff, 0x04, 0x50,
  0xc4, 0xff, 0x04, 0x50, 0xc4, 0xff, 0x04, 0x51, 0xc9, 0xff, 0x04, 0x56, 0xdd, 0xff, 0x04, 0x57,
  0xe5, 0xff, 0x04, 0x57, 0xe4, 0xff, 0x04, 0x57, 0xe4, 0xff, 0x04, 0x57, 0xe4, 0xff, 0x04, 0x57,
  0xe5, 0xff, 0x04, 0x57, 0xe5, 0xff, 0x04, 0x54, 0xd8, 0xff, 0x04, 0x51, 0xc6, 0xff, 0x04, 0x50,
  0xc4, 0xff, 0x04, 0x50, 0xc4, 0xff, 0x04, 0x4e, 0xc1, 0xff, 0x04, 0x47, 0xb3, 0xff, 0x04, 0x45,
  0xae, 0xff, 0x04, 0x45, 0xae, 0xff, 0x04, 0x45, 0xae, 0xff, 0x04, 0x45, 0xae, 0xff, 0x04, 0x45,
  0xae, 0xff, 0x04, 0x45, 0xae, 0xff, 0x04, 0x43, 0xab, 0xff, 0x02, 0x36, 0x97, 0xff, 0x02, 0x30,
  0x8d, 0xff, 0x02, 0x31, 0x8d, 0xff, 0x02, 0x31, 0x8d, 0xff, 0x02, 0x30, 0x8c, 0xff, 0x02, 0x30,
  0x8c, 0xff, 0x02, 0x30, 0x8c, 0xff, 0x02, 0x30, 0x8c, 0xff, 0x02, 0x30, 0x8c, 0xff, 0x02, 0x30,
  0x8c, 0xff, 0x02, 0x30, 0x8c, 0xff, 0x02, 0x30, 0x8c, 0xff, 0x02, 0x30, 0x8c, 0xff, 0x02, 0x30,
  0x8c, 0xff, 0x02, 0x30, 0x8c, 0xff, 0x02, 0x35, 0x94, 0xff, 0x03, 0x42, 0xaa, 0xff, 0x04, 0x45,
  0xae, 0xff, 0x04, 0x45, 0xae, 0xff, 0x04, 0x45, 0xae, 0xcf, 0x04, 0x52, 0xc5, 0xcf, 0x04, 0x51,
  0xc5, 0xff, 0x04, 0x51, 0xc5, 0xff, 0x04, 0x51, 0xc5, 0xff, 0x04, 0x52, 0xc8, 0xff, 0x04, 0x52,
  0xc9, 0xff, 0x04, 0x52, 0xc8, 0xff, 0x05, 0x54, 0xd0, 0xff, 0x07, 0x5a, 0xdf, 0xff, 0x08, 0x5b,
  0xe1, 0xff, 0x08, 0x5b, 0xe1, 0xff, 0x07, 0x5a, 0xe1, 0xff, 0x05, 0x5a, 0xe1, 0xff, 0x06, 0x5b,
  0xe1, 0xff, 0x06, 0x5b, 0xe1, 0xff, 0x05, 0x59, 0xdb, 0xff, 0x04, 0x53, 0xc9, 0xff, 0x04, 0x51,
  0xc4, 0xff, 0x04, 0x51, 0xc5, 0xff, 0x04, 0x50, 0xc2, 0xff, 0x04, 0x4d, 0xbe, 0xff, 0x04, 0x4c,
  0xbd, 0xff, 0x04, 0x4c, 0xbd, 0xff, 0x04, 0x4d, 0xc1, 0xff, 0x04, 0x52, 0xd5, 0xff, 0x04, 0x55,
  0xdd, 0xff, 0x04, 0x55, 0xdd, 0xff, 0x04, 0x54, 0xdc, 0xff, 0x04, 0x53, 0xd9, 0xff, 0x04, 0x53,
  0xd8, 0xff, 0x04, 0x53, 0xd8, 0xff, 0x04, 0x4f, 0xce, 0xff, 0x04, 0x4c, 0xbf, 0xff, 0x04, 0x4c,
  0xbd, 0xff, 0x04, 0x4c, 0xbd, 0xff, 0x04, 0x4a, 0xba, 0xff, 0x03, 0x44, 0xae, 0xff, 0x04, 0x42,
  0xaa, 0xff, 0x04, 0x42, 0xaa, 0xff, 0x04, 0x42, 0xaa, 0xff, 0x04, 0x42, 0xaa, 0xff, 0x04, 0x42,
  0xaa, 0xff, 0x04, 0x42, 0xaa, 0xff, 0x03, 0x40, 0xa7, 0xff, 0x02, 0x35, 0x95, 0xff, 0x02, 0x31,
  0x8d, 0xff, 0x02, 0x32, 0x8e, 0xff, 0x02, 0x32, 0x8e, 0xff, 0x02, 0x32, 0x90, 0xff, 0x02, 0x33,
  0x91, 0xff, 0x02, 0x33, 0x91, 0xff, 0x02, 0x32, 0x8f, 0xff, 0x02, 0x31, 0x8d, 0xff, 0x02, 0x30,
  0x8d, 0xff, 0x02, 0x30, 0x8d, 0xff, 0x02, 0x31, 0x8d, 0xff, 0x02, 0x34, 0x92, 0xff, 0x02, 0x35,
  0x94, 0xff, 0x02, 0x35, 0x94, 0xff, 0x03, 0x39, 0x9a, 0xff, 0x04, 0x43, 0xab, 0xff, 0x04, 0x45,
  0xae, 0xff, 0x04, 0x45, 0xae, 0xff, 0x04, 0x45, 0xae, 0xcf, 0x04, 0x52, 0xc6, 0xcf, 0x04, 0x52,
  0xc5, 0xff, 0x04, 0x51, 0xc5, 0xff, 0x04, 0x52, 0xc9, 0xff, 0x04, 0x55, 0xd8, 0xff, 0x04, 0x56,
  0xdd, 0xff, 0x04, 0x56, 0xdd, 0xff, 0x0b, 0x5c, 0xd9, 0xff, 0x1c, 0x69, 0xd1, 0xff, 0x1f, 0x6c,
  0xcf, 0xff, 0x1f, 0x6c, 0xcf, 0xff, 0x17, 0x6a, 0xd1, 0xff, 0x0f, 0x68, 0xd2, 0xff, 0x15, 0x6a,
  0xd1, 0xff, 0x17, 0x6b, 0xd1, 0xff, 0x11, 0x66, 0xce, 0xff, 0x06, 0x55, 0xc6, 0xff, 0x04, 0x51,
  0xc4, 0xff, 0x04, 0x51, 0xc5, 0xff, 0x04, 0x49, 0xb6, 0xff, 0x03, 0x3a, 0x9e, 0xff, 0x03, 0x38,
  0x9a, 0xff, 0x03, 0x39, 0x9a, 0xff, 0x03, 0x3b, 0x9f, 0xff, 0x04, 0x45, 0xb4, 0xff, 0x04, 0x4a,
  0xbc, 0xff, 0x04, 0x4a, 0xbc, 0xff, 0x04, 0x46, 0xb6, 0xff, 0x03, 0x3d, 0xa6, 0xff, 0x03, 0x3a,
  0xa2, 0xff, 0x03, 0x3b, 0xa2, 0xff, 0x03, 0x3a, 0xa0, 0xff, 0x03, 0x39, 0x9c, 0xff, 0x03, 0x39,
  0x9b, 0xff, 0x03, 0x39, 0x9b, 0xff, 0x02, 0x38, 0x9a, 0xff, 0x02, 0x37, 0x97, 0xff, 0x02, 0x36,
  0x95, 0xff, 0x02, 0x36, 0x95, 0xff, 0x02, 0x36, 0x95, 0xff, 0x02, 0x36, 0x95, 0xff, 0x02, 0x36,
  0x95, 0xff, 0x02, 0x36, 0x95, 0xff, 0x02, 0x35, 0x95, 0xff, 0x02, 0x33, 0x90, 0xff, 0x02, 0x32,
  0x8e, 0xff, 0x02, 0x32, 0x8e, 0xff, 0x02, 0x34, 0x92, 0xff, 0x03, 0x3d, 0xa2, 0xff, 0x03, 0x40,
  0xa6, 0xff, 0x03, 0x40, 0xa6, 0xff, 0x03, 0x3b, 0x9d, 0xff, 0x02, 0x32, 0x8f, 0xff, 0x02, 0x31,
  0x8d, 0xff, 0x02, 0x31, 0x8d, 0xff, 0x02, 0x34, 0x92, 0xff, 0x03, 0x43, 0xac, 0xff, 0x04, 0x49,
  0xb7, 0xff, 0x04, 0x49, 0xb6, 0xff, 0x03, 0x48, 0xb5, 0xff, 0x04, 0x45, 0xaf, 0xff, 0x04, 0x45,
  0xae, 0xff, 0x04, 0x45, 0xae, 0xff, 0x04, 0x45, 0xae, 0xcf, 0x04, 0x52, 0xc6, 0xcf, 0x04, 0x52,
  0xc6, 0xff, 0x04, 0x52, 0xc5, 0xff, 0x04, 0x52, 0xca, 0xff, 0x04, 0x56, 0xdf, 0xff, 0x04, 0x58,
  0xe5, 0xff, 0x04, 0x57, 0xe5, 0xff, 0x0e, 0x5f, 0xdc, 0xff, 0x25, 0x70, 0xcb, 0xff, 0x2a, 0x72,
  0xc8, 0xff, 0x29, 0x72, 0xc8, 0xff, 0x1e, 0x70, 0xca, 0xff, 0x12, 0x6c, 0xcd, 0xff, 0x17, 0x6c,
  0xcd, 0xff, 0x19, 0x6c, 0xcd, 0xff, 0x13, 0x67, 0xcb, 0xff, 0x06, 0x56, 0xc5, 0xff, 0x04, 0x51,
  0xc5, 0xff, 0x04, 0x51, 0xc5, 0xff, 0x04, 0x46, 0xb1, 0xff, 0x02, 0x33, 0x91, 0xff, 0x02, 0x30,
  0x8c, 0xff, 0x02, 0x30, 0x8c, 0xff, 0x02, 0x33, 0x91, 0xff, 0x03, 0x40, 0xa7, 0xff, 0x04, 0x46,
  0xb0, 0xff, 0x04, 0x46, 0xaf, 0xff, 0x03, 0x40, 0xa6, 0xff, 0x02, 0x33, 0x91, 0xff, 0x02, 0x30,
  0x8c, 0xff, 0x02, 0x31, 0x8d, 0xff, 0x02, 0x32, 0x8e, 0xff, 0x02, 0x32, 0x8e, 0xff, 0x02, 0x32,
  0x8e, 0xff, 0x02, 0x32, 0x8e, 0xff, 0x02, 0x32, 0x8e, 0xff, 0x02, 0x32, 0x8e, 0xff, 0x02, 0x32,
  0x8e, 0xff, 0x02, 0x32, 0x8e, 0xff, 0x02, 0x32, 0x8e, 0xff, 0x02, 0x32, 0x8e, 0xff, 0x02, 0x32,
  0x8e, 0xff, 0x02, 0x32, 0x8e, 0xff, 0x02, 0x32, 0x8e, 0xff, 0x02, 0x32, 0x8e, 0xff, 0x02, 0x32,
  0x8e, 0xff, 0x02, 0x32, 0x8e, 0xff, 0x02, 0x36, 0x94, 0xff, 0x03, 0x42, 0xaa, 0xff, 0x04, 0x46,
  0xb0, 0xff, 0x04, 0x45, 0xae, 0xff, 0x03, 0x3e, 0xa2, 0xff, 0x02, 0x33, 0x90, 0xff, 0x02, 0x32,
  0x8e, 0xff, 0x02, 0x32, 0x8e, 0xff, 0x02, 0x36, 0x94, 0xff, 0x04, 0x49, 0xb7, 0xff, 0x04, 0x51,
  0xc5, 0xff, 0x04, 0x50, 0xc4, 0xff, 0x04, 0x4e, 0xc0, 0xff, 0x04, 0x46, 0xb2, 0xff, 0x04, 0x45,
  0xae, 0xff, 0x04, 0x45, 0xae, 0xff, 0x04, 0x45, 0xae, 0xcf, 0x04, 0x52, 0xc6, 0xca, 0x04, 0x52,
  0xc6, 0xfc, 0x04, 0x52, 0xc5, 0xf9, 0x04, 0x52, 0xca, 0xf9, 0x04, 0x56, 0xdf, 0xf9, 0x04, 0x58,
  0xe5, 0xf9, 0x04, 0x57, 0xe5, 0xf9, 0x0e, 0x5f, 0xdc, 0xf9, 0x25, 0x70, 0xcb, 0xf9, 0x2a, 0x72,
  0xc8, 0xf9, 0x29, 0x72, 0xc8, 0xf9, 0x1e, 0x70, 0xca, 0xf9, 0x12, 0x6d, 0xcd, 0xf9, 0x11, 0x6c,
  0xcd, 0xf9, 0x11, 0x6c, 0xcd, 0xf9, 0x0e, 0x67, 0xcb, 0xf9, 0x06, 0x55, 0xc6, 0xf9, 0x04, 0x51,
  0xc5, 0xf9, 0x04, 0x52, 0xc5, 0xf9, 0x04, 0x46, 0xb2, 0xf9, 0x02, 0x33, 0x91, 0xf9, 0x02, 0x30,
  0x8c, 0xf9, 0x02, 0x30, 0x8c, 0xf9, 0x02, 0x33, 0x91, 0xf9, 0x03, 0x40, 0xa7, 0xf9, 0x04, 0x46,
  0xb0, 0xf9, 0x04, 0x46, 0xb0, 0xf9, 0x03, 0x40, 0xa7, 0xf9, 0x02, 0x34, 0x91, 0xf9, 0x02, 0x31,
  0x8d, 0xf9, 0x02, 0x32, 0x8e, 0xf9, 0x02, 0x32, 0x8e, 0xf9, 0x02, 0x32, 0x8e, 0xf9, 0x02, 0x32,
  0x8e, 0xf9, 0x02, 0x32, 0x8e, 0xf9, 0x02, 0x32, 0x8e, 0xf9, 0x02, 0x32, 0x8e, 0xf9, 0x02, 0x32,
  0x8e, 0xf9, 0x02, 0x32, 0x8e, 0xf9, 0x02, 0x32, 0x8e, 0xf9, 0x02, 0x32, 0x8e, 0xf9, 0x02, 0x32,
  0x8e, 0xf9, 0x02, 0x32, 0x8e, 0xf9, 0x02, 0x32, 0x8e, 0xf9, 0x02, 0x32, 0x8e, 0xf9, 0x02, 0x32,
  0x8e, 0xf9, 0x02, 0x32, 0x8e, 0xf9, 0x02, 0x36, 0x94, 0xf9, 0x03, 0x42, 0xaa, 0xf9, 0x04, 0x46,
  0xb0, 0xf9, 0x04, 0x46, 0xaf, 0xf9, 0x03, 0x3e, 0xa3, 0xf9, 0x02, 0x33, 0x90, 0xf9, 0x02, 0x32,
  0x8e, 0xf9, 0x02, 0x32, 0x8e, 0xf9, 0x02, 0x36, 0x94, 0xf9, 0x04, 0x49, 0xb6, 0xf9, 0x04, 0x50,
  0xc4, 0xf9, 0x04, 0x50, 0xc4, 0xf9, 0x04, 0x4e, 0xbf, 0xf9, 0x04, 0x47, 0xb2, 0xf9, 0x04, 0x45,
  0xaf, 0xf9, 0x04, 0x45, 0xaf, 0xfc, 0x04, 0x45, 0xaf, 0xca, 0x04, 0x52, 0xc6, 0x3b, 0x04, 0x52,
  0xc6, 0x4a, 0x04, 0x52, 0xc6, 0x49, 0x04, 0x52, 0xcb, 0x49, 0x04, 0x56, 0xdf, 0x49, 0x04, 0x58,
  0xe6, 0x49, 0x04, 0x58, 0xe6, 0x49, 0x0e, 0x60, 0xdd, 0x49, 0x25, 0x70, 0xcc, 0x49, 0x2a, 0x73,
  0xc9, 0x49, 0x29, 0x73, 0xc9, 0x49, 0x1e, 0x71, 0xcb, 0x49, 0x13, 0x70, 0xcd, 0x49, 0x12, 0x70,
  0xcd, 0x49, 0x12, 0x70, 0xcd, 0x49, 0x0f, 0x68, 0xcc, 0x49, 0x06, 0x56, 0xc7, 0x49, 0x04, 0x52,
  0xc6, 0x49, 0x04, 0x52, 0xc6, 0x49, 0x04, 0x47, 0xb2, 0x49, 0x02, 0x34, 0x91, 0x49, 0x02, 0x31,
  0x8d, 0x49, 0x02, 0x31, 0x8d, 0x49, 0x02, 0x34, 0x92, 0x49, 0x03, 0x40, 0xa7, 0x49, 0x04, 0x46,
  0xb0, 0x49, 0x04, 0x46, 0xb0, 0x49, 0x03, 0x40, 0xa7, 0x49, 0x02, 0x34, 0x92, 0x49, 0x02, 0x32,
  0x8e, 0x49, 0x02, 0x32, 0x8e, 0x49, 0x02, 0x32, 0x8e, 0x49, 0x02, 0x32, 0x8e, 0x49, 0x02, 0x32,
  0x8e, 0x49, 0x02, 0x32, 0x8e, 0x49, 0x02, 0x32, 0x8e, 0x49, 0x02, 0x32, 0x8e, 0x49, 0x02, 0x32,
  0x8e, 0x49, 0x02, 0x32, 0x8e, 0x49, 0x02, 0x32, 0x8e, 0x49, 0x02, 0x32, 0x8e, 0x49, 0x02, 0x32,
  0x8e, 0x49, 0x02, 0x32, 0x8e, 0x49, 0x02, 0x32, 0x8e, 0x49, 0x02, 0x32, 0x8e, 0x49, 0x02, 0x32,
  0x8e, 0x49, 0x02, 0x32, 0x8e, 0x49, 0x02, 0x36, 0x95, 0x49, 0x03, 0x42, 0xaa, 0x49, 0x04, 0x46,
  0xb0, 0x49, 0x04, 0x46, 0xb0, 0x49, 0x03, 0x3e, 0xa3, 0x49, 0x02, 0x33, 0x90, 0x49, 0x02, 0x32,
  0x8e, 0x49, 0x02, 0x32, 0x8e, 0x49, 0x02, 0x36, 0x95, 0x49, 0x04, 0x49, 0xb7, 0x49, 0x04, 0x51,
  0xc5, 0x49, 0x04, 0x51, 0xc5, 0x49, 0x04, 0x4e, 0xc0, 0x49, 0x04, 0x47, 0xb3, 0x49, 0x04, 0x46,
  0xb0, 0x49, 0x04, 0x46, 0xb0, 0x4a, 0x04, 0x46, 0xb0, 0x3b, 0x00, 0x00, 0x00, 0x00, 0x00, 0x00,
  0x00, 0x00, 0x00, 0x00, 0x00, 0x00, 0x00, 0x00, 0x00, 0x00, 0x00, 0x00, 0x00, 0x00, 0x00, 0x00,
  0x00, 0x00, 0x00, 0x00, 0x00, 0x00, 0x00, 0x00, 0x00, 0x00, 0x00, 0x00, 0x00, 0x00, 0x00, 0x00,
  0x00, 0x00, 0x00, 0x00, 0x00, 0x00, 0x00, 0x00, 0x00, 0x00, 0x00, 0x00, 0x00, 0x00, 0x00, 0x00,
  0x00, 0x00, 0x00, 0x00, 0x00, 0x00, 0x00, 0x00, 0x00, 0x00, 0x00, 0x00, 0x00, 0x00, 0x00, 0x00,
  0x00, 0x00, 0x00, 0x00, 0x00, 0x00, 0x00, 0x00, 0x00, 0x00, 0x00, 0x00, 0x00, 0x00, 0x00, 0x00,
  0x00, 0x00, 0x00, 0x00, 0x00, 0x00, 0x00, 0x00, 0x00, 0x00, 0x00, 0x00, 0x00, 0x00, 0x00, 0x00,
  0x00, 0x00, 0x00, 0x00, 0x00, 0x00, 0x00, 0x00, 0x00, 0x00, 0x00, 0x00, 0x00, 0x00, 0x00, 0x00,
  0x00, 0x00, 0x00, 0x00, 0x00, 0x00, 0x00, 0x00, 0x00, 0x00, 0x00, 0x00, 0x00, 0x00, 0x00, 0x00,
  0x00, 0x00, 0x00, 0x00, 0x00, 0x00, 0x00, 0x00, 0x00, 0x00, 0x00, 0x00, 0x00, 0x00, 0x00, 0x00,
  0x00, 0x00, 0x00, 0x00, 0x00, 0x00, 0x00, 0x00, 0x00, 0x00, 0x00, 0x00, 0x00, 0x00, 0x00, 0x00,
  0x00, 0x00, 0x00, 0x00, 0x00, 0x00, 0x00, 0x00, 0x00, 0x00, 0x00, 0x00, 0x00, 0x00, 0x00, 0x00,
  0x00, 0x00, 0x00, 0x00, 0x00, 0x00, 0x00, 0x00, 0x00, 0x00, 0x00, 0x00, 0x00, 0x00, 0x00, 0x00,
  0x00, 0x00, 0x00, 0x00, 0x00, 0x00, 0x00, 0x00, 0x00, 0x00, 0x00, 0x00, 0x00, 0x00, 0x00, 0x00,
  0x00, 0x00, 0x00, 0x00, 0x00, 0x00, 0x00, 0x00, 0x00, 0x00, 0x00, 0x00, 0x00, 0x00, 0x00, 0x00,
  0x00, 0x00, 0x00, 0x00, 0x00, 0x00, 0x00, 0x00, 0x00, 0x00, 0x00, 0x00, 0x00, 0x00, 0x00, 0x00,
  0x00, 0x00, 0x00, 0x00, 0x00, 0x00, 0x00, 0x00, 0x00, 0x00, 0x00, 0x00, 0x00, 0x00, 0x00, 0x00,
  0x00, 0x00, 0x00, 0x00, 0x00, 0x00, 0x00, 0x00, 0x00, 0x00, 0x00, 0x00, 0x00, 0x00, 0x00, 0x00,
  0x00, 0x00, 0x00, 0x00, 0x00, 0x00, 0x00, 0x00, 0x00, 0x00, 0x00, 0x00, 0x00, 0x00, 0x00, 0x00,
  0x00, 0x00, 0x00, 0x00, 0x00, 0x00, 0x00, 0x00, 0x00, 0x00, 0x00, 0x00, 0x00, 0x00, 0x00, 0x00,
  0x00, 0x00, 0x00, 0x00, 0x00, 0x00, 0x00, 0x00, 0x00, 0x00, 0x00, 0x00, 0x00, 0x00, 0x00, 0x00,
  0x00, 0x00, 0x00, 0x00, 0x00, 0x00, 0x00, 0x00, 0x00, 0x00, 0x00, 0x00, 0x00, 0x00, 0x00, 0x00,
  0x00, 0x00, 0x00, 0x00, 0x00, 0x00, 0x00, 0x00, 0x00, 0x00, 0x00, 0x00, 0x00, 0x00, 0x00, 0x00,
  0x00, 0x00, 0x00, 0x00, 0x00, 0x00, 0x00, 0x00, 0x00, 0x00, 0x00, 0x00, 0x00, 0x00, 0x00, 0x00,
  0x00, 0x00, 0x00, 0x00, 0x00, 0x00, 0x00, 0x00, 0x00, 0x00, 0x00, 0x00, 0x00, 0x00, 0x00, 0x00,
  0x00, 0x00, 0x00, 0x00, 0x00, 0x00, 0x00, 0x00, 0x00, 0x00, 0x00, 0x00, 0x00, 0x00, 0x00, 0x00,
  0x00, 0x00, 0x00, 0x00, 0x00, 0x00, 0x00, 0x00, 0x00, 0x00, 0x00, 0x00, 0x00, 0x00, 0x00, 0x00,
  0x00, 0x00, 0x00, 0x00, 0x00, 0x00, 0x00, 0x00, 0x00, 0x00, 0x00, 0x00, 0x00, 0x00, 0x00, 0x00,
  0x00, 0x00, 0x00, 0x00, 0x00, 0x00, 0x00, 0x00, 0x00, 0x00, 0x00, 0x00, 0x00, 0x00, 0x00, 0x00,
  0x00, 0x00, 0x00, 0x00, 0x00, 0x00, 0x00, 0x00, 0x00, 0x00, 0x00, 0x00, 0x00, 0x00, 0x00, 0x00,
  0x00, 0x00, 0x00, 0x00, 0x00, 0x00, 0x00, 0x00, 0x00, 0x00, 0x00, 0x00, 0x00, 0x00, 0x00, 0x00,
  0x00, 0x00, 0x00, 0x00, 0x00, 0x00, 0x00, 0x00, 0x00, 0x00, 0x00, 0x00, 0x00, 0x00, 0x00, 0x00,
  0x00, 0x00, 0x00, 0x00, 0x00, 0x00, 0x00, 0x00, 0x00, 0x00, 0x00, 0x00, 0x00, 0x00, 0x00, 0x00,
  0x00, 0x00, 0x00, 0x00, 0x00, 0x00, 0x00, 0x00, 0x00, 0x00, 0x00, 0x00, 0x00, 0x00, 0x00, 0x00,
  0x00, 0x00, 0x00, 0x00, 0x00, 0x00, 0x00, 0x00, 0x00, 0x00, 0x00, 0x00, 0x00, 0x00, 0x00, 0x00,
  0x00, 0x00, 0x00, 0x00, 0x00, 0x00, 0x00, 0x00, 0x00, 0x00, 0x00, 0x00, 0x00, 0x00, 0x00, 0x00,
  0x00, 0x00, 0x00, 0x00, 0x00, 0x00, 0x00, 0x00, 0x00, 0x00, 0x00, 0x00, 0x00, 0x00, 0x00, 0x00,
  0x00, 0x00, 0x00, 0x00, 0x00, 0x00, 0x00, 0x00, 0x00, 0x00, 0x00, 0x00, 0x00, 0x00, 0x00, 0x00,
  0x00, 0x00, 0x00, 0x00, 0x00, 0x00, 0x00, 0x00, 0x00, 0x00, 0x00, 0x00, 0x00, 0x00, 0x00, 0x00,
  0x00, 0x00, 0x00, 0x00, 0x00, 0x00, 0x00, 0x00, 0x00, 0x00, 0x00, 0x00, 0x00, 0x00, 0x00, 0x00,
  0x00, 0x00, 0x00, 0x00, 0x00, 0x00, 0x00, 0x00, 0x00, 0x00, 0x00, 0x00, 0x00, 0x00, 0x00, 0x00,
  0x00, 0x00, 0x00, 0x00, 0x00, 0x00, 0x00, 0x00, 0x00, 0x00, 0x00, 0x00, 0x00, 0x00, 0x00, 0x00,
  0x00, 0x00, 0x00, 0x00, 0x00, 0x00, 0x00, 0x00, 0x00, 0x00, 0x00, 0x00, 0x00, 0x00, 0x00, 0x00,
  0x00, 0x00, 0x00, 0x00, 0x00, 0x00, 0x00, 0x00, 0x00, 0x00, 0x00, 0x00, 0x00, 0x00, 0x00, 0x00,
  0x00, 0x00, 0x00, 0x00, 0x00, 0x00, 0x00, 0x00, 0x00, 0x00, 0x00, 0x00, 0x00, 0x00, 0x00, 0x00,
  0x00, 0x00, 0x00, 0x00, 0x00, 0x00, 0x00, 0x00, 0x00, 0x00, 0x00, 0x00, 0x00, 0x00, 0x00, 0x00,
  0x00, 0x00, 0x00, 0x00, 0x00, 0x00, 0x00, 0x00, 0x00, 0x00, 0x00, 0x00, 0x00, 0x00, 0x00, 0x00,
  0x00, 0x00, 0x00, 0x00, 0x00, 0x00, 0x00, 0x00, 0x00, 0x00, 0x00, 0x00, 0x00, 0x00, 0x00, 0x00,
  0x00, 0x00, 0x00, 0x00, 0x00, 0x00, 0x00, 0x00, 0x00, 0x00, 0x00, 0x00, 0x00, 0x00, 0x00, 0x00,
  0x00, 0x00, 0x00, 0x00, 0x00, 0x00, 0x00, 0x00, 0x00, 0x00, 0x00, 0x00, 0x00, 0x00, 0x00, 0x00,
  0x00, 0x00, 0x00, 0x00, 0x00, 0x00, 0x00, 0x00, 0x00, 0x00, 0x00, 0x00, 0x00, 0x00, 0x00, 0x00,
  0x00, 0x00, 0x00, 0x00, 0x00, 0x00, 0x00, 0x00, 0x00, 0x00, 0x00, 0x00, 0x00, 0x00, 0x00, 0x00,
  0x00, 0x00, 0x00, 0x00, 0x00, 0x00, 0x00, 0x00, 0x00, 0x00, 0x00, 0x00, 0x00, 0x00, 0x00, 0x00,
  0x00, 0x00, 0x00, 0x00, 0x00, 0x00, 0x00, 0x00, 0x00, 0x00, 0x00, 0x00, 0x00, 0x00, 0x00, 0x00,
  0x00, 0x00, 0x00, 0x00, 0x00, 0x00, 0x00, 0x00, 0x00, 0x00, 0x00, 0x00, 0x00, 0x00, 0x00, 0x00,
  0x00, 0x00, 0x00, 0x00, 0x00, 0x00, 0x00, 0x00, 0x00, 0x00, 0x00, 0x00, 0x00, 0x00, 0x00, 0x00,
  0x00, 0x00, 0x00, 0x00, 0x00, 0x00, 0x00, 0x00, 0x00, 0x00, 0x00, 0x00, 0x00, 0x00, 0x00, 0x00,
  0x00, 0x00, 0x00, 0x00, 0x00, 0x00, 0x00, 0x00, 0x00, 0x00, 0x00, 0x00, 0x00, 0x00, 0x00, 0x00,
  0x00, 0x00, 0x00, 0x00, 0x00, 0x00, 0x00, 0x00, 0x00, 0x00, 0x00, 0x00, 0x00, 0x00, 0x00, 0x00,
  0x00, 0x00, 0x00, 0x00, 0x00, 0x00, 0x00, 0x00, 0x00, 0x00, 0x00, 0x00, 0x00, 0x00, 0x00, 0x00,
  0x00, 0x00, 0x00, 0x00, 0x00, 0x00, 0x00, 0x00, 0x00, 0x00, 0x00, 0x00, 0x00, 0x00, 0x00, 0x00,
  0x00, 0x00, 0x00, 0x00, 0x00, 0x00, 0x00, 0x00, 0x00, 0x00, 0x00, 0x00, 0x00, 0x00, 0x00, 0x00,
  0x00, 0x00, 0x00, 0x00, 0x00, 0x00, 0x00, 0x00, 0x00, 0x00, 0x00, 0x00, 0x00, 0x00, 0x00, 0x00,
  0x00, 0x00, 0x00, 0x00, 0x00, 0x00, 0x00, 0x00, 0x00, 0x00, 0x00, 0x00, 0x00, 0x00, 0x00, 0x00,
  0x00, 0x00, 0x00, 0x00, 0x00, 0x00, 0x00, 0x00, 0x00, 0x00, 0x00, 0x00, 0x02, 0x54, 0x6c, 0x63,
  0x6d, 0x73, 0x04, 0x30, 0x00, 0x00, 0x6d, 0x6e, 0x74, 0x72, 0x52, 0x47, 0x42, 0x20, 0x58, 0x59,
  0x5a, 0x20, 0x07, 0xea, 0x00, 0x09, 0x00, 0x10, 0x00, 0x0a, 0x00, 0x30, 0x00, 0x3b, 0x61, 0x63,
  0x73, 0x70, 0x4d, 0x53, 0x46, 0x54, 0x00, 0x00, 0x00, 0x00, 0x00, 0x00, 0x00, 0x00, 0x00, 0x00,
  0x00, 0x00, 0x00, 0x00, 0x00, 0x00, 0x00, 0x00, 0x00, 0x00, 0x00, 0x00, 0x00, 0x00, 0x00, 0x00,
  0xf6, 0xd6, 0x00, 0x01, 0x00, 0x00, 0x00, 0x00, 0xd3, 0x2d, 0x6c, 0x63, 0x6d, 0x73, 0x00, 0x00,
  0x00, 0x00, 0x00, 0x00, 0x00, 0x00, 0x00, 0x00, 0x00, 0x00, 0x00, 0x00, 0x00, 0x00, 0x00, 0x00,
  0x00, 0x00, 0x00, 0x00, 0x00, 0x00, 0x00, 0x00, 0x00, 0x00, 0x00, 0x00, 0x00, 0x00, 0x00, 0x00,
  0x00, 0x00, 0x00, 0x00, 0x00, 0x00, 0x00, 0x00, 0x00, 0x00, 0x00, 0x00, 0x00, 0x0b, 0x64, 0x65,
  0x73, 0x63, 0x00, 0x00, 0x01, 0x08, 0x00, 0x00, 0x00, 0x3e, 0x63, 0x70, 0x72, 0x74, 0x00, 0x00,
  0x01, 0x48, 0x00, 0x00, 0x00, 0x4c, 0x77, 0x74, 0x70, 0x74, 0x00, 0x00, 0x01, 0x94, 0x00, 0x00,
  0x00, 0x14, 0x63, 0x68, 0x61, 0x64, 0x00, 0x00, 0x01, 0xa8, 0x00, 0x00, 0x00, 0x2c, 0x72, 0x58,
  0x59, 0x5a, 0x00, 0x00, 0x01, 0xd4, 0x00, 0x00, 0x00, 0x14, 0x62, 0x58, 0x59, 0x5a, 0x00, 0x00,
  0x01, 0xe8, 0x00, 0x00, 0x00, 0x14, 0x67, 0x58, 0x59, 0x5a, 0x00, 0x00, 0x01, 0xfc, 0x00, 0x00,
  0x00, 0x14, 0x72, 0x54, 0x52, 0x43, 0x00, 0x00, 0x02, 0x10, 0x00, 0x00, 0x00, 0x20, 0x67, 0x54,
  0x52, 0x43, 0x00, 0x00, 0x02, 0x10, 0x00, 0x00, 0x00, 0x20, 0x62, 0x54, 0x52, 0x43, 0x00, 0x00,
  0x02, 0x10, 0x00, 0x00, 0x00, 0x20, 0x63, 0x68, 0x72, 0x6d, 0x00, 0x00, 0x02, 0x30, 0x00, 0x00,
  0x00, 0x24, 0x6d, 0x6c, 0x75, 0x63, 0x00, 0x00, 0x00, 0x00, 0x00, 0x00, 0x00, 0x01, 0x00, 0x00,
  0x00, 0x0c, 0x65, 0x6e, 0x55, 0x53, 0x00, 0x00, 0x00, 0x22, 0x00, 0x00, 0x00, 0x1c, 0x00, 0x73,
  0x00, 0x52, 0x00, 0x47, 0x00, 0x42, 0x00, 0x20, 0x00, 0x49, 0x00, 0x45, 0x00, 0x43, 0x00, 0x36,
  0x00, 0x31, 0x00, 0x39, 0x00, 0x36, 0x00, 0x36, 0x00, 0x2d, 0x00, 0x32, 0x00, 0x2e, 0x00, 0x31,
  0x00, 0x00, 0x6d, 0x6c, 0x75, 0x63, 0x00, 0x00, 0x00, 0x00, 0x00, 0x00, 0x00, 0x01, 0x00, 0x00,
  0x00, 0x0c, 0x65, 0x6e, 0x55, 0x53, 0x00, 0x00, 0x00, 0x30, 0x00, 0x00, 0x00, 0x1c, 0x00, 0x4e,
  0x00, 0x6f, 0x00, 0x20, 0x00, 0x63, 0x00, 0x6f, 0x00, 0x70, 0x00, 0x79, 0x00, 0x72, 0x00, 0x69,
  0x00, 0x67, 0x00, 0x68, 0x00, 0x74, 0x00, 0x2c, 0x00, 0x20, 0x00, 0x75, 0x00, 0x73, 0x00, 0x65,
  0x00, 0x20, 0x00, 0x66, 0x00, 0x72, 0x00, 0x65, 0x00, 0x65, 0x00, 0x6c, 0x00, 0x79, 0x58, 0x59,
  0x5a, 0x20, 0x00, 0x00, 0x00, 0x00, 0x00, 0x00, 0xf6, 0xd6, 0x00, 0x01, 0x00, 0x00, 0x00, 0x00,
  0xd3, 0x2d, 0x73, 0x66, 0x33, 0x32, 0x00, 0x00, 0x00, 0x00, 0x00, 0x01, 0x0c, 0x42, 0x00, 0x00,
  0x05, 0xde, 0xff, 0xff, 0xf3, 0x25, 0x00, 0x00, 0x07, 0x93, 0x00, 0x00, 0xfd, 0x90, 0xff, 0xff,
  0xfb, 0xa1, 0xff, 0xff, 0xfd, 0xa2, 0x00, 0x00, 0x03, 0xdc, 0x00, 0x00, 0xc0, 0x6e, 0x58, 0x59,
  0x5a, 0x20, 0x00, 0x00, 0x00, 0x00, 0x00, 0x00, 0x6f, 0xa0, 0x00, 0x00, 0x38, 0xf5, 0x00, 0x00,
  0x03, 0x90, 0x58, 0x59, 0x5a, 0x20, 0x00, 0x00, 0x00, 0x00, 0x00, 0x00, 0x24, 0x9f, 0x00, 0x00,
  0x0f, 0x84, 0x00, 0x00, 0xb6, 0xc3, 0x58, 0x59, 0x5a, 0x20, 0x00, 0x00, 0x00, 0x00, 0x00, 0x00,
  0x62, 0x97, 0x00, 0x00, 0xb7, 0x87, 0x00, 0x00, 0x18, 0xd9, 0x70, 0x61, 0x72, 0x61, 0x00, 0x00,
  0x00, 0x00, 0x00, 0x03, 0x00, 0x00, 0x00, 0x02, 0x66, 0x66, 0x00, 0x00, 0xf2, 0xa7, 0x00, 0x00,
  0x0d, 0x59, 0x00, 0x00, 0x13, 0xd0, 0x00, 0x00, 0x0a, 0x5b, 0x63, 0x68, 0x72, 0x6d, 0x00, 0x00,
  0x00, 0x00, 0x00, 0x03, 0x00, 0x00, 0x00, 0x00, 0xa3, 0xd7, 0x00, 0x00, 0x54, 0x7b, 0x00, 0x00,
  0x4c, 0xcd, 0x00, 0x00, 0x99, 0x9a, 0x00, 0x00, 0x26, 0x66, 0x00, 0x00, 0x0f, 0x5c
};

#endif //POLANIE_ICONS_H
